{"type": "FeatureCollection", "name": "HIDRANTES", "crs": {"type": "name", "properties": {"name": "urn:ogc:def:crs:OGC:1.3:CRS84"}}, "features": [{"type": "Feature", "properties": {"OBJECTID": 1, "DETALLE": 3.0, "SECTOR": 2103.0, "ZONA": 2.0, "Empresa": "Agricola", "existentes": ""}, "geometry": {"type": "Point", "coordinates": [-76.2640168, 3.3509188]}}, {"type": "Feature", "properties": {"OBJECTID": 2, "DETALLE": 3.0, "SECTOR": 2103.0, "ZONA": 2.0, "Empresa": "Agricola", "existentes": ""}, "geometry": {"type": "Point", "coordinates": [-76.2626967, 3.3504366]}}, {"type": "Feature", "properties": {"OBJECTID": 3, "DETALLE": 3.0, "SECTOR": 2103.0, "ZONA": 0.0, "Empresa": "Agricola", "existentes": ""}, "geometry": {"type": "Point", "coordinates": [-76.2607975, 3.3497466]}}, {"type": "Feature", "properties": {"OBJECTID": 4, "DETALLE": 3.0, "SECTOR": 2103.0, "ZONA": 2.0, "Empresa": "Agricola", "existentes": ""}, "geometry": {"type": "Point", "coordinates": [-76.2612221, 3.3547266]}}, {"type": "Feature", "properties": {"OBJECTID": 5, "DETALLE": 3.0, "SECTOR": 2103.0, "ZONA": 2.0, "Empresa": "Agricola", "existentes": ""}, "geometry": {"type": "Point", "coordinates": [-76.2575276, 3.3534365]}}, {"type": "Feature", "properties": {"OBJECTID": 6, "DETALLE": 3.0, "SECTOR": 2103.0, "ZONA": 2.0, "Empresa": "Agricola", "existentes": ""}, "geometry": {"type": "Point", "coordinates": [-76.2595747, 3.3545598]}}, {"type": "Feature", "properties": {"OBJECTID": 7, "DETALLE": 3.0, "SECTOR": 2103.0, "ZONA": 2.0, "Empresa": "Agricola", "existentes": ""}, "geometry": {"type": "Point", "coordinates": [-76.2575715, 3.3538627]}}, {"type": "Feature", "properties": {"OBJECTID": 8, "DETALLE": 3.0, "SECTOR": 2103.0, "ZONA": 2.0, "Empresa": "Agricola", "existentes": ""}, "geometry": {"type": "Point", "coordinates": [-76.2614926, 3.3552921]}}, {"type": "Feature", "properties": {"OBJECTID": 9, "DETALLE": 3.0, "SECTOR": 2103.0, "ZONA": 2.0, "Empresa": "Agricola", "existentes": ""}, "geometry": {"type": "Point", "coordinates": [-76.2631568, 3.3559319]}}, {"type": "Feature", "properties": {"OBJECTID": 10, "DETALLE": 3.0, "SECTOR": 2103.0, "ZONA": 2.0, "Empresa": "Agricola", "existentes": ""}, "geometry": {"type": "Point", "coordinates": [-76.2625892, 3.353708]}}, {"type": "Feature", "properties": {"OBJECTID": 11, "DETALLE": 3.0, "SECTOR": 2103.0, "ZONA": 2.0, "Empresa": "Agricola", "existentes": ""}, "geometry": {"type": "Point", "coordinates": [-76.2595636, 3.3569304]}}, {"type": "Feature", "properties": {"OBJECTID": 12, "DETALLE": 3.0, "SECTOR": 2103.0, "ZONA": 2.0, "Empresa": "Agricola", "existentes": ""}, "geometry": {"type": "Point", "coordinates": [-76.2579966, 3.3577985]}}, {"type": "Feature", "properties": {"OBJECTID": 13, "DETALLE": 3.0, "SECTOR": 2103.0, "ZONA": 2.0, "Empresa": "Agricola", "existentes": ""}, "geometry": {"type": "Point", "coordinates": [-76.2632109, 3.3608126]}}, {"type": "Feature", "properties": {"OBJECTID": 14, "DETALLE": 3.0, "SECTOR": 2103.0, "ZONA": 2.0, "Empresa": "Agricola", "existentes": ""}, "geometry": {"type": "Point", "coordinates": [-76.265198, 3.3615539]}}, {"type": "Feature", "properties": {"OBJECTID": 15, "DETALLE": 3.0, "SECTOR": 2103.0, "ZONA": 2.0, "Empresa": "Agricola", "existentes": ""}, "geometry": {"type": "Point", "coordinates": [-76.2671141, 3.3622891]}}, {"type": "Feature", "properties": {"OBJECTID": 16, "DETALLE": 3.0, "SECTOR": 2103.0, "ZONA": 2.0, "Empresa": "Agricola", "existentes": ""}, "geometry": {"type": "Point", "coordinates": [-76.2692794, 3.3631318]}}, {"type": "Feature", "properties": {"OBJECTID": 17, "DETALLE": 3.0, "SECTOR": 2103.0, "ZONA": 2.0, "Empresa": "Agricola", "existentes": ""}, "geometry": {"type": "Point", "coordinates": [-76.2712222, 3.3638356]}}, {"type": "Feature", "properties": {"OBJECTID": 18, "DETALLE": 3.0, "SECTOR": 2103.0, "ZONA": 2.0, "Empresa": "Agricola", "existentes": ""}, "geometry": {"type": "Point", "coordinates": [-76.2733435, 3.3646336]}}, {"type": "Feature", "properties": {"OBJECTID": 19, "DETALLE": 3.0, "SECTOR": 2103.0, "ZONA": 2.0, "Empresa": "Agricola", "existentes": ""}, "geometry": {"type": "Point", "coordinates": [-76.2757837, 3.3655348]}}, {"type": "Feature", "properties": {"OBJECTID": 20, "DETALLE": 3.0, "SECTOR": 2103.0, "ZONA": 0.0, "Empresa": "riocas", "existentes": ""}, "geometry": {"type": "Point", "coordinates": [-76.2796964, 3.3669827]}}, {"type": "Feature", "properties": {"OBJECTID": 21, "DETALLE": 3.0, "SECTOR": 2136.0, "ZONA": 2.0, "Empresa": "Agricola", "existentes": ""}, "geometry": {"type": "Point", "coordinates": [-76.2725018, 3.3566159]}}, {"type": "Feature", "properties": {"OBJECTID": 22, "DETALLE": 3.0, "SECTOR": 2136.0, "ZONA": 2.0, "Empresa": "Agricola", "existentes": ""}, "geometry": {"type": "Point", "coordinates": [-76.2744974, 3.3568967]}}, {"type": "Feature", "properties": {"OBJECTID": 23, "DETALLE": 3.0, "SECTOR": 2136.0, "ZONA": 2.0, "Empresa": "Agricola", "existentes": ""}, "geometry": {"type": "Point", "coordinates": [-76.2729773, 3.354582]}}, {"type": "Feature", "properties": {"OBJECTID": 24, "DETALLE": 3.0, "SECTOR": 2136.0, "ZONA": 2.0, "Empresa": "Agricola", "existentes": ""}, "geometry": {"type": "Point", "coordinates": [-76.2749084, 3.3550068]}}, {"type": "Feature", "properties": {"OBJECTID": 25, "DETALLE": 3.0, "SECTOR": 0.0, "ZONA": 2.0, "Empresa": "Agricola", "existentes": ""}, "geometry": {"type": "Point", "coordinates": [-76.2776957, 3.3557168]}}, {"type": "Feature", "properties": {"OBJECTID": 26, "DETALLE": 3.0, "SECTOR": 0.0, "ZONA": 2.0, "Empresa": "Agricola", "existentes": ""}, "geometry": {"type": "Point", "coordinates": [-76.2800764, 3.3563567]}}, {"type": "Feature", "properties": {"OBJECTID": 27, "DETALLE": 3.0, "SECTOR": 0.0, "ZONA": 2.0, "Empresa": "Agricola", "existentes": ""}, "geometry": {"type": "Point", "coordinates": [-76.2826581, 3.3570386]}}, {"type": "Feature", "properties": {"OBJECTID": 28, "DETALLE": 3.0, "SECTOR": 0.0, "ZONA": 2.0, "Empresa": "riocas", "existentes": ""}, "geometry": {"type": "Point", "coordinates": [-76.2852434, 3.3577497]}}, {"type": "Feature", "properties": {"OBJECTID": 29, "DETALLE": 3.0, "SECTOR": 0.0, "ZONA": 2.0, "Empresa": "riocas", "existentes": ""}, "geometry": {"type": "Point", "coordinates": [-76.2876738, 3.3584245]}}, {"type": "Feature", "properties": {"OBJECTID": 30, "DETALLE": 0.0, "SECTOR": 0.0, "ZONA": 2.0, "Empresa": "Agricola", "existentes": ""}, "geometry": {"type": "Point", "coordinates": [-76.2892012, 3.3557394]}}, {"type": "Feature", "properties": {"OBJECTID": 31, "DETALLE": 0.0, "SECTOR": 0.0, "ZONA": 2.0, "Empresa": "riocas", "existentes": ""}, "geometry": {"type": "Point", "coordinates": [-76.2911332, 3.3565038]}}, {"type": "Feature", "properties": {"OBJECTID": 32, "DETALLE": 3.0, "SECTOR": 2103.0, "ZONA": 2.0, "Empresa": "Agricola", "existentes": ""}, "geometry": {"type": "Point", "coordinates": [-76.2676169, 3.3646412]}}, {"type": "Feature", "properties": {"OBJECTID": 33, "DETALLE": 3.0, "SECTOR": 2103.0, "ZONA": 2.0, "Empresa": "Agricola", "existentes": ""}, "geometry": {"type": "Point", "coordinates": [-76.2745334, 3.3677059]}}, {"type": "Feature", "properties": {"OBJECTID": 34, "DETALLE": 3.0, "SECTOR": 2103.0, "ZONA": 2.0, "Empresa": "Agricola", "existentes": ""}, "geometry": {"type": "Point", "coordinates": [-76.2734986, 3.3697072]}}, {"type": "Feature", "properties": {"OBJECTID": 35, "DETALLE": 3.0, "SECTOR": 2506.0, "ZONA": 2.0, "Empresa": "Agricola", "existentes": ""}, "geometry": {"type": "Point", "coordinates": [-76.2714461, 3.3760506]}}, {"type": "Feature", "properties": {"OBJECTID": 36, "DETALLE": 3.0, "SECTOR": 2506.0, "ZONA": 2.0, "Empresa": "Agricola", "existentes": ""}, "geometry": {"type": "Point", "coordinates": [-76.2735116, 3.3771219]}}, {"type": "Feature", "properties": {"OBJECTID": 37, "DETALLE": 3.0, "SECTOR": 2506.0, "ZONA": 2.0, "Empresa": "Agricola", "existentes": ""}, "geometry": {"type": "Point", "coordinates": [-76.275686, 3.378296]}}, {"type": "Feature", "properties": {"OBJECTID": 38, "DETALLE": 3.0, "SECTOR": 2506.0, "ZONA": 2.0, "Empresa": "Agricola", "existentes": ""}, "geometry": {"type": "Point", "coordinates": [-76.2785612, 3.3751897]}}, {"type": "Feature", "properties": {"OBJECTID": 39, "DETALLE": 3.0, "SECTOR": 2506.0, "ZONA": 2.0, "Empresa": "Agricola", "existentes": ""}, "geometry": {"type": "Point", "coordinates": [-76.2803615, 3.3758752]}}, {"type": "Feature", "properties": {"OBJECTID": 40, "DETALLE": 3.0, "SECTOR": 2506.0, "ZONA": 2.0, "Empresa": "Agricola", "existentes": ""}, "geometry": {"type": "Point", "coordinates": [-76.2824527, 3.3766414]}}, {"type": "Feature", "properties": {"OBJECTID": 41, "DETALLE": 3.0, "SECTOR": 2506.0, "ZONA": 2.0, "Empresa": "Agricola", "existentes": ""}, "geometry": {"type": "Point", "coordinates": [-76.2846219, 3.3774506]}}, {"type": "Feature", "properties": {"OBJECTID": 42, "DETALLE": 3.0, "SECTOR": 2506.0, "ZONA": 2.0, "Empresa": "Agricola", "existentes": ""}, "geometry": {"type": "Point", "coordinates": [-76.2867849, 3.3782575]}}, {"type": "Feature", "properties": {"OBJECTID": 43, "DETALLE": 3.0, "SECTOR": 2506.0, "ZONA": 2.0, "Empresa": "Agricola", "existentes": ""}, "geometry": {"type": "Point", "coordinates": [-76.2886622, 3.3789476]}}, {"type": "Feature", "properties": {"OBJECTID": 44, "DETALLE": 3.0, "SECTOR": 2506.0, "ZONA": 2.0, "Empresa": "Agricola", "existentes": ""}, "geometry": {"type": "Point", "coordinates": [-76.2904053, 3.3796062]}}, {"type": "Feature", "properties": {"OBJECTID": 45, "DETALLE": 3.0, "SECTOR": 2506.0, "ZONA": 2.0, "Empresa": "Agricola", "existentes": ""}, "geometry": {"type": "Point", "coordinates": [-76.2921061, 3.3802425]}}, {"type": "Feature", "properties": {"OBJECTID": 46, "DETALLE": 3.0, "SECTOR": 2506.0, "ZONA": 2.0, "Empresa": "Agricola", "existentes": ""}, "geometry": {"type": "Point", "coordinates": [-76.2938915, 3.3809234]}}, {"type": "Feature", "properties": {"OBJECTID": 47, "DETALLE": 3.0, "SECTOR": 0.0, "ZONA": 2.0, "Empresa": "riocas", "existentes": ""}, "geometry": {"type": "Point", "coordinates": [-76.2930144, 3.3720842]}}, {"type": "Feature", "properties": {"OBJECTID": 48, "DETALLE": 3.0, "SECTOR": 0.0, "ZONA": 2.0, "Empresa": "riocas", "existentes": ""}, "geometry": {"type": "Point", "coordinates": [-76.2947871, 3.3727782]}}, {"type": "Feature", "properties": {"OBJECTID": 49, "DETALLE": 3.0, "SECTOR": 2105.0, "ZONA": 2.0, "Empresa": "Agricola", "existentes": ""}, "geometry": {"type": "Point", "coordinates": [-76.2965155, 3.3735255]}}, {"type": "Feature", "properties": {"OBJECTID": 50, "DETALLE": 2.0, "SECTOR": 2105.0, "ZONA": 2.0, "Empresa": "Agricola", "existentes": ""}, "geometry": {"type": "Point", "coordinates": [-76.2988803, 3.3744318]}}, {"type": "Feature", "properties": {"OBJECTID": 51, "DETALLE": 2.0, "SECTOR": 2105.0, "ZONA": 2.0, "Empresa": "Agricola", "existentes": ""}, "geometry": {"type": "Point", "coordinates": [-76.3011902, 3.3753081]}}, {"type": "Feature", "properties": {"OBJECTID": 52, "DETALLE": 2.0, "SECTOR": 2105.0, "ZONA": 2.0, "Empresa": "Agricola", "existentes": ""}, "geometry": {"type": "Point", "coordinates": [-76.3038017, 3.3762989]}}, {"type": "Feature", "properties": {"OBJECTID": 53, "DETALLE": 2.0, "SECTOR": 2105.0, "ZONA": 2.0, "Empresa": "Agricola", "existentes": ""}, "geometry": {"type": "Point", "coordinates": [-76.3060994, 3.3771707]}}, {"type": "Feature", "properties": {"OBJECTID": 54, "DETALLE": 2.0, "SECTOR": 2105.0, "ZONA": 2.0, "Empresa": "Agricola", "existentes": ""}, "geometry": {"type": "Point", "coordinates": [-76.3082775, 3.3779952]}}, {"type": "Feature", "properties": {"OBJECTID": 55, "DETALLE": 2.0, "SECTOR": 2105.0, "ZONA": 2.0, "Empresa": "Agricola", "existentes": ""}, "geometry": {"type": "Point", "coordinates": [-76.3104579, 3.3788242]}}, {"type": "Feature", "properties": {"OBJECTID": 56, "DETALLE": 2.0, "SECTOR": 2105.0, "ZONA": 2.0, "Empresa": "Agricola", "existentes": ""}, "geometry": {"type": "Point", "coordinates": [-76.3127271, 3.3796852]}}, {"type": "Feature", "properties": {"OBJECTID": 57, "DETALLE": 2.0, "SECTOR": 2105.0, "ZONA": 2.0, "Empresa": "Agricola", "existentes": ""}, "geometry": {"type": "Point", "coordinates": [-76.3148859, 3.380509]}}, {"type": "Feature", "properties": {"OBJECTID": 59, "DETALLE": 3.0, "SECTOR": 0.0, "ZONA": 2.0, "Empresa": "Agricola", "existentes": ""}, "geometry": {"type": "Point", "coordinates": [-76.2953681, 3.385363]}}, {"type": "Feature", "properties": {"OBJECTID": 60, "DETALLE": 3.0, "SECTOR": 2105.0, "ZONA": 2.0, "Empresa": "Agricola", "existentes": ""}, "geometry": {"type": "Point", "coordinates": [-76.2976818, 3.386243]}}, {"type": "Feature", "properties": {"OBJECTID": 61, "DETALLE": 3.0, "SECTOR": 2105.0, "ZONA": 2.0, "Empresa": "Agricola", "existentes": ""}, "geometry": {"type": "Point", "coordinates": [-76.3000555, 3.3871597]}}, {"type": "Feature", "properties": {"OBJECTID": 62, "DETALLE": 2.0, "SECTOR": 2105.0, "ZONA": 2.0, "Empresa": "Agricola", "existentes": ""}, "geometry": {"type": "Point", "coordinates": [-76.2942728, 3.3958827]}}, {"type": "Feature", "properties": {"OBJECTID": 63, "DETALLE": 2.0, "SECTOR": 2105.0, "ZONA": 2.0, "Empresa": "Agricola", "existentes": ""}, "geometry": {"type": "Point", "coordinates": [-76.2915295, 3.3948417]}}, {"type": "Feature", "properties": {"OBJECTID": 64, "DETALLE": 2.0, "SECTOR": 2105.0, "ZONA": 2.0, "Empresa": "Agricola", "existentes": ""}, "geometry": {"type": "Point", "coordinates": [-76.296608, 3.3967888]}}, {"type": "Feature", "properties": {"OBJECTID": 65, "DETALLE": 2.0, "SECTOR": 2105.0, "ZONA": 2.0, "Empresa": "Agricola", "existentes": ""}, "geometry": {"type": "Point", "coordinates": [-76.2988829, 3.3976643]}}, {"type": "Feature", "properties": {"OBJECTID": 66, "DETALLE": 2.0, "SECTOR": 2105.0, "ZONA": 2.0, "Empresa": "Agricola", "existentes": ""}, "geometry": {"type": "Point", "coordinates": [-76.301269, 3.3985826]}}, {"type": "Feature", "properties": {"OBJECTID": 67, "DETALLE": 3.0, "SECTOR": 2104.0, "ZONA": 1.0, "Empresa": "Agricola", "existentes": ""}, "geometry": {"type": "Point", "coordinates": [-76.2732847, 3.3852692]}}, {"type": "Feature", "properties": {"OBJECTID": 68, "DETALLE": 3.0, "SECTOR": 2104.0, "ZONA": 1.0, "Empresa": "Agricola", "existentes": ""}, "geometry": {"type": "Point", "coordinates": [-76.2756373, 3.3860352]}}, {"type": "Feature", "properties": {"OBJECTID": 69, "DETALLE": 3.0, "SECTOR": 2104.0, "ZONA": 1.0, "Empresa": "Agricola", "existentes": ""}, "geometry": {"type": "Point", "coordinates": [-76.2772029, 3.3866224]}}, {"type": "Feature", "properties": {"OBJECTID": 70, "DETALLE": 3.0, "SECTOR": 2104.0, "ZONA": 1.0, "Empresa": "Agricola", "existentes": ""}, "geometry": {"type": "Point", "coordinates": [-76.2793421, 3.3874265]}}, {"type": "Feature", "properties": {"OBJECTID": 71, "DETALLE": 3.0, "SECTOR": 2104.0, "ZONA": 1.0, "Empresa": "Agricola", "existentes": ""}, "geometry": {"type": "Point", "coordinates": [-76.2815141, 3.3882429]}}, {"type": "Feature", "properties": {"OBJECTID": 72, "DETALLE": 3.0, "SECTOR": 2104.0, "ZONA": 1.0, "Empresa": "Agricola", "existentes": ""}, "geometry": {"type": "Point", "coordinates": [-76.2836491, 3.3890442]}}, {"type": "Feature", "properties": {"OBJECTID": 73, "DETALLE": 3.0, "SECTOR": 2104.0, "ZONA": 1.0, "Empresa": "Agricola", "existentes": ""}, "geometry": {"type": "Point", "coordinates": [-76.2736997, 3.394955]}}, {"type": "Feature", "properties": {"OBJECTID": 74, "DETALLE": 3.0, "SECTOR": 2104.0, "ZONA": 1.0, "Empresa": "Agricola", "existentes": ""}, "geometry": {"type": "Point", "coordinates": [-76.271293, 3.394829]}}, {"type": "Feature", "properties": {"OBJECTID": 75, "DETALLE": 3.0, "SECTOR": 2104.0, "ZONA": 1.0, "Empresa": "Agricola", "existentes": ""}, "geometry": {"type": "Point", "coordinates": [-76.2696955, 3.3947435]}}, {"type": "Feature", "properties": {"OBJECTID": 76, "DETALLE": 3.0, "SECTOR": 2104.0, "ZONA": 1.0, "Empresa": "Agricola", "existentes": ""}, "geometry": {"type": "Point", "coordinates": [-76.2677992, 3.395106]}}, {"type": "Feature", "properties": {"OBJECTID": 77, "DETALLE": 3.0, "SECTOR": 2104.0, "ZONA": 1.0, "Empresa": "Agricola", "existentes": ""}, "geometry": {"type": "Point", "coordinates": [-76.2658341, 3.3954728]}}, {"type": "Feature", "properties": {"OBJECTID": 78, "DETALLE": 3.0, "SECTOR": 2104.0, "ZONA": 1.0, "Empresa": "Agricola", "existentes": ""}, "geometry": {"type": "Point", "coordinates": [-76.2633188, 3.3958918]}}, {"type": "Feature", "properties": {"OBJECTID": 79, "DETALLE": 3.0, "SECTOR": 2104.0, "ZONA": 1.0, "Empresa": "Agricola", "existentes": ""}, "geometry": {"type": "Point", "coordinates": [-76.2599184, 3.3971419]}}, {"type": "Feature", "properties": {"OBJECTID": 80, "DETALLE": 3.0, "SECTOR": 2107.0, "ZONA": 1.0, "Empresa": "Agricola", "existentes": ""}, "geometry": {"type": "Point", "coordinates": [-76.2577227, 3.3972506]}}, {"type": "Feature", "properties": {"OBJECTID": 81, "DETALLE": 3.0, "SECTOR": 2107.0, "ZONA": 1.0, "Empresa": "Agricola", "existentes": ""}, "geometry": {"type": "Point", "coordinates": [-76.2565003, 3.3950953]}}, {"type": "Feature", "properties": {"OBJECTID": 82, "DETALLE": 3.0, "SECTOR": 2104.0, "ZONA": 1.0, "Empresa": "Agricola", "existentes": ""}, "geometry": {"type": "Point", "coordinates": [-76.2585936, 3.401617]}}, {"type": "Feature", "properties": {"OBJECTID": 83, "DETALLE": 3.0, "SECTOR": 2104.0, "ZONA": 1.0, "Empresa": "Agricola", "existentes": ""}, "geometry": {"type": "Point", "coordinates": [-76.256407, 3.3997881]}}, {"type": "Feature", "properties": {"OBJECTID": 84, "DETALLE": 3.0, "SECTOR": 2104.0, "ZONA": 0.0, "Empresa": "Agricola", "existentes": ""}, "geometry": {"type": "Point", "coordinates": [-76.2519248, 3.3994272]}}, {"type": "Feature", "properties": {"OBJECTID": 85, "DETALLE": 3.0, "SECTOR": 2104.0, "ZONA": 1.0, "Empresa": "Agricola", "existentes": ""}, "geometry": {"type": "Point", "coordinates": [-76.2608646, 3.4020809]}}, {"type": "Feature", "properties": {"OBJECTID": 86, "DETALLE": 3.0, "SECTOR": 2104.0, "ZONA": 1.0, "Empresa": "Agricola", "existentes": ""}, "geometry": {"type": "Point", "coordinates": [-76.2641586, 3.4027537]}}, {"type": "Feature", "properties": {"OBJECTID": 87, "DETALLE": 3.0, "SECTOR": 2104.0, "ZONA": 1.0, "Empresa": "Agricola", "existentes": ""}, "geometry": {"type": "Point", "coordinates": [-76.2652273, 3.402972]}}, {"type": "Feature", "properties": {"OBJECTID": 88, "DETALLE": 3.0, "SECTOR": 2104.0, "ZONA": 1.0, "Empresa": "Agricola", "existentes": ""}, "geometry": {"type": "Point", "coordinates": [-76.2664128, 3.4032141]}}, {"type": "Feature", "properties": {"OBJECTID": 89, "DETALLE": 3.0, "SECTOR": 2104.0, "ZONA": 1.0, "Empresa": "Agricola", "existentes": ""}, "geometry": {"type": "Point", "coordinates": [-76.2680708, 3.4035527]}}, {"type": "Feature", "properties": {"OBJECTID": 90, "DETALLE": 3.0, "SECTOR": 2104.0, "ZONA": 1.0, "Empresa": "Agricola", "existentes": ""}, "geometry": {"type": "Point", "coordinates": [-76.2699028, 3.4039269]}}, {"type": "Feature", "properties": {"OBJECTID": 91, "DETALLE": 3.0, "SECTOR": 2104.0, "ZONA": 1.0, "Empresa": "Agricola", "existentes": ""}, "geometry": {"type": "Point", "coordinates": [-76.2713278, 3.4042444]}}, {"type": "Feature", "properties": {"OBJECTID": 92, "DETALLE": 3.0, "SECTOR": 2104.0, "ZONA": 1.0, "Empresa": "Agricola", "existentes": ""}, "geometry": {"type": "Point", "coordinates": [-76.2730041, 3.4045619]}}, {"type": "Feature", "properties": {"OBJECTID": 93, "DETALLE": 3.0, "SECTOR": 2104.0, "ZONA": 1.0, "Empresa": "Agricola", "existentes": ""}, "geometry": {"type": "Point", "coordinates": [-76.2747698, 3.4049209]}}, {"type": "Feature", "properties": {"OBJECTID": 94, "DETALLE": 3.0, "SECTOR": 2104.0, "ZONA": 1.0, "Empresa": "Agricola", "existentes": ""}, "geometry": {"type": "Point", "coordinates": [-76.2766449, 3.4053022]}}, {"type": "Feature", "properties": {"OBJECTID": 95, "DETALLE": 0.0, "SECTOR": 2109.0, "ZONA": 2.0, "Empresa": "Agricola", "existentes": ""}, "geometry": {"type": "Point", "coordinates": [-76.233437, 3.3668493]}}, {"type": "Feature", "properties": {"OBJECTID": 96, "DETALLE": 0.0, "SECTOR": 2109.0, "ZONA": 2.0, "Empresa": "Agricola", "existentes": ""}, "geometry": {"type": "Point", "coordinates": [-76.2351678, 3.3665713]}}, {"type": "Feature", "properties": {"OBJECTID": 97, "DETALLE": 0.0, "SECTOR": 2109.0, "ZONA": 2.0, "Empresa": "Agricola", "existentes": ""}, "geometry": {"type": "Point", "coordinates": [-76.2373372, 3.3662428]}}, {"type": "Feature", "properties": {"OBJECTID": 98, "DETALLE": 0.0, "SECTOR": 2109.0, "ZONA": 2.0, "Empresa": "Agricola", "existentes": ""}, "geometry": {"type": "Point", "coordinates": [-76.2393875, 3.3656987]}}, {"type": "Feature", "properties": {"OBJECTID": 99, "DETALLE": 0.0, "SECTOR": 2109.0, "ZONA": 2.0, "Empresa": "Agricola", "existentes": ""}, "geometry": {"type": "Point", "coordinates": [-76.2403841, 3.3674997]}}, {"type": "Feature", "properties": {"OBJECTID": 100, "DETALLE": 0.0, "SECTOR": 2109.0, "ZONA": 2.0, "Empresa": "Agricola", "existentes": ""}, "geometry": {"type": "Point", "coordinates": [-76.2424129, 3.366426]}}, {"type": "Feature", "properties": {"OBJECTID": 101, "DETALLE": 0.0, "SECTOR": 2109.0, "ZONA": 2.0, "Empresa": "Agricola", "existentes": ""}, "geometry": {"type": "Point", "coordinates": [-76.2444809, 3.3653346]}}, {"type": "Feature", "properties": {"OBJECTID": 102, "DETALLE": 0.0, "SECTOR": 2109.0, "ZONA": 2.0, "Empresa": "Agricola", "existentes": ""}, "geometry": {"type": "Point", "coordinates": [-76.2468035, 3.364098]}}, {"type": "Feature", "properties": {"OBJECTID": 103, "DETALLE": 0.0, "SECTOR": 2109.0, "ZONA": 2.0, "Empresa": "Agricola", "existentes": ""}, "geometry": {"type": "Point", "coordinates": [-76.2414257, 3.3695237]}}, {"type": "Feature", "properties": {"OBJECTID": 104, "DETALLE": 0.0, "SECTOR": 2137.0, "ZONA": 1.0, "Empresa": "Agricola", "existentes": ""}, "geometry": {"type": "Point", "coordinates": [-76.2337913, 3.4025693]}}, {"type": "Feature", "properties": {"OBJECTID": 105, "DETALLE": 0.0, "SECTOR": 2137.0, "ZONA": 1.0, "Empresa": "Agricola", "existentes": ""}, "geometry": {"type": "Point", "coordinates": [-76.2351824, 3.3996782]}}, {"type": "Feature", "properties": {"OBJECTID": 106, "DETALLE": 0.0, "SECTOR": 2137.0, "ZONA": 1.0, "Empresa": "Agricola", "existentes": ""}, "geometry": {"type": "Point", "coordinates": [-76.2338861, 3.3965346]}}, {"type": "Feature", "properties": {"OBJECTID": 107, "DETALLE": 0.0, "SECTOR": 2137.0, "ZONA": 1.0, "Empresa": "Agricola", "existentes": ""}, "geometry": {"type": "Point", "coordinates": [-76.2327814, 3.3973007]}}, {"type": "Feature", "properties": {"OBJECTID": 108, "DETALLE": 0.0, "SECTOR": 2137.0, "ZONA": 1.0, "Empresa": "Agricola", "existentes": ""}, "geometry": {"type": "Point", "coordinates": [-76.2308705, 3.3976169]}}, {"type": "Feature", "properties": {"OBJECTID": 109, "DETALLE": 0.0, "SECTOR": 2137.0, "ZONA": 1.0, "Empresa": "Agricola", "existentes": ""}, "geometry": {"type": "Point", "coordinates": [-76.2297029, 3.3995219]}}, {"type": "Feature", "properties": {"OBJECTID": 110, "DETALLE": 0.0, "SECTOR": 2137.0, "ZONA": 1.0, "Empresa": "Agricola", "existentes": ""}, "geometry": {"type": "Point", "coordinates": [-76.2293841, 3.4014245]}}, {"type": "Feature", "properties": {"OBJECTID": 111, "DETALLE": 0.0, "SECTOR": 2137.0, "ZONA": 1.0, "Empresa": "Agricola", "existentes": ""}, "geometry": {"type": "Point", "coordinates": [-76.2257158, 3.4028312]}}, {"type": "Feature", "properties": {"OBJECTID": 112, "DETALLE": 0.0, "SECTOR": 2110.0, "ZONA": 3.0, "Empresa": "Agricola", "existentes": ""}, "geometry": {"type": "Point", "coordinates": [-76.2929238, 3.3230339]}}, {"type": "Feature", "properties": {"OBJECTID": 113, "DETALLE": 0.0, "SECTOR": 2110.0, "ZONA": 3.0, "Empresa": "Agricola", "existentes": ""}, "geometry": {"type": "Point", "coordinates": [-76.2903298, 3.3221465]}}, {"type": "Feature", "properties": {"OBJECTID": 114, "DETALLE": 0.0, "SECTOR": 2110.0, "ZONA": 3.0, "Empresa": "Agricola", "existentes": ""}, "geometry": {"type": "Point", "coordinates": [-76.2876366, 3.3212319]}}, {"type": "Feature", "properties": {"OBJECTID": 115, "DETALLE": 0.0, "SECTOR": 2110.0, "ZONA": 3.0, "Empresa": "Agricola", "existentes": ""}, "geometry": {"type": "Point", "coordinates": [-76.2858439, 3.3206167]}}, {"type": "Feature", "properties": {"OBJECTID": 116, "DETALLE": 0.0, "SECTOR": 2110.0, "ZONA": 3.0, "Empresa": "Agricola", "existentes": ""}, "geometry": {"type": "Point", "coordinates": [-76.2840253, 3.3199801]}}, {"type": "Feature", "properties": {"OBJECTID": 117, "DETALLE": 0.0, "SECTOR": 2110.0, "ZONA": 3.0, "Empresa": "Agricola", "existentes": ""}, "geometry": {"type": "Point", "coordinates": [-76.2823964, 3.3187283]}}, {"type": "Feature", "properties": {"OBJECTID": 118, "DETALLE": 0.0, "SECTOR": 2110.0, "ZONA": 3.0, "Empresa": "Agricola", "existentes": ""}, "geometry": {"type": "Point", "coordinates": [-76.2845128, 3.3138178]}}, {"type": "Feature", "properties": {"OBJECTID": 119, "DETALLE": 0.0, "SECTOR": 2110.0, "ZONA": 3.0, "Empresa": "Agricola", "existentes": ""}, "geometry": {"type": "Point", "coordinates": [-76.2859024, 3.3143029]}}, {"type": "Feature", "properties": {"OBJECTID": 120, "DETALLE": 0.0, "SECTOR": 2110.0, "ZONA": 3.0, "Empresa": "Agricola", "existentes": ""}, "geometry": {"type": "Point", "coordinates": [-76.2878057, 3.3149672]}}, {"type": "Feature", "properties": {"OBJECTID": 121, "DETALLE": 0.0, "SECTOR": 2110.0, "ZONA": 3.0, "Empresa": "Agricola", "existentes": ""}, "geometry": {"type": "Point", "coordinates": [-76.2896163, 3.3156003]}}, {"type": "Feature", "properties": {"OBJECTID": 122, "DETALLE": 0.0, "SECTOR": 2110.0, "ZONA": 3.0, "Empresa": "Agricola", "existentes": ""}, "geometry": {"type": "Point", "coordinates": [-76.2922602, 3.3165193]}}, {"type": "Feature", "properties": {"OBJECTID": 123, "DETALLE": 0.0, "SECTOR": 2110.0, "ZONA": 3.0, "Empresa": "Agricola", "existentes": ""}, "geometry": {"type": "Point", "coordinates": [-76.294357, 3.3172213]}}, {"type": "Feature", "properties": {"OBJECTID": 124, "DETALLE": 3.0, "SECTOR": 0.0, "ZONA": 2.0, "Empresa": "riocas", "existentes": ""}, "geometry": {"type": "Point", "coordinates": [-76.2902722, 3.3709783]}}, {"type": "Feature", "properties": {"OBJECTID": 125, "DETALLE": 3.0, "SECTOR": 2104.0, "ZONA": 1.0, "Empresa": "Agricola", "existentes": ""}, "geometry": {"type": "Point", "coordinates": [-76.2716029, 3.3897643]}}, {"type": "Feature", "properties": {"OBJECTID": 126, "DETALLE": 3.0, "SECTOR": 2104.0, "ZONA": 1.0, "Empresa": "Agricola", "existentes": ""}, "geometry": {"type": "Point", "coordinates": [-76.270928, 3.3915127]}}, {"type": "Feature", "properties": {"OBJECTID": 127, "DETALLE": 3.0, "SECTOR": 2506.0, "ZONA": 2.0, "Empresa": "Agricola", "existentes": ""}, "geometry": {"type": "Point", "coordinates": [-76.2935297, 3.3846475]}}, {"type": "Feature", "properties": {"OBJECTID": 128, "DETALLE": 0.0, "SECTOR": 2108.0, "ZONA": 6.0, "Empresa": "Agricola", "existentes": ""}, "geometry": {"type": "Point", "coordinates": [-76.3581946, 3.3689424]}}, {"type": "Feature", "properties": {"OBJECTID": 129, "DETALLE": 0.0, "SECTOR": 2108.0, "ZONA": 6.0, "Empresa": "Agricola", "existentes": ""}, "geometry": {"type": "Point", "coordinates": [-76.3608014, 3.3675721]}}, {"type": "Feature", "properties": {"OBJECTID": 130, "DETALLE": 0.0, "SECTOR": 2108.0, "ZONA": 6.0, "Empresa": "Agricola", "existentes": ""}, "geometry": {"type": "Point", "coordinates": [-76.3667915, 3.3621327]}}, {"type": "Feature", "properties": {"OBJECTID": 131, "DETALLE": 0.0, "SECTOR": 2108.0, "ZONA": 6.0, "Empresa": "Agricola", "existentes": ""}, "geometry": {"type": "Point", "coordinates": [-76.372805, 3.3570069]}}, {"type": "Feature", "properties": {"OBJECTID": 132, "DETALLE": 0.0, "SECTOR": 2138.0, "ZONA": 1.0, "Empresa": "Agricola", "existentes": ""}, "geometry": {"type": "Point", "coordinates": [-76.2545325, 3.4243533]}}, {"type": "Feature", "properties": {"OBJECTID": 133, "DETALLE": 0.0, "SECTOR": 2138.0, "ZONA": 1.0, "Empresa": "Agricola", "existentes": ""}, "geometry": {"type": "Point", "coordinates": [-76.2557596, 3.4248052]}}, {"type": "Feature", "properties": {"OBJECTID": 134, "DETALLE": 0.0, "SECTOR": 2138.0, "ZONA": 1.0, "Empresa": "Agricola", "existentes": ""}, "geometry": {"type": "Point", "coordinates": [-76.2577937, 3.4237746]}}, {"type": "Feature", "properties": {"OBJECTID": 135, "DETALLE": 0.0, "SECTOR": 2138.0, "ZONA": 1.0, "Empresa": "Agricola", "existentes": ""}, "geometry": {"type": "Point", "coordinates": [-76.2559088, 3.4274077]}}, {"type": "Feature", "properties": {"OBJECTID": 136, "DETALLE": 0.0, "SECTOR": 2101.0, "ZONA": 1.0, "Empresa": "Agricola", "existentes": ""}, "geometry": {"type": "Point", "coordinates": [-76.3029733, 3.4268338]}}, {"type": "Feature", "properties": {"OBJECTID": 137, "DETALLE": 0.0, "SECTOR": 2101.0, "ZONA": 1.0, "Empresa": "Agricola", "existentes": ""}, "geometry": {"type": "Point", "coordinates": [-76.3006051, 3.4254768]}}, {"type": "Feature", "properties": {"OBJECTID": 138, "DETALLE": 0.0, "SECTOR": 2101.0, "ZONA": 1.0, "Empresa": "Agricola", "existentes": ""}, "geometry": {"type": "Point", "coordinates": [-76.2982873, 3.4241415]}}, {"type": "Feature", "properties": {"OBJECTID": 139, "DETALLE": 0.0, "SECTOR": 2101.0, "ZONA": 1.0, "Empresa": "Agricola", "existentes": ""}, "geometry": {"type": "Point", "coordinates": [-76.2969823, 3.4234076]}}, {"type": "Feature", "properties": {"OBJECTID": 140, "DETALLE": 0.0, "SECTOR": 2101.0, "ZONA": 1.0, "Empresa": "Agricola", "existentes": ""}, "geometry": {"type": "Point", "coordinates": [-76.2980018, 3.4200509]}}, {"type": "Feature", "properties": {"OBJECTID": 141, "DETALLE": 0.0, "SECTOR": 2101.0, "ZONA": 1.0, "Empresa": "Agricola", "existentes": ""}, "geometry": {"type": "Point", "coordinates": [-76.2962318, 3.4274239]}}, {"type": "Feature", "properties": {"OBJECTID": 144, "DETALLE": 0.0, "SECTOR": 2101.0, "ZONA": 1.0, "Empresa": "Agricola", "existentes": ""}, "geometry": {"type": "Point", "coordinates": [-76.2987649, 3.4342192]}}, {"type": "Feature", "properties": {"OBJECTID": 145, "DETALLE": 0.0, "SECTOR": 2101.0, "ZONA": 1.0, "Empresa": "Agricola", "existentes": ""}, "geometry": {"type": "Point", "coordinates": [-76.2963461, 3.4328553]}}, {"type": "Feature", "properties": {"OBJECTID": 146, "DETALLE": 0.0, "SECTOR": 2101.0, "ZONA": 1.0, "Empresa": "Agricola", "existentes": ""}, "geometry": {"type": "Point", "coordinates": [-76.2952819, 3.4322567]}}, {"type": "Feature", "properties": {"OBJECTID": 147, "DETALLE": 0.0, "SECTOR": 2102.0, "ZONA": 1.0, "Empresa": "Agricola", "existentes": ""}, "geometry": {"type": "Point", "coordinates": [-76.2760359, 3.436579]}}, {"type": "Feature", "properties": {"OBJECTID": 148, "DETALLE": 0.0, "SECTOR": 2102.0, "ZONA": 1.0, "Empresa": "Agricola", "existentes": ""}, "geometry": {"type": "Point", "coordinates": [-76.2760076, 3.437401]}}, {"type": "Feature", "properties": {"OBJECTID": 149, "DETALLE": 0.0, "SECTOR": 2102.0, "ZONA": 1.0, "Empresa": "Agricola", "existentes": ""}, "geometry": {"type": "Point", "coordinates": [-76.2759596, 3.4387203]}}, {"type": "Feature", "properties": {"OBJECTID": 150, "DETALLE": 0.0, "SECTOR": 2102.0, "ZONA": 1.0, "Empresa": "Agricola", "existentes": ""}, "geometry": {"type": "Point", "coordinates": [-76.2729454, 3.4375065]}}, {"type": "Feature", "properties": {"OBJECTID": 151, "DETALLE": 0.0, "SECTOR": 2102.0, "ZONA": 1.0, "Empresa": "Agricola", "existentes": ""}, "geometry": {"type": "Point", "coordinates": [-76.2728077, 3.4417265]}}, {"type": "Feature", "properties": {"OBJECTID": 152, "DETALLE": 0.0, "SECTOR": 2102.0, "ZONA": 1.0, "Empresa": "Agricola", "existentes": ""}, "geometry": {"type": "Point", "coordinates": [-76.2709854, 3.4371435]}}, {"type": "Feature", "properties": {"OBJECTID": 153, "DETALLE": 0.0, "SECTOR": 2102.0, "ZONA": 1.0, "Empresa": "Agricola", "existentes": ""}, "geometry": {"type": "Point", "coordinates": [-76.2688818, 3.436655]}}, {"type": "Feature", "properties": {"OBJECTID": 154, "DETALLE": 0.0, "SECTOR": 2102.0, "ZONA": 1.0, "Empresa": "Agricola", "existentes": ""}, "geometry": {"type": "Point", "coordinates": [-76.2663242, 3.4360736]}}, {"type": "Feature", "properties": {"OBJECTID": 155, "DETALLE": 0.0, "SECTOR": 2102.0, "ZONA": 1.0, "Empresa": "Agricola", "existentes": ""}, "geometry": {"type": "Point", "coordinates": [-76.2634383, 3.4378236]}}, {"type": "Feature", "properties": {"OBJECTID": 156, "DETALLE": 0.0, "SECTOR": 2102.0, "ZONA": 1.0, "Empresa": "Agricola", "existentes": ""}, "geometry": {"type": "Point", "coordinates": [-76.2648897, 3.4375524]}}, {"type": "Feature", "properties": {"OBJECTID": 157, "DETALLE": 3.0, "SECTOR": 2104.0, "ZONA": 0.0, "Empresa": "Agricola", "existentes": ""}, "geometry": {"type": "Point", "coordinates": [-76.2520617, 3.3948246]}}, {"type": "Feature", "properties": {"OBJECTID": 158, "DETALLE": 3.0, "SECTOR": 2107.0, "ZONA": 1.0, "Empresa": "Agricola", "existentes": ""}, "geometry": {"type": "Point", "coordinates": [-76.2583026, 3.3972438]}}, {"type": "Feature", "properties": {"OBJECTID": 159, "DETALLE": 3.0, "SECTOR": 2104.0, "ZONA": 0.0, "Empresa": "Agricola", "existentes": ""}, "geometry": {"type": "Point", "coordinates": [-76.2542369, 3.3995275]}}, {"type": "Feature", "properties": {"OBJECTID": 160, "DETALLE": 3.0, "SECTOR": 2104.0, "ZONA": 1.0, "Empresa": "Agricola", "existentes": ""}, "geometry": {"type": "Point", "coordinates": [-76.2747057, 3.3949781]}}, {"type": "Feature", "properties": {"OBJECTID": 161, "DETALLE": 3.0, "SECTOR": 2104.0, "ZONA": 1.0, "Empresa": "Agricola", "existentes": ""}, "geometry": {"type": "Point", "coordinates": [-76.2717004, 3.3845932]}}, {"type": "Feature", "properties": {"OBJECTID": 162, "DETALLE": 2.0, "SECTOR": 2105.0, "ZONA": 2.0, "Empresa": "Agricola", "existentes": ""}, "geometry": {"type": "Point", "coordinates": [-76.3125263, 3.3814773]}}, {"type": "Feature", "properties": {"OBJECTID": 172, "DETALLE": 0.0, "SECTOR": 2110.0, "ZONA": 3.0, "Empresa": "Agricola", "existentes": ""}, "geometry": {"type": "Point", "coordinates": [-76.2818489, 3.3005942]}}, {"type": "Feature", "properties": {"OBJECTID": 173, "DETALLE": 0.0, "SECTOR": 2110.0, "ZONA": 3.0, "Empresa": "Agricola", "existentes": ""}, "geometry": {"type": "Point", "coordinates": [-76.2842612, 3.3015461]}}, {"type": "Feature", "properties": {"OBJECTID": 174, "DETALLE": 0.0, "SECTOR": 2110.0, "ZONA": 3.0, "Empresa": "Agricola", "existentes": ""}, "geometry": {"type": "Point", "coordinates": [-76.2827821, 3.3052267]}}, {"type": "Feature", "properties": {"OBJECTID": 175, "DETALLE": 0.0, "SECTOR": 2110.0, "ZONA": 3.0, "Empresa": "Agricola", "existentes": ""}, "geometry": {"type": "Point", "coordinates": [-76.2825594, 3.303993]}}, {"type": "Feature", "properties": {"OBJECTID": 176, "DETALLE": 0.0, "SECTOR": 2103.0, "ZONA": 2.0, "Empresa": "Agricola", "existentes": ""}, "geometry": {"type": "Point", "coordinates": [-76.2723724, 3.3716964]}}, {"type": "Feature", "properties": {"OBJECTID": 178, "DETALLE": 0.0, "SECTOR": 2116.0, "ZONA": 3.0, "Empresa": "Agricola", "existentes": ""}, "geometry": {"type": "Point", "coordinates": [-76.2673329, 3.2653872]}}, {"type": "Feature", "properties": {"OBJECTID": 179, "DETALLE": 0.0, "SECTOR": 2116.0, "ZONA": 3.0, "Empresa": "Agricola", "existentes": ""}, "geometry": {"type": "Point", "coordinates": [-76.269642, 3.2650133]}}, {"type": "Feature", "properties": {"OBJECTID": 181, "DETALLE": 0.0, "SECTOR": 2115.0, "ZONA": 3.0, "Empresa": "Agricola", "existentes": ""}, "geometry": {"type": "Point", "coordinates": [-76.2654247, 3.2689944]}}, {"type": "Feature", "properties": {"OBJECTID": 182, "DETALLE": 0.0, "SECTOR": 2116.0, "ZONA": 3.0, "Empresa": "Agricola", "existentes": ""}, "geometry": {"type": "Point", "coordinates": [-76.2720098, 3.2646308]}}, {"type": "Feature", "properties": {"OBJECTID": 183, "DETALLE": 0.0, "SECTOR": 2116.0, "ZONA": 3.0, "Empresa": "Agricola", "existentes": ""}, "geometry": {"type": "Point", "coordinates": [-76.2743626, 3.264509]}}, {"type": "Feature", "properties": {"OBJECTID": 184, "DETALLE": 0.0, "SECTOR": 2116.0, "ZONA": 3.0, "Empresa": "Agricola", "existentes": ""}, "geometry": {"type": "Point", "coordinates": [-76.2804916, 3.2644437]}}, {"type": "Feature", "properties": {"OBJECTID": 185, "DETALLE": 0.0, "SECTOR": 2116.0, "ZONA": 3.0, "Empresa": "Agricola", "existentes": ""}, "geometry": {"type": "Point", "coordinates": [-76.2786034, 3.2643723]}}, {"type": "Feature", "properties": {"OBJECTID": 186, "DETALLE": 0.0, "SECTOR": 2116.0, "ZONA": 3.0, "Empresa": "Agricola", "existentes": ""}, "geometry": {"type": "Point", "coordinates": [-76.2767037, 3.2643072]}}, {"type": "Feature", "properties": {"OBJECTID": 187, "DETALLE": 0.0, "SECTOR": 2115.0, "ZONA": 3.0, "Empresa": "Agricola", "existentes": ""}, "geometry": {"type": "Point", "coordinates": [-76.2719877, 3.2685934]}}, {"type": "Feature", "properties": {"OBJECTID": 188, "DETALLE": 0.0, "SECTOR": 2115.0, "ZONA": 3.0, "Empresa": "Agricola", "existentes": ""}, "geometry": {"type": "Point", "coordinates": [-76.2696533, 3.2687625]}}, {"type": "Feature", "properties": {"OBJECTID": 190, "DETALLE": 0.0, "SECTOR": 115.0, "ZONA": 3.0, "Empresa": "Agricola", "existentes": ""}, "geometry": {"type": "Point", "coordinates": [-76.2743024, 3.2684234]}}, {"type": "Feature", "properties": {"OBJECTID": 199, "DETALLE": 0.0, "SECTOR": 2111.0, "ZONA": 3.0, "Empresa": "Agricola", "existentes": ""}, "geometry": {"type": "Point", "coordinates": [-76.3058849, 3.254979]}}, {"type": "Feature", "properties": {"OBJECTID": 200, "DETALLE": 0.0, "SECTOR": 2111.0, "ZONA": 3.0, "Empresa": "Agricola", "existentes": ""}, "geometry": {"type": "Point", "coordinates": [-76.3073108, 3.2548409]}}, {"type": "Feature", "properties": {"OBJECTID": 201, "DETALLE": 0.0, "SECTOR": 2111.0, "ZONA": 3.0, "Empresa": "Agricola", "existentes": ""}, "geometry": {"type": "Point", "coordinates": [-76.3088599, 3.2547547]}}, {"type": "Feature", "properties": {"OBJECTID": 202, "DETALLE": 0.0, "SECTOR": 2111.0, "ZONA": 3.0, "Empresa": "Agricola", "existentes": ""}, "geometry": {"type": "Point", "coordinates": [-76.3102386, 3.2547958]}}, {"type": "Feature", "properties": {"OBJECTID": 203, "DETALLE": 0.0, "SECTOR": 2111.0, "ZONA": 3.0, "Empresa": "Agricola", "existentes": ""}, "geometry": {"type": "Point", "coordinates": [-76.311584, 3.2547511]}}, {"type": "Feature", "properties": {"OBJECTID": 204, "DETALLE": 0.0, "SECTOR": 2111.0, "ZONA": 3.0, "Empresa": "Agricola", "existentes": ""}, "geometry": {"type": "Point", "coordinates": [-76.3130035, 3.2547613]}}, {"type": "Feature", "properties": {"OBJECTID": 205, "DETALLE": 0.0, "SECTOR": 2111.0, "ZONA": 3.0, "Empresa": "Agricola", "existentes": ""}, "geometry": {"type": "Point", "coordinates": [-76.3141502, 3.2547409]}}, {"type": "Feature", "properties": {"OBJECTID": 206, "DETALLE": 0.0, "SECTOR": 2111.0, "ZONA": 3.0, "Empresa": "Agricola", "existentes": ""}, "geometry": {"type": "Point", "coordinates": [-76.3152675, 3.2547418]}}, {"type": "Feature", "properties": {"OBJECTID": 207, "DETALLE": 0.0, "SECTOR": 2111.0, "ZONA": 3.0, "Empresa": "Agricola", "existentes": ""}, "geometry": {"type": "Point", "coordinates": [-76.3166357, 3.2547642]}}, {"type": "Feature", "properties": {"OBJECTID": 208, "DETALLE": 0.0, "SECTOR": 2111.0, "ZONA": 3.0, "Empresa": "Agricola", "existentes": ""}, "geometry": {"type": "Point", "coordinates": [-76.317867, 3.2547423]}}, {"type": "Feature", "properties": {"OBJECTID": 209, "DETALLE": 0.0, "SECTOR": 2111.0, "ZONA": 3.0, "Empresa": "Agricola", "existentes": ""}, "geometry": {"type": "Point", "coordinates": [-76.3190756, 3.2547203]}}, {"type": "Feature", "properties": {"OBJECTID": 210, "DETALLE": 0.0, "SECTOR": 2111.0, "ZONA": 3.0, "Empresa": "Agricola", "existentes": ""}, "geometry": {"type": "Point", "coordinates": [-76.3132705, 3.2508772]}}, {"type": "Feature", "properties": {"OBJECTID": 211, "DETALLE": 0.0, "SECTOR": 2111.0, "ZONA": 3.0, "Empresa": "Agricola", "existentes": ""}, "geometry": {"type": "Point", "coordinates": [-76.3165364, 3.250903]}}, {"type": "Feature", "properties": {"OBJECTID": 212, "DETALLE": 0.0, "SECTOR": 2111.0, "ZONA": 3.0, "Empresa": "Agricola", "existentes": ""}, "geometry": {"type": "Point", "coordinates": [-76.3180893, 3.2508552]}}, {"type": "Feature", "properties": {"OBJECTID": 213, "DETALLE": 0.0, "SECTOR": 2111.0, "ZONA": 3.0, "Empresa": "Agricola", "existentes": ""}, "geometry": {"type": "Point", "coordinates": [-76.3196171, 3.250859]}}, {"type": "Feature", "properties": {"OBJECTID": 214, "DETALLE": 0.0, "SECTOR": 2111.0, "ZONA": 3.0, "Empresa": "Agricola", "existentes": ""}, "geometry": {"type": "Point", "coordinates": [-76.3206262, 3.2546986]}}, {"type": "Feature", "properties": {"OBJECTID": 215, "DETALLE": 0.0, "SECTOR": 2111.0, "ZONA": 3.0, "Empresa": "Agricola", "existentes": ""}, "geometry": {"type": "Point", "coordinates": [-76.323253, 3.2547174]}}, {"type": "Feature", "properties": {"OBJECTID": 216, "DETALLE": 0.0, "SECTOR": 2111.0, "ZONA": 3.0, "Empresa": "Agricola", "existentes": ""}, "geometry": {"type": "Point", "coordinates": [-76.3246094, 3.2547068]}}, {"type": "Feature", "properties": {"OBJECTID": 217, "DETALLE": 0.0, "SECTOR": 2111.0, "ZONA": 3.0, "Empresa": "Agricola", "existentes": ""}, "geometry": {"type": "Point", "coordinates": [-76.3208161, 3.2508442]}}, {"type": "Feature", "properties": {"OBJECTID": 218, "DETALLE": 0.0, "SECTOR": 2111.0, "ZONA": 3.0, "Empresa": "Agricola", "existentes": ""}, "geometry": {"type": "Point", "coordinates": [-76.3034911, 3.2542122]}}, {"type": "Feature", "properties": {"OBJECTID": 219, "DETALLE": 0.0, "SECTOR": 111.0, "ZONA": 3.0, "Empresa": "Agricola", "existentes": ""}, "geometry": {"type": "Point", "coordinates": [-76.3012673, 3.2542494]}}, {"type": "Feature", "properties": {"OBJECTID": 220, "DETALLE": 0.0, "SECTOR": 2115.0, "ZONA": 3.0, "Empresa": "Agricola", "existentes": ""}, "geometry": {"type": "Point", "coordinates": [-76.2670017, 3.26898]}}, {"type": "Feature", "properties": {"OBJECTID": 221, "DETALLE": 0.0, "SECTOR": 2116.0, "ZONA": 3.0, "Empresa": "Agricola", "existentes": ""}, "geometry": {"type": "Point", "coordinates": [-76.2727214, 3.2602896]}}, {"type": "Feature", "properties": {"OBJECTID": 222, "DETALLE": 0.0, "SECTOR": 2111.0, "ZONA": 3.0, "Empresa": "Agricola", "existentes": ""}, "geometry": {"type": "Point", "coordinates": [-76.2939691, 3.2628708]}}, {"type": "Feature", "properties": {"OBJECTID": 223, "DETALLE": 0.0, "SECTOR": 2111.0, "ZONA": 3.0, "Empresa": "Agricola", "existentes": ""}, "geometry": {"type": "Point", "coordinates": [-76.2918667, 3.2628087]}}, {"type": "Feature", "properties": {"OBJECTID": 224, "DETALLE": 0.0, "SECTOR": 2111.0, "ZONA": 3.0, "Empresa": "Agricola", "existentes": ""}, "geometry": {"type": "Point", "coordinates": [-76.2898056, 3.2627478]}}, {"type": "Feature", "properties": {"OBJECTID": 225, "DETALLE": 0.0, "SECTOR": 2111.0, "ZONA": 3.0, "Empresa": "Agricola", "existentes": ""}, "geometry": {"type": "Point", "coordinates": [-76.2877574, 3.2626873]}}, {"type": "Feature", "properties": {"OBJECTID": 226, "DETALLE": 0.0, "SECTOR": 2111.0, "ZONA": 3.0, "Empresa": "Agricola", "existentes": ""}, "geometry": {"type": "Point", "coordinates": [-76.2860404, 3.2605593]}}, {"type": "Feature", "properties": {"OBJECTID": 227, "DETALLE": 0.0, "SECTOR": 2111.0, "ZONA": 3.0, "Empresa": "Agricola", "existentes": ""}, "geometry": {"type": "Point", "coordinates": [-76.2848322, 3.2606472]}}, {"type": "Feature", "properties": {"OBJECTID": 228, "DETALLE": 0.0, "SECTOR": 2111.0, "ZONA": 3.0, "Empresa": "Agricola", "existentes": ""}, "geometry": {"type": "Point", "coordinates": [-76.2874248, 3.2573839]}}, {"type": "Feature", "properties": {"OBJECTID": 229, "DETALLE": 0.0, "SECTOR": 2111.0, "ZONA": 3.0, "Empresa": "Agricola", "existentes": ""}, "geometry": {"type": "Point", "coordinates": [-76.289871, 3.2573257]}}, {"type": "Feature", "properties": {"OBJECTID": 230, "DETALLE": 0.0, "SECTOR": 2111.0, "ZONA": 3.0, "Empresa": "Agricola", "existentes": ""}, "geometry": {"type": "Point", "coordinates": [-76.2919474, 3.2572733]}}, {"type": "Feature", "properties": {"OBJECTID": 231, "DETALLE": 0.0, "SECTOR": 2111.0, "ZONA": 3.0, "Empresa": "Agricola", "existentes": ""}, "geometry": {"type": "Point", "coordinates": [-76.2941518, 3.2572482]}}, {"type": "Feature", "properties": {"OBJECTID": 232, "DETALLE": 0.0, "SECTOR": 2111.0, "ZONA": 3.0, "Empresa": "Agricola", "existentes": ""}, "geometry": {"type": "Point", "coordinates": [-76.2964036, 3.257177]}}, {"type": "Feature", "properties": {"OBJECTID": 233, "DETALLE": 0.0, "SECTOR": 2111.0, "ZONA": 3.0, "Empresa": "Agricola", "existentes": ""}, "geometry": {"type": "Point", "coordinates": [-76.2988383, 3.2571061]}}, {"type": "Feature", "properties": {"OBJECTID": 234, "DETALLE": 0.0, "SECTOR": 111.0, "ZONA": 3.0, "Empresa": "Agricola", "existentes": ""}, "geometry": {"type": "Point", "coordinates": [-76.3013729, 3.2558935]}}, {"type": "Feature", "properties": {"OBJECTID": 235, "DETALLE": 0.0, "SECTOR": 2108.0, "ZONA": 6.0, "Empresa": "Agricola", "existentes": ""}, "geometry": {"type": "Point", "coordinates": [-76.3559967, 3.3756419]}}, {"type": "Feature", "properties": {"OBJECTID": 236, "DETALLE": 0.0, "SECTOR": 2108.0, "ZONA": 6.0, "Empresa": "Agricola", "existentes": ""}, "geometry": {"type": "Point", "coordinates": [-76.3601785, 3.3707312]}}, {"type": "Feature", "properties": {"OBJECTID": 237, "DETALLE": 0.0, "SECTOR": 2108.0, "ZONA": 6.0, "Empresa": "Agricola", "existentes": ""}, "geometry": {"type": "Point", "coordinates": [-76.3687249, 3.3580052]}}, {"type": "Feature", "properties": {"OBJECTID": 238, "DETALLE": 0.0, "SECTOR": 2108.0, "ZONA": 6.0, "Empresa": "Agricola", "existentes": ""}, "geometry": {"type": "Point", "coordinates": [-76.3773236, 3.3532464]}}, {"type": "Feature", "properties": {"OBJECTID": 239, "DETALLE": 0.0, "SECTOR": 2108.0, "ZONA": 6.0, "Empresa": "Agricola", "existentes": ""}, "geometry": {"type": "Point", "coordinates": [-76.371844, 3.361897]}}, {"type": "Feature", "properties": {"OBJECTID": 240, "DETALLE": 0.0, "SECTOR": 2108.0, "ZONA": 6.0, "Empresa": "Agricola", "existentes": ""}, "geometry": {"type": "Point", "coordinates": [-76.3698144, 3.3595237]}}, {"type": "Feature", "properties": {"OBJECTID": 241, "DETALLE": 0.0, "SECTOR": 2108.0, "ZONA": 6.0, "Empresa": "Agricola", "existentes": ""}, "geometry": {"type": "Point", "coordinates": [-76.370814, 3.360694]}}, {"type": "Feature", "properties": {"OBJECTID": 270, "DETALLE": 0.0, "SECTOR": 2118.0, "ZONA": 3.0, "Empresa": "Agricola", "existentes": ""}, "geometry": {"type": "Point", "coordinates": [-76.2970373, 3.2353338]}}, {"type": "Feature", "properties": {"OBJECTID": 271, "DETALLE": 0.0, "SECTOR": 2118.0, "ZONA": 3.0, "Empresa": "Agricola", "existentes": ""}, "geometry": {"type": "Point", "coordinates": [-76.2955379, 3.2350694]}}, {"type": "Feature", "properties": {"OBJECTID": 272, "DETALLE": 0.0, "SECTOR": 2118.0, "ZONA": 3.0, "Empresa": "Agricola", "existentes": ""}, "geometry": {"type": "Point", "coordinates": [-76.2940622, 3.2349964]}}, {"type": "Feature", "properties": {"OBJECTID": 273, "DETALLE": 0.0, "SECTOR": 2123.0, "ZONA": 6.0, "Empresa": "Agricola", "existentes": ""}, "geometry": {"type": "Point", "coordinates": [-76.4217109, 3.2686243]}}, {"type": "Feature", "properties": {"OBJECTID": 274, "DETALLE": 0.0, "SECTOR": 2123.0, "ZONA": 6.0, "Empresa": "Agricola", "existentes": ""}, "geometry": {"type": "Point", "coordinates": [-76.4234516, 3.2693096]}}, {"type": "Feature", "properties": {"OBJECTID": 275, "DETALLE": 0.0, "SECTOR": 2123.0, "ZONA": 6.0, "Empresa": "Agricola", "existentes": ""}, "geometry": {"type": "Point", "coordinates": [-76.4199497, 3.2683318]}}, {"type": "Feature", "properties": {"OBJECTID": 276, "DETALLE": 0.0, "SECTOR": 2123.0, "ZONA": 6.0, "Empresa": "Agricola", "existentes": ""}, "geometry": {"type": "Point", "coordinates": [-76.4177724, 3.26797]}}, {"type": "Feature", "properties": {"OBJECTID": 277, "DETALLE": 0.0, "SECTOR": 2123.0, "ZONA": 6.0, "Empresa": "Agricola", "existentes": ""}, "geometry": {"type": "Point", "coordinates": [-76.415613, 3.2676143]}}, {"type": "Feature", "properties": {"OBJECTID": 278, "DETALLE": 0.0, "SECTOR": 2123.0, "ZONA": 6.0, "Empresa": "Agricola", "existentes": ""}, "geometry": {"type": "Point", "coordinates": [-76.4132394, 3.2672169]}}, {"type": "Feature", "properties": {"OBJECTID": 280, "DETALLE": 0.0, "SECTOR": 2123.0, "ZONA": 6.0, "Empresa": "Agricola", "existentes": ""}, "geometry": {"type": "Point", "coordinates": [-76.4109023, 3.2668337]}}, {"type": "Feature", "properties": {"OBJECTID": 281, "DETALLE": 0.0, "SECTOR": 2123.0, "ZONA": 6.0, "Empresa": "Agricola", "existentes": ""}, "geometry": {"type": "Point", "coordinates": [-76.4086198, 3.2665195]}}, {"type": "Feature", "properties": {"OBJECTID": 282, "DETALLE": 0.0, "SECTOR": 2123.0, "ZONA": 6.0, "Empresa": "Agricola", "existentes": ""}, "geometry": {"type": "Point", "coordinates": [-76.4063884, 3.2662008]}}, {"type": "Feature", "properties": {"OBJECTID": 283, "DETALLE": 0.0, "SECTOR": 2123.0, "ZONA": 6.0, "Empresa": "Agricola", "existentes": ""}, "geometry": {"type": "Point", "coordinates": [-76.4040205, 3.2664151]}}, {"type": "Feature", "properties": {"OBJECTID": 284, "DETALLE": 0.0, "SECTOR": 2123.0, "ZONA": 6.0, "Empresa": "Agricola", "existentes": ""}, "geometry": {"type": "Point", "coordinates": [-76.4032618, 3.2722438]}}, {"type": "Feature", "properties": {"OBJECTID": 285, "DETALLE": 0.0, "SECTOR": 2123.0, "ZONA": 6.0, "Empresa": "Agricola", "existentes": ""}, "geometry": {"type": "Point", "coordinates": [-76.4010961, 3.2718924]}}, {"type": "Feature", "properties": {"OBJECTID": 286, "DETALLE": 0.0, "SECTOR": 2123.0, "ZONA": 6.0, "Empresa": "Agricola", "existentes": ""}, "geometry": {"type": "Point", "coordinates": [-76.4098157, 3.2733072]}}, {"type": "Feature", "properties": {"OBJECTID": 287, "DETALLE": 0.0, "SECTOR": 2123.0, "ZONA": 6.0, "Empresa": "Agricola", "existentes": ""}, "geometry": {"type": "Point", "coordinates": [-76.4121513, 3.2736861]}}, {"type": "Feature", "properties": {"OBJECTID": 288, "DETALLE": 0.0, "SECTOR": 2123.0, "ZONA": 6.0, "Empresa": "Agricola", "existentes": ""}, "geometry": {"type": "Point", "coordinates": [-76.4077535, 3.2729726]}}, {"type": "Feature", "properties": {"OBJECTID": 289, "DETALLE": 0.0, "SECTOR": 2123.0, "ZONA": 6.0, "Empresa": "Agricola", "existentes": ""}, "geometry": {"type": "Point", "coordinates": [-76.4055698, 3.2726183]}}, {"type": "Feature", "properties": {"OBJECTID": 290, "DETALLE": 0.0, "SECTOR": 2123.0, "ZONA": 6.0, "Empresa": "Agricola", "existentes": ""}, "geometry": {"type": "Point", "coordinates": [-76.4129576, 3.2795941]}}, {"type": "Feature", "properties": {"OBJECTID": 291, "DETALLE": 0.0, "SECTOR": 2123.0, "ZONA": 6.0, "Empresa": "Agricola", "existentes": ""}, "geometry": {"type": "Point", "coordinates": [-76.4145837, 3.2740807]}}, {"type": "Feature", "properties": {"OBJECTID": 292, "DETALLE": 0.0, "SECTOR": 2123.0, "ZONA": 6.0, "Empresa": "Agricola", "existentes": ""}, "geometry": {"type": "Point", "coordinates": [-76.4167426, 3.274431]}}, {"type": "Feature", "properties": {"OBJECTID": 293, "DETALLE": 0.0, "SECTOR": 2123.0, "ZONA": 6.0, "Empresa": "Agricola", "existentes": ""}, "geometry": {"type": "Point", "coordinates": [-76.4188614, 3.2747747]}}, {"type": "Feature", "properties": {"OBJECTID": 294, "DETALLE": 0.0, "SECTOR": 2123.0, "ZONA": 6.0, "Empresa": "Agricola", "existentes": ""}, "geometry": {"type": "Point", "coordinates": [-76.3986385, 3.2714936]}}, {"type": "Feature", "properties": {"OBJECTID": 295, "DETALLE": 0.0, "SECTOR": 2123.0, "ZONA": 6.0, "Empresa": "Agricola", "existentes": ""}, "geometry": {"type": "Point", "coordinates": [-76.3965449, 3.2711539]}}, {"type": "Feature", "properties": {"OBJECTID": 296, "DETALLE": 0.0, "SECTOR": 0.0, "ZONA": 6.0, "Empresa": "Agricola", "existentes": ""}, "geometry": {"type": "Point", "coordinates": [-76.4162312, 3.2612268]}}, {"type": "Feature", "properties": {"OBJECTID": 297, "DETALLE": 0.0, "SECTOR": 0.0, "ZONA": 6.0, "Empresa": "Agricola", "existentes": ""}, "geometry": {"type": "Point", "coordinates": [-76.418429, 3.2603667]}}, {"type": "Feature", "properties": {"OBJECTID": 298, "DETALLE": 0.0, "SECTOR": 4708.0, "ZONA": 6.0, "Empresa": "Agricola", "existentes": ""}, "geometry": {"type": "Point", "coordinates": [-76.4115009, 3.2540987]}}, {"type": "Feature", "properties": {"OBJECTID": 299, "DETALLE": 0.0, "SECTOR": 4708.0, "ZONA": 6.0, "Empresa": "Agricola", "existentes": ""}, "geometry": {"type": "Point", "coordinates": [-76.4158196, 3.2544685]}}, {"type": "Feature", "properties": {"OBJECTID": 300, "DETALLE": 0.0, "SECTOR": 0.0, "ZONA": 6.0, "Empresa": "Agricola", "existentes": ""}, "geometry": {"type": "Point", "coordinates": [-76.4179836, 3.2546019]}}, {"type": "Feature", "properties": {"OBJECTID": 301, "DETALLE": 0.0, "SECTOR": 2124.0, "ZONA": 6.0, "Empresa": "Agricola", "existentes": ""}, "geometry": {"type": "Point", "coordinates": [-76.419592, 3.2546874]}}, {"type": "Feature", "properties": {"OBJECTID": 302, "DETALLE": 0.0, "SECTOR": 2124.0, "ZONA": 6.0, "Empresa": "Agricola", "existentes": ""}, "geometry": {"type": "Point", "coordinates": [-76.4216943, 3.2548306]}}, {"type": "Feature", "properties": {"OBJECTID": 303, "DETALLE": 0.0, "SECTOR": 2124.0, "ZONA": 6.0, "Empresa": "Agricola", "existentes": ""}, "geometry": {"type": "Point", "coordinates": [-76.4240032, 3.2550715]}}, {"type": "Feature", "properties": {"OBJECTID": 304, "DETALLE": 0.0, "SECTOR": 2125.0, "ZONA": 6.0, "Empresa": "Agricola", "existentes": ""}, "geometry": {"type": "Point", "coordinates": [-76.4305993, 3.2517982]}}, {"type": "Feature", "properties": {"OBJECTID": 305, "DETALLE": 0.0, "SECTOR": 2125.0, "ZONA": 6.0, "Empresa": "Agricola", "existentes": ""}, "geometry": {"type": "Point", "coordinates": [-76.4288315, 3.2514824]}}, {"type": "Feature", "properties": {"OBJECTID": 306, "DETALLE": 0.0, "SECTOR": 2125.0, "ZONA": 6.0, "Empresa": "Agricola", "existentes": ""}, "geometry": {"type": "Point", "coordinates": [-76.4261208, 3.24957]}}, {"type": "Feature", "properties": {"OBJECTID": 307, "DETALLE": 0.0, "SECTOR": 2125.0, "ZONA": 6.0, "Empresa": "Agricola", "existentes": ""}, "geometry": {"type": "Point", "coordinates": [-76.4241, 3.2493904]}}, {"type": "Feature", "properties": {"OBJECTID": 308, "DETALLE": 0.0, "SECTOR": 2125.0, "ZONA": 6.0, "Empresa": "Agricola", "existentes": ""}, "geometry": {"type": "Point", "coordinates": [-76.423175, 3.2492024]}}, {"type": "Feature", "properties": {"OBJECTID": 309, "DETALLE": 0.0, "SECTOR": 2125.0, "ZONA": 6.0, "Empresa": "Agricola", "existentes": ""}, "geometry": {"type": "Point", "coordinates": [-76.4218916, 3.2490101]}}, {"type": "Feature", "properties": {"OBJECTID": 310, "DETALLE": 0.0, "SECTOR": 2125.0, "ZONA": 6.0, "Empresa": "Agricola", "existentes": ""}, "geometry": {"type": "Point", "coordinates": [-76.4187572, 3.2485375]}}, {"type": "Feature", "properties": {"OBJECTID": 311, "DETALLE": 0.0, "SECTOR": 2125.0, "ZONA": 6.0, "Empresa": "Agricola", "existentes": ""}, "geometry": {"type": "Point", "coordinates": [-76.4150967, 3.2478207]}}, {"type": "Feature", "properties": {"OBJECTID": 312, "DETALLE": 0.0, "SECTOR": 2125.0, "ZONA": 6.0, "Empresa": "Agricola", "existentes": ""}, "geometry": {"type": "Point", "coordinates": [-76.4127723, 3.2474014]}}, {"type": "Feature", "properties": {"OBJECTID": 313, "DETALLE": 0.0, "SECTOR": 2125.0, "ZONA": 6.0, "Empresa": "Agricola", "existentes": ""}, "geometry": {"type": "Point", "coordinates": [-76.4106722, 3.247016]}}, {"type": "Feature", "properties": {"OBJECTID": 314, "DETALLE": 0.0, "SECTOR": 2125.0, "ZONA": 6.0, "Empresa": "Agricola", "existentes": ""}, "geometry": {"type": "Point", "coordinates": [-76.4138482, 3.241634]}}, {"type": "Feature", "properties": {"OBJECTID": 315, "DETALLE": 0.0, "SECTOR": 2125.0, "ZONA": 6.0, "Empresa": "Agricola", "existentes": ""}, "geometry": {"type": "Point", "coordinates": [-76.4162044, 3.2420228]}}, {"type": "Feature", "properties": {"OBJECTID": 316, "DETALLE": 0.0, "SECTOR": 2125.0, "ZONA": 6.0, "Empresa": "Agricola", "existentes": ""}, "geometry": {"type": "Point", "coordinates": [-76.411744, 3.2411811]}}, {"type": "Feature", "properties": {"OBJECTID": 317, "DETALLE": 0.0, "SECTOR": 2125.0, "ZONA": 6.0, "Empresa": "Agricola", "existentes": ""}, "geometry": {"type": "Point", "coordinates": [-76.4180847, 3.2423866]}}, {"type": "Feature", "properties": {"OBJECTID": 318, "DETALLE": 0.0, "SECTOR": 2125.0, "ZONA": 6.0, "Empresa": "Agricola", "existentes": ""}, "geometry": {"type": "Point", "coordinates": [-76.4198313, 3.242695]}}, {"type": "Feature", "properties": {"OBJECTID": 319, "DETALLE": 0.0, "SECTOR": 2125.0, "ZONA": 6.0, "Empresa": "Agricola", "existentes": ""}, "geometry": {"type": "Point", "coordinates": [-76.4220714, 3.2430905]}}, {"type": "Feature", "properties": {"OBJECTID": 320, "DETALLE": 0.0, "SECTOR": 2125.0, "ZONA": 6.0, "Empresa": "Agricola", "existentes": ""}, "geometry": {"type": "Point", "coordinates": [-76.4236631, 3.2435389]}}, {"type": "Feature", "properties": {"OBJECTID": 321, "DETALLE": 0.0, "SECTOR": 2123.0, "ZONA": 6.0, "Empresa": "Agricola", "existentes": ""}, "geometry": {"type": "Point", "coordinates": [-76.411093, 3.2664511]}}, {"type": "Feature", "properties": {"OBJECTID": 322, "DETALLE": 0.0, "SECTOR": 2123.0, "ZONA": 6.0, "Empresa": "Agricola", "existentes": ""}, "geometry": {"type": "Point", "coordinates": [-76.4106884, 3.2664029]}}, {"type": "Feature", "properties": {"OBJECTID": 323, "DETALLE": 0.0, "SECTOR": 2123.0, "ZONA": 6.0, "Empresa": "Agricola", "existentes": ""}, "geometry": {"type": "Point", "coordinates": [-76.4011627, 3.271588]}}, {"type": "Feature", "properties": {"OBJECTID": 324, "DETALLE": 0.0, "SECTOR": 2123.0, "ZONA": 6.0, "Empresa": "Agricola", "existentes": ""}, "geometry": {"type": "Point", "coordinates": [-76.3986397, 3.2712033]}}, {"type": "Feature", "properties": {"OBJECTID": 325, "DETALLE": 0.0, "SECTOR": 2123.0, "ZONA": 6.0, "Empresa": "Agricola", "existentes": ""}, "geometry": {"type": "Point", "coordinates": [-76.3956031, 3.2740552]}}, {"type": "Feature", "properties": {"OBJECTID": 326, "DETALLE": 0.0, "SECTOR": 2112.0, "ZONA": 3.0, "Empresa": "Agricola", "existentes": ""}, "geometry": {"type": "Point", "coordinates": [-76.3000707, 3.3076]}}, {"type": "Feature", "properties": {"OBJECTID": 327, "DETALLE": 0.0, "SECTOR": 2112.0, "ZONA": 3.0, "Empresa": "Agricola", "existentes": ""}, "geometry": {"type": "Point", "coordinates": [-76.2980984, 3.3073388]}}, {"type": "Feature", "properties": {"OBJECTID": 328, "DETALLE": 0.0, "SECTOR": 2112.0, "ZONA": 3.0, "Empresa": "Agricola", "existentes": ""}, "geometry": {"type": "Point", "coordinates": [-76.3021789, 3.3078182]}}, {"type": "Feature", "properties": {"OBJECTID": 329, "DETALLE": 0.0, "SECTOR": 2112.0, "ZONA": 3.0, "Empresa": "Agricola", "existentes": ""}, "geometry": {"type": "Point", "coordinates": [-76.3040891, 3.3079992]}}, {"type": "Feature", "properties": {"OBJECTID": 330, "DETALLE": 0.0, "SECTOR": 2112.0, "ZONA": 3.0, "Empresa": "Agricola", "existentes": ""}, "geometry": {"type": "Point", "coordinates": [-76.3103993, 3.3086423]}}, {"type": "Feature", "properties": {"OBJECTID": 331, "DETALLE": 0.0, "SECTOR": 2112.0, "ZONA": 3.0, "Empresa": "Agricola", "existentes": ""}, "geometry": {"type": "Point", "coordinates": [-76.3082613, 3.308413]}}, {"type": "Feature", "properties": {"OBJECTID": 332, "DETALLE": 0.0, "SECTOR": 2112.0, "ZONA": 3.0, "Empresa": "Agricola", "existentes": ""}, "geometry": {"type": "Point", "coordinates": [-76.3060319, 3.3081921]}}, {"type": "Feature", "properties": {"OBJECTID": 333, "DETALLE": 0.0, "SECTOR": 2112.0, "ZONA": 3.0, "Empresa": "Agricola", "existentes": ""}, "geometry": {"type": "Point", "coordinates": [-76.2963736, 3.3070158]}}, {"type": "Feature", "properties": {"OBJECTID": 334, "DETALLE": 0.0, "SECTOR": 2110.0, "ZONA": 3.0, "Empresa": "Agricola", "existentes": ""}, "geometry": {"type": "Point", "coordinates": [-76.2840888, 3.3259871]}}, {"type": "Feature", "properties": {"OBJECTID": 335, "DETALLE": 0.0, "SECTOR": 2110.0, "ZONA": 3.0, "Empresa": "Agricola", "existentes": ""}, "geometry": {"type": "Point", "coordinates": [-76.284018, 3.3261292]}}, {"type": "Feature", "properties": {"OBJECTID": 336, "DETALLE": 0.0, "SECTOR": 2110.0, "ZONA": 3.0, "Empresa": "Agricola", "existentes": ""}, "geometry": {"type": "Point", "coordinates": [-76.2823365, 3.325379]}}, {"type": "Feature", "properties": {"OBJECTID": 337, "DETALLE": 0.0, "SECTOR": 2110.0, "ZONA": 3.0, "Empresa": "Agricola", "existentes": ""}, "geometry": {"type": "Point", "coordinates": [-76.2823015, 3.3255085]}}, {"type": "Feature", "properties": {"OBJECTID": 338, "DETALLE": 0.0, "SECTOR": 2110.0, "ZONA": 3.0, "Empresa": "Agricola", "existentes": ""}, "geometry": {"type": "Point", "coordinates": [-76.2799685, 3.3245446]}}, {"type": "Feature", "properties": {"OBJECTID": 339, "DETALLE": 0.0, "SECTOR": 2110.0, "ZONA": 3.0, "Empresa": "Agricola", "existentes": ""}, "geometry": {"type": "Point", "coordinates": [-76.2799153, 3.3246729]}}, {"type": "Feature", "properties": {"OBJECTID": 340, "DETALLE": 0.0, "SECTOR": 2110.0, "ZONA": 3.0, "Empresa": "Agricola", "existentes": ""}, "geometry": {"type": "Point", "coordinates": [-76.2777427, 3.3237396]}}, {"type": "Feature", "properties": {"OBJECTID": 341, "DETALLE": 0.0, "SECTOR": 2110.0, "ZONA": 3.0, "Empresa": "Agricola", "existentes": ""}, "geometry": {"type": "Point", "coordinates": [-76.2776984, 3.323917]}}, {"type": "Feature", "properties": {"OBJECTID": 342, "DETALLE": 0.0, "SECTOR": 2109.0, "ZONA": 2.0, "Empresa": "Agricola", "existentes": ""}, "geometry": {"type": "Point", "coordinates": [-76.2473142, 3.3705345]}}, {"type": "Feature", "properties": {"OBJECTID": 343, "DETALLE": 0.0, "SECTOR": 2109.0, "ZONA": 2.0, "Empresa": "Agricola", "existentes": ""}, "geometry": {"type": "Point", "coordinates": [-76.2452092, 3.371553]}}, {"type": "Feature", "properties": {"OBJECTID": 344, "DETALLE": 0.0, "SECTOR": 2109.0, "ZONA": 2.0, "Empresa": "Agricola", "existentes": ""}, "geometry": {"type": "Point", "coordinates": [-76.2431994, 3.3725975]}}, {"type": "Feature", "properties": {"OBJECTID": 345, "DETALLE": 0.0, "SECTOR": 2109.0, "ZONA": 2.0, "Empresa": "Agricola", "existentes": ""}, "geometry": {"type": "Point", "coordinates": [-76.2412995, 3.372975]}}, {"type": "Feature", "properties": {"OBJECTID": 346, "DETALLE": 0.0, "SECTOR": 2109.0, "ZONA": 2.0, "Empresa": "Agricola", "existentes": ""}, "geometry": {"type": "Point", "coordinates": [-76.2396612, 3.3737779]}}, {"type": "Feature", "properties": {"OBJECTID": 347, "DETALLE": 0.0, "SECTOR": 2109.0, "ZONA": 2.0, "Empresa": "Agricola", "existentes": ""}, "geometry": {"type": "Point", "coordinates": [-76.2376826, 3.3746832]}}, {"type": "Feature", "properties": {"OBJECTID": 348, "DETALLE": 0.0, "SECTOR": 2109.0, "ZONA": 2.0, "Empresa": "Agricola", "existentes": ""}, "geometry": {"type": "Point", "coordinates": [-76.2376648, 3.3748021]}}, {"type": "Feature", "properties": {"OBJECTID": 349, "DETALLE": 0.0, "SECTOR": 2109.0, "ZONA": 2.0, "Empresa": "Agricola", "existentes": ""}, "geometry": {"type": "Point", "coordinates": [-76.23704, 3.3750821]}}, {"type": "Feature", "properties": {"OBJECTID": 350, "DETALLE": 0.0, "SECTOR": 2109.0, "ZONA": 2.0, "Empresa": "Agricola", "existentes": ""}, "geometry": {"type": "Point", "coordinates": [-76.2417338, 3.3782555]}}, {"type": "Feature", "properties": {"OBJECTID": 351, "DETALLE": 0.0, "SECTOR": 2109.0, "ZONA": 2.0, "Empresa": "Agricola", "existentes": ""}, "geometry": {"type": "Point", "coordinates": [-76.2418078, 3.3784008]}}, {"type": "Feature", "properties": {"OBJECTID": 352, "DETALLE": 0.0, "SECTOR": 2109.0, "ZONA": 2.0, "Empresa": "Agricola", "existentes": ""}, "geometry": {"type": "Point", "coordinates": [-76.2398643, 3.379356]}}, {"type": "Feature", "properties": {"OBJECTID": 353, "DETALLE": 0.0, "SECTOR": 2109.0, "ZONA": 2.0, "Empresa": "Agricola", "existentes": ""}, "geometry": {"type": "Point", "coordinates": [-76.2378255, 3.3803973]}}, {"type": "Feature", "properties": {"OBJECTID": 354, "DETALLE": 0.0, "SECTOR": 2109.0, "ZONA": 2.0, "Empresa": "Agricola", "existentes": ""}, "geometry": {"type": "Point", "coordinates": [-76.2378067, 3.3802011]}}, {"type": "Feature", "properties": {"OBJECTID": 355, "DETALLE": 0.0, "SECTOR": 2109.0, "ZONA": 2.0, "Empresa": "Agricola", "existentes": ""}, "geometry": {"type": "Point", "coordinates": [-76.2431293, 3.3811425]}}, {"type": "Feature", "properties": {"OBJECTID": 356, "DETALLE": 0.0, "SECTOR": 2109.0, "ZONA": 2.0, "Empresa": "Agricola", "existentes": ""}, "geometry": {"type": "Point", "coordinates": [-76.2425904, 3.3817989]}}, {"type": "Feature", "properties": {"OBJECTID": 357, "DETALLE": 0.0, "SECTOR": 2111.0, "ZONA": 3.0, "Empresa": "Agricola", "existentes": ""}, "geometry": {"type": "Point", "coordinates": [-76.2956618, 3.2629208]}}, {"type": "Feature", "properties": {"OBJECTID": 358, "DETALLE": 0.0, "SECTOR": 2111.0, "ZONA": 3.0, "Empresa": "Agricola", "existentes": ""}, "geometry": {"type": "Point", "coordinates": [-76.3211219, 3.2477556]}}, {"type": "Feature", "properties": {"OBJECTID": 359, "DETALLE": 0.0, "SECTOR": 2111.0, "ZONA": 3.0, "Empresa": "Agricola", "existentes": ""}, "geometry": {"type": "Point", "coordinates": [-76.2977878, 3.257503]}}, {"type": "Feature", "properties": {"OBJECTID": 361, "DETALLE": 0.0, "SECTOR": 2118.0, "ZONA": 3.0, "Empresa": "Agricola", "existentes": ""}, "geometry": {"type": "Point", "coordinates": [-76.3064107, 3.2458481]}}, {"type": "Feature", "properties": {"OBJECTID": 362, "DETALLE": 0.0, "SECTOR": 2118.0, "ZONA": 3.0, "Empresa": "Agricola", "existentes": ""}, "geometry": {"type": "Point", "coordinates": [-76.3050408, 3.2457621]}}, {"type": "Feature", "properties": {"OBJECTID": 363, "DETALLE": 0.0, "SECTOR": 2118.0, "ZONA": 3.0, "Empresa": "Agricola", "existentes": ""}, "geometry": {"type": "Point", "coordinates": [-76.3036168, 3.2456661]}}, {"type": "Feature", "properties": {"OBJECTID": 364, "DETALLE": 0.0, "SECTOR": 2118.0, "ZONA": 3.0, "Empresa": "Agricola", "existentes": ""}, "geometry": {"type": "Point", "coordinates": [-76.309368, 3.2460094]}}, {"type": "Feature", "properties": {"OBJECTID": 365, "DETALLE": 0.0, "SECTOR": 2132.0, "ZONA": 5.0, "Empresa": "Agricola", "existentes": ""}, "geometry": {"type": "Point", "coordinates": [-76.3455806, 3.1620491]}}, {"type": "Feature", "properties": {"OBJECTID": 366, "DETALLE": 0.0, "SECTOR": 2132.0, "ZONA": 5.0, "Empresa": "Agricola", "existentes": ""}, "geometry": {"type": "Point", "coordinates": [-76.3441664, 3.1618062]}}, {"type": "Feature", "properties": {"OBJECTID": 367, "DETALLE": 0.0, "SECTOR": 2132.0, "ZONA": 5.0, "Empresa": "Agricola", "existentes": ""}, "geometry": {"type": "Point", "coordinates": [-76.3429137, 3.1615864]}}, {"type": "Feature", "properties": {"OBJECTID": 368, "DETALLE": 0.0, "SECTOR": 2228.0, "ZONA": 5.0, "Empresa": "Agricola", "existentes": ""}, "geometry": {"type": "Point", "coordinates": [-76.3433688, 3.1562017]}}, {"type": "Feature", "properties": {"OBJECTID": 369, "DETALLE": 0.0, "SECTOR": 2228.0, "ZONA": 5.0, "Empresa": "Agricola", "existentes": ""}, "geometry": {"type": "Point", "coordinates": [-76.3418101, 3.1553467]}}, {"type": "Feature", "properties": {"OBJECTID": 370, "DETALLE": 0.0, "SECTOR": 2228.0, "ZONA": 5.0, "Empresa": "Agricola", "existentes": ""}, "geometry": {"type": "Point", "coordinates": [-76.340266, 3.1544692]}}, {"type": "Feature", "properties": {"OBJECTID": 371, "DETALLE": 0.0, "SECTOR": 2119.0, "ZONA": 5.0, "Empresa": "Agricola", "existentes": ""}, "geometry": {"type": "Point", "coordinates": [-76.3377785, 3.1529895]}}, {"type": "Feature", "properties": {"OBJECTID": 372, "DETALLE": 0.0, "SECTOR": 2119.0, "ZONA": 5.0, "Empresa": "Agricola", "existentes": ""}, "geometry": {"type": "Point", "coordinates": [-76.3376593, 3.1530502]}}, {"type": "Feature", "properties": {"OBJECTID": 373, "DETALLE": 0.0, "SECTOR": 2119.0, "ZONA": 5.0, "Empresa": "Agricola", "existentes": ""}, "geometry": {"type": "Point", "coordinates": [-76.3365801, 3.155312]}}, {"type": "Feature", "properties": {"OBJECTID": 375, "DETALLE": 0.0, "SECTOR": 2125.0, "ZONA": 6.0, "Empresa": "Agricola", "existentes": ""}, "geometry": {"type": "Point", "coordinates": [-76.4169632, 3.2481571]}}, {"type": "Feature", "properties": {"OBJECTID": 377, "DETALLE": 0.0, "SECTOR": 2125.0, "ZONA": 6.0, "Empresa": "Agricola", "existentes": ""}, "geometry": {"type": "Point", "coordinates": [-76.4205854, 3.248838]}}, {"type": "Feature", "properties": {"OBJECTID": 378, "DETALLE": 0.0, "SECTOR": 2228.0, "ZONA": 5.0, "Empresa": "Agricola", "existentes": ""}, "geometry": {"type": "Point", "coordinates": [-76.3402773, 3.1543803]}}, {"type": "Feature", "properties": {"OBJECTID": 379, "DETALLE": 0.0, "SECTOR": 2228.0, "ZONA": 5.0, "Empresa": "Agricola", "existentes": ""}, "geometry": {"type": "Point", "coordinates": [-76.3418244, 3.1552458]}}, {"type": "Feature", "properties": {"OBJECTID": 399, "DETALLE": 0.0, "SECTOR": 2117.0, "ZONA": 3.0, "Empresa": "Agricola", "existentes": ""}, "geometry": {"type": "Point", "coordinates": [-76.2747584, 3.2833642]}}, {"type": "Feature", "properties": {"OBJECTID": 400, "DETALLE": 0.0, "SECTOR": 2117.0, "ZONA": 3.0, "Empresa": "Agricola", "existentes": ""}, "geometry": {"type": "Point", "coordinates": [-76.2768228, 3.2823069]}}, {"type": "Feature", "properties": {"OBJECTID": 401, "DETALLE": 0.0, "SECTOR": 2117.0, "ZONA": 3.0, "Empresa": "Agricola", "existentes": ""}, "geometry": {"type": "Point", "coordinates": [-76.2767416, 3.2820038]}}, {"type": "Feature", "properties": {"OBJECTID": 402, "DETALLE": 0.0, "SECTOR": 2117.0, "ZONA": 3.0, "Empresa": "Agricola", "existentes": ""}, "geometry": {"type": "Point", "coordinates": [-76.2729852, 3.2821305]}}, {"type": "Feature", "properties": {"OBJECTID": 403, "DETALLE": 0.0, "SECTOR": 2117.0, "ZONA": 3.0, "Empresa": "Agricola", "existentes": ""}, "geometry": {"type": "Point", "coordinates": [-76.2711501, 3.2803352]}}, {"type": "Feature", "properties": {"OBJECTID": 404, "DETALLE": 0.0, "SECTOR": 2117.0, "ZONA": 3.0, "Empresa": "Agricola", "existentes": ""}, "geometry": {"type": "Point", "coordinates": [-76.2692403, 3.281209]}}, {"type": "Feature", "properties": {"OBJECTID": 405, "DETALLE": 0.0, "SECTOR": 2117.0, "ZONA": 3.0, "Empresa": "Agricola", "existentes": ""}, "geometry": {"type": "Point", "coordinates": [-76.2672685, 3.282111]}}, {"type": "Feature", "properties": {"OBJECTID": 406, "DETALLE": 0.0, "SECTOR": 2117.0, "ZONA": 3.0, "Empresa": "Agricola", "existentes": ""}, "geometry": {"type": "Point", "coordinates": [-76.2652896, 3.2830163]}}, {"type": "Feature", "properties": {"OBJECTID": 407, "DETALLE": 0.0, "SECTOR": 2117.0, "ZONA": 3.0, "Empresa": "Agricola", "existentes": ""}, "geometry": {"type": "Point", "coordinates": [-76.2632201, 3.2839631]}}, {"type": "Feature", "properties": {"OBJECTID": 408, "DETALLE": 0.0, "SECTOR": 2117.0, "ZONA": 3.0, "Empresa": "Agricola", "existentes": ""}, "geometry": {"type": "Point", "coordinates": [-76.2611832, 3.2849171]}}, {"type": "Feature", "properties": {"OBJECTID": 413, "DETALLE": 0.0, "SECTOR": 2111.0, "ZONA": 3.0, "Empresa": "Agricola", "existentes": ""}, "geometry": {"type": "Point", "coordinates": [-76.3218981, 3.2547133]}}, {"type": "Feature", "properties": {"OBJECTID": 414, "DETALLE": 0.0, "SECTOR": 2138.0, "ZONA": 1.0, "Empresa": "Agricola", "existentes": ""}, "geometry": {"type": "Point", "coordinates": [-76.2543342, 3.4243216]}}, {"type": "Feature", "properties": {"OBJECTID": 415, "DETALLE": 0.0, "SECTOR": 0.0, "ZONA": 1.0, "Empresa": "Agricola", "existentes": ""}, "geometry": {"type": "Point", "coordinates": [-76.2533397, 3.4259672]}}, {"type": "Feature", "properties": {"OBJECTID": 416, "DETALLE": 0.0, "SECTOR": 2138.0, "ZONA": 1.0, "Empresa": "Agricola", "existentes": ""}, "geometry": {"type": "Point", "coordinates": [-76.2548205, 3.4266355]}}, {"type": "Feature", "properties": {"OBJECTID": 422, "DETALLE": 0.0, "SECTOR": 2143.0, "ZONA": 5.0, "Empresa": "Agricola", "existentes": ""}, "geometry": {"type": "Point", "coordinates": [-76.3432117, 3.1795513]}}, {"type": "Feature", "properties": {"OBJECTID": 423, "DETALLE": 0.0, "SECTOR": 2143.0, "ZONA": 5.0, "Empresa": "Agricola", "existentes": ""}, "geometry": {"type": "Point", "coordinates": [-76.3417771, 3.182395]}}, {"type": "Feature", "properties": {"OBJECTID": 424, "DETALLE": 0.0, "SECTOR": 2143.0, "ZONA": 5.0, "Empresa": "Agricola", "existentes": ""}, "geometry": {"type": "Point", "coordinates": [-76.3401988, 3.182286]}}, {"type": "Feature", "properties": {"OBJECTID": 425, "DETALLE": 0.0, "SECTOR": 2143.0, "ZONA": 5.0, "Empresa": "Agricola", "existentes": ""}, "geometry": {"type": "Point", "coordinates": [-76.3426552, 3.1846907]}}, {"type": "Feature", "properties": {"OBJECTID": 426, "DETALLE": 0.0, "SECTOR": 2143.0, "ZONA": 5.0, "Empresa": "Agricola", "existentes": ""}, "geometry": {"type": "Point", "coordinates": [-76.3364963, 3.1807771]}}, {"type": "Feature", "properties": {"OBJECTID": 427, "DETALLE": 0.0, "SECTOR": 2143.0, "ZONA": 5.0, "Empresa": "Agricola", "existentes": ""}, "geometry": {"type": "Point", "coordinates": [-76.3376129, 3.1812572]}}, {"type": "Feature", "properties": {"OBJECTID": 428, "DETALLE": 0.0, "SECTOR": 2143.0, "ZONA": 5.0, "Empresa": "Agricola", "existentes": ""}, "geometry": {"type": "Point", "coordinates": [-76.3444628, 3.1796804]}}, {"type": "Feature", "properties": {"OBJECTID": 429, "DETALLE": 0.0, "SECTOR": 2143.0, "ZONA": 5.0, "Empresa": "Agricola", "existentes": ""}, "geometry": {"type": "Point", "coordinates": [-76.3450807, 3.1803014]}}, {"type": "Feature", "properties": {"OBJECTID": 430, "DETALLE": 0.0, "SECTOR": 2143.0, "ZONA": 5.0, "Empresa": "Agricola", "existentes": ""}, "geometry": {"type": "Point", "coordinates": [-76.3473754, 3.1818624]}}, {"type": "Feature", "properties": {"OBJECTID": 431, "DETALLE": 0.0, "SECTOR": 2143.0, "ZONA": 5.0, "Empresa": "Agricola", "existentes": ""}, "geometry": {"type": "Point", "coordinates": [-76.3483899, 3.1821523]}}, {"type": "Feature", "properties": {"OBJECTID": 432, "DETALLE": 0.0, "SECTOR": 2142.0, "ZONA": 5.0, "Empresa": "Agricola", "existentes": ""}, "geometry": {"type": "Point", "coordinates": [-76.3389028, 3.1858992]}}, {"type": "Feature", "properties": {"OBJECTID": 433, "DETALLE": 0.0, "SECTOR": 2142.0, "ZONA": 5.0, "Empresa": "Agricola", "existentes": ""}, "geometry": {"type": "Point", "coordinates": [-76.3446731, 3.1903691]}}, {"type": "Feature", "properties": {"OBJECTID": 434, "DETALLE": 0.0, "SECTOR": 2142.0, "ZONA": 5.0, "Empresa": "Agricola", "existentes": ""}, "geometry": {"type": "Point", "coordinates": [-76.338259, 3.1881296]}}, {"type": "Feature", "properties": {"OBJECTID": 435, "DETALLE": 0.0, "SECTOR": 2142.0, "ZONA": 5.0, "Empresa": "Agricola", "existentes": ""}, "geometry": {"type": "Point", "coordinates": [-76.3335004, 3.1875936]}}, {"type": "Feature", "properties": {"OBJECTID": 436, "DETALLE": 0.0, "SECTOR": 2142.0, "ZONA": 5.0, "Empresa": "Agricola", "existentes": ""}, "geometry": {"type": "Point", "coordinates": [-76.3301032, 3.1868331]}}, {"type": "Feature", "properties": {"OBJECTID": 437, "DETALLE": 0.0, "SECTOR": 2142.0, "ZONA": 5.0, "Empresa": "Agricola", "existentes": ""}, "geometry": {"type": "Point", "coordinates": [-76.3359795, 3.1880751]}}, {"type": "Feature", "properties": {"OBJECTID": 438, "DETALLE": 0.0, "SECTOR": 2142.0, "ZONA": 5.0, "Empresa": "Agricola", "existentes": ""}, "geometry": {"type": "Point", "coordinates": [-76.341035, 3.1872326]}}, {"type": "Feature", "properties": {"OBJECTID": 439, "DETALLE": 0.0, "SECTOR": 2142.0, "ZONA": 5.0, "Empresa": "Agricola", "existentes": ""}, "geometry": {"type": "Point", "coordinates": [-76.3418834, 3.1879725]}}, {"type": "Feature", "properties": {"OBJECTID": 440, "DETALLE": 0.0, "SECTOR": 2142.0, "ZONA": 5.0, "Empresa": "Agricola", "existentes": ""}, "geometry": {"type": "Point", "coordinates": [-76.3436384, 3.1894787]}}, {"type": "Feature", "properties": {"OBJECTID": 441, "DETALLE": 0.0, "SECTOR": 2143.0, "ZONA": 5.0, "Empresa": "Agricola", "existentes": ""}, "geometry": {"type": "Point", "coordinates": [-76.3391856, 3.1848887]}}, {"type": "Feature", "properties": {"OBJECTID": 442, "DETALLE": 0.0, "SECTOR": 2143.0, "ZONA": 5.0, "Empresa": "Agricola", "existentes": ""}, "geometry": {"type": "Point", "coordinates": [-76.3396279, 3.1837244]}}, {"type": "Feature", "properties": {"OBJECTID": 443, "DETALLE": 0.0, "SECTOR": 2143.0, "ZONA": 5.0, "Empresa": "Agricola", "existentes": ""}, "geometry": {"type": "Point", "coordinates": [-76.3388052, 3.1817579]}}, {"type": "Feature", "properties": {"OBJECTID": 444, "DETALLE": 0.0, "SECTOR": 2143.0, "ZONA": 5.0, "Empresa": "Agricola", "existentes": ""}, "geometry": {"type": "Point", "coordinates": [-76.3430012, 3.1837325]}}, {"type": "Feature", "properties": {"OBJECTID": 445, "DETALLE": 0.0, "SECTOR": 2143.0, "ZONA": 5.0, "Empresa": "Agricola", "existentes": ""}, "geometry": {"type": "Point", "coordinates": [-76.3434584, 3.1825371]}}, {"type": "Feature", "properties": {"OBJECTID": 446, "DETALLE": 0.0, "SECTOR": 2143.0, "ZONA": 5.0, "Empresa": "Agricola", "existentes": ""}, "geometry": {"type": "Point", "coordinates": [-76.3408727, 3.179399]}}, {"type": "Feature", "properties": {"OBJECTID": 447, "DETALLE": 0.0, "SECTOR": 2143.0, "ZONA": 5.0, "Empresa": "Agricola", "existentes": ""}, "geometry": {"type": "Point", "coordinates": [-76.3396731, 3.1793185]}}, {"type": "Feature", "properties": {"OBJECTID": 448, "DETALLE": 0.0, "SECTOR": 2143.0, "ZONA": 5.0, "Empresa": "Agricola", "existentes": ""}, "geometry": {"type": "Point", "coordinates": [-76.3463986, 3.1815834]}}, {"type": "Feature", "properties": {"OBJECTID": 449, "DETALLE": 0.0, "SECTOR": 2228.0, "ZONA": 5.0, "Empresa": "Agricola", "existentes": ""}, "geometry": {"type": "Point", "coordinates": [-76.34687, 3.15473]}}, {"type": "Feature", "properties": {"OBJECTID": 450, "DETALLE": 0.0, "SECTOR": 2228.0, "ZONA": 5.0, "Empresa": "Agricola", "existentes": ""}, "geometry": {"type": "Point", "coordinates": [-76.3478523, 3.154975]}}, {"type": "Feature", "properties": {"OBJECTID": 451, "DETALLE": 0.0, "SECTOR": 2228.0, "ZONA": 5.0, "Empresa": "Agricola", "existentes": ""}, "geometry": {"type": "Point", "coordinates": [-76.343662, 3.1540101]}}, {"type": "Feature", "properties": {"OBJECTID": 452, "DETALLE": 0.0, "SECTOR": 2228.0, "ZONA": 5.0, "Empresa": "Agricola", "existentes": ""}, "geometry": {"type": "Point", "coordinates": [-76.339487, 3.1540616]}}, {"type": "Feature", "properties": {"OBJECTID": 453, "DETALLE": 0.0, "SECTOR": 2132.0, "ZONA": 5.0, "Empresa": "Agricola", "existentes": ""}, "geometry": {"type": "Point", "coordinates": [-76.3426485, 3.1613365]}}, {"type": "Feature", "properties": {"OBJECTID": 454, "DETALLE": 0.0, "SECTOR": 2228.0, "ZONA": 5.0, "Empresa": "Agricola", "existentes": ""}, "geometry": {"type": "Point", "coordinates": [-76.3446976, 3.1542298]}}, {"type": "Feature", "properties": {"OBJECTID": 455, "DETALLE": 0.0, "SECTOR": 2105.0, "ZONA": 0.0, "Empresa": "Agricola", "existentes": ""}, "geometry": {"type": "Point", "coordinates": [-76.3149634, 3.3803565]}}, {"type": "Feature", "properties": {"OBJECTID": 456, "DETALLE": 0.0, "SECTOR": 2105.0, "ZONA": 0.0, "Empresa": "Agricola", "existentes": ""}, "geometry": {"type": "Point", "coordinates": [-76.3105481, 3.378665]}}, {"type": "Feature", "properties": {"OBJECTID": 457, "DETALLE": 0.0, "SECTOR": 2141.0, "ZONA": 3.0, "Empresa": "Agricola", "existentes": ""}, "geometry": {"type": "Point", "coordinates": [-76.3673912, 3.1775777]}}, {"type": "Feature", "properties": {"OBJECTID": 458, "DETALLE": 0.0, "SECTOR": 2141.0, "ZONA": 3.0, "Empresa": "Agricola", "existentes": ""}, "geometry": {"type": "Point", "coordinates": [-76.3660496, 3.1774495]}}, {"type": "Feature", "properties": {"OBJECTID": 459, "DETALLE": 0.0, "SECTOR": 2141.0, "ZONA": 3.0, "Empresa": "Agricola", "existentes": ""}, "geometry": {"type": "Point", "coordinates": [-76.3645516, 3.177329]}}, {"type": "Feature", "properties": {"OBJECTID": 461, "DETALLE": 0.0, "SECTOR": 2141.0, "ZONA": 3.0, "Empresa": "Agricola", "existentes": ""}, "geometry": {"type": "Point", "coordinates": [-76.3667544, 3.1739066]}}, {"type": "Feature", "properties": {"OBJECTID": 462, "DETALLE": 0.0, "SECTOR": 2141.0, "ZONA": 3.0, "Empresa": "Agricola", "existentes": ""}, "geometry": {"type": "Point", "coordinates": [-76.3654393, 3.1737636]}}, {"type": "Feature", "properties": {"OBJECTID": 463, "DETALLE": 0.0, "SECTOR": 2141.0, "ZONA": 3.0, "Empresa": "Agricola", "existentes": ""}, "geometry": {"type": "Point", "coordinates": [-76.3607758, 3.1726364]}}, {"type": "Feature", "properties": {"OBJECTID": 464, "DETALLE": 0.0, "SECTOR": 2141.0, "ZONA": 3.0, "Empresa": "Agricola", "existentes": ""}, "geometry": {"type": "Point", "coordinates": [-76.3605263, 3.1715152]}}, {"type": "Feature", "properties": {"OBJECTID": 465, "DETALLE": 0.0, "SECTOR": 2141.0, "ZONA": 3.0, "Empresa": "Agricola", "existentes": ""}, "geometry": {"type": "Point", "coordinates": [-76.3607805, 3.1738197]}}, {"type": "Feature", "properties": {"OBJECTID": 466, "DETALLE": 0.0, "SECTOR": 2141.0, "ZONA": 3.0, "Empresa": "Agricola", "existentes": ""}, "geometry": {"type": "Point", "coordinates": [-76.3606966, 3.1737903]}}, {"type": "Feature", "properties": {"OBJECTID": 467, "DETALLE": 0.0, "SECTOR": 2141.0, "ZONA": 3.0, "Empresa": "Agricola", "existentes": ""}, "geometry": {"type": "Point", "coordinates": [-76.3599894, 3.1739543]}}, {"type": "Feature", "properties": {"OBJECTID": 468, "DETALLE": 0.0, "SECTOR": 2141.0, "ZONA": 3.0, "Empresa": "Agricola", "existentes": ""}, "geometry": {"type": "Point", "coordinates": [-76.3592268, 3.1745049]}}, {"type": "Feature", "properties": {"OBJECTID": 472, "DETALLE": 0.0, "SECTOR": 2141.0, "ZONA": 3.0, "Empresa": "Agricola", "existentes": ""}, "geometry": {"type": "Point", "coordinates": [-76.3607848, 3.174864]}}, {"type": "Feature", "properties": {"OBJECTID": 473, "DETALLE": 0.0, "SECTOR": 2141.0, "ZONA": 3.0, "Empresa": "Agricola", "existentes": ""}, "geometry": {"type": "Point", "coordinates": [-76.3624299, 3.1752768]}}, {"type": "Feature", "properties": {"OBJECTID": 475, "DETALLE": 0.0, "SECTOR": 2141.0, "ZONA": 3.0, "Empresa": "Agricola", "existentes": ""}, "geometry": {"type": "Point", "coordinates": [-76.3725093, 3.176904]}}, {"type": "Feature", "properties": {"OBJECTID": 476, "DETALLE": 0.0, "SECTOR": 2141.0, "ZONA": 3.0, "Empresa": "Agricola", "existentes": ""}, "geometry": {"type": "Point", "coordinates": [-76.3730176, 3.1745947]}}, {"type": "Feature", "properties": {"OBJECTID": 477, "DETALLE": 0.0, "SECTOR": 2141.0, "ZONA": 3.0, "Empresa": "Agricola", "existentes": ""}, "geometry": {"type": "Point", "coordinates": [-76.3741991, 3.1747093]}}, {"type": "Feature", "properties": {"OBJECTID": 478, "DETALLE": 0.0, "SECTOR": 2141.0, "ZONA": 3.0, "Empresa": "Agricola", "existentes": ""}, "geometry": {"type": "Point", "coordinates": [-76.3718295, 3.1744933]}}, {"type": "Feature", "properties": {"OBJECTID": 480, "DETALLE": 0.0, "SECTOR": 2141.0, "ZONA": 3.0, "Empresa": "Agricola", "existentes": ""}, "geometry": {"type": "Point", "coordinates": [-76.3756245, 3.1748583]}}, {"type": "Feature", "properties": {"OBJECTID": 481, "DETALLE": 0.0, "SECTOR": 2141.0, "ZONA": 3.0, "Empresa": "Agricola", "existentes": ""}, "geometry": {"type": "Point", "coordinates": [-76.3616647, 3.1816136]}}, {"type": "Feature", "properties": {"OBJECTID": 482, "DETALLE": 0.0, "SECTOR": 2141.0, "ZONA": 3.0, "Empresa": "Agricola", "existentes": ""}, "geometry": {"type": "Point", "coordinates": [-76.3604778, 3.1804074]}}, {"type": "Feature", "properties": {"OBJECTID": 483, "DETALLE": 0.0, "SECTOR": 2141.0, "ZONA": 3.0, "Empresa": "Agricola", "existentes": ""}, "geometry": {"type": "Point", "coordinates": [-76.3588286, 3.1767038]}}, {"type": "Feature", "properties": {"OBJECTID": 484, "DETALLE": 0.0, "SECTOR": 2141.0, "ZONA": 3.0, "Empresa": "Agricola", "existentes": ""}, "geometry": {"type": "Point", "coordinates": [-76.3674664, 3.1727765]}}, {"type": "Feature", "properties": {"OBJECTID": 485, "DETALLE": 0.0, "SECTOR": 2141.0, "ZONA": 3.0, "Empresa": "Agricola", "existentes": ""}, "geometry": {"type": "Point", "coordinates": [-76.3687511, 3.1707636]}}, {"type": "Feature", "properties": {"OBJECTID": 486, "DETALLE": 0.0, "SECTOR": 2141.0, "ZONA": 3.0, "Empresa": "Agricola", "existentes": ""}, "geometry": {"type": "Point", "coordinates": [-76.3692631, 3.1699575]}}, {"type": "Feature", "properties": {"OBJECTID": 487, "DETALLE": 0.0, "SECTOR": 2118.0, "ZONA": 0.0, "Empresa": "Agricola", "existentes": ""}, "geometry": {"type": "Point", "coordinates": [-76.2983141, 3.2389858]}}, {"type": "Feature", "properties": {"OBJECTID": 488, "DETALLE": 0.0, "SECTOR": 2118.0, "ZONA": 0.0, "Empresa": "Agricola", "existentes": ""}, "geometry": {"type": "Point", "coordinates": [-76.300148, 3.2409944]}}, {"type": "Feature", "properties": {"OBJECTID": 489, "DETALLE": 0.0, "SECTOR": 2118.0, "ZONA": 3.0, "Empresa": "Agricola", "existentes": ""}, "geometry": {"type": "Point", "coordinates": [-76.3073302, 3.2458916]}}, {"type": "Feature", "properties": {"OBJECTID": 490, "DETALLE": 0.0, "SECTOR": 2117.0, "ZONA": 3.0, "Empresa": "Agricola", "existentes": ""}, "geometry": {"type": "Point", "coordinates": [-76.2748956, 3.2822114]}}, {"type": "Feature", "properties": {"OBJECTID": 491, "DETALLE": 0.0, "SECTOR": 2108.0, "ZONA": 6.0, "Empresa": "Agricola", "existentes": ""}, "geometry": {"type": "Point", "coordinates": [-76.3561807, 3.3756762]}}, {"type": "Feature", "properties": {"OBJECTID": 492, "DETALLE": 0.0, "SECTOR": 2108.0, "ZONA": 6.0, "Empresa": "Agricola", "existentes": ""}, "geometry": {"type": "Point", "coordinates": [-76.3561759, 3.3752236]}}, {"type": "Feature", "properties": {"OBJECTID": 502, "DETALLE": 0.0, "SECTOR": 2141.0, "ZONA": 3.0, "Empresa": "Agricola", "existentes": ""}, "geometry": {"type": "Point", "coordinates": [-76.3617319, 3.1791959]}}, {"type": "Feature", "properties": {"OBJECTID": 503, "DETALLE": 0.0, "SECTOR": 2141.0, "ZONA": 3.0, "Empresa": "Agricola", "existentes": ""}, "geometry": {"type": "Point", "coordinates": [-76.3727506, 3.175787]}}, {"type": "Feature", "properties": {"OBJECTID": 504, "DETALLE": 0.0, "SECTOR": 2101.0, "ZONA": 1.0, "Empresa": "Agricola", "existentes": ""}, "geometry": {"type": "Point", "coordinates": [-76.2986378, 3.4288283]}}, {"type": "Feature", "properties": {"OBJECTID": 505, "DETALLE": 0.0, "SECTOR": 2141.0, "ZONA": 3.0, "Empresa": "Agricola", "existentes": ""}, "geometry": {"type": "Point", "coordinates": [-76.3584924, 3.1719235]}}, {"type": "Feature", "properties": {"OBJECTID": 506, "DETALLE": 0.0, "SECTOR": 2132.0, "ZONA": 0.0, "Empresa": "", "existentes": ""}, "geometry": {"type": "Point", "coordinates": [-76.3462224, 3.1621629]}}, {"type": "Feature", "properties": {"OBJECTID": 507, "DETALLE": 0.0, "SECTOR": 2142.0, "ZONA": 0.0, "Empresa": "", "existentes": ""}, "geometry": {"type": "Point", "coordinates": [-76.3312165, 3.1872631]}}, {"type": "Feature", "properties": {"OBJECTID": 508, "DETALLE": 0.0, "SECTOR": 2696.0, "ZONA": 0.0, "Empresa": "Agricola", "existentes": ""}, "geometry": {"type": "Point", "coordinates": [-76.2544701, 3.2382966]}}, {"type": "Feature", "properties": {"OBJECTID": 509, "DETALLE": 0.0, "SECTOR": 2696.0, "ZONA": 0.0, "Empresa": "Agricola", "existentes": ""}, "geometry": {"type": "Point", "coordinates": [-76.2524121, 3.2378076]}}, {"type": "Feature", "properties": {"OBJECTID": 510, "DETALLE": 0.0, "SECTOR": 2696.0, "ZONA": 0.0, "Empresa": "Agricola", "existentes": ""}, "geometry": {"type": "Point", "coordinates": [-76.2499701, 3.2372174]}}, {"type": "Feature", "properties": {"OBJECTID": 511, "DETALLE": 0.0, "SECTOR": 2696.0, "ZONA": 0.0, "Empresa": "Agricola", "existentes": "no"}, "geometry": {"type": "Point", "coordinates": [-76.254497, 3.2347103]}}, {"type": "Feature", "properties": {"OBJECTID": 512, "DETALLE": 0.0, "SECTOR": 2696.0, "ZONA": 0.0, "Empresa": "Agricola", "existentes": "no"}, "geometry": {"type": "Point", "coordinates": [-76.2525347, 3.2343683]}}, {"type": "Feature", "properties": {"OBJECTID": 513, "DETALLE": 0.0, "SECTOR": 2696.0, "ZONA": 0.0, "Empresa": "Agricola", "existentes": "no"}, "geometry": {"type": "Point", "coordinates": [-76.2511623, 3.2341044]}}, {"type": "Feature", "properties": {"OBJECTID": 514, "DETALLE": 0.0, "SECTOR": 2696.0, "ZONA": 0.0, "Empresa": "Agricola", "existentes": ""}, "geometry": {"type": "Point", "coordinates": [-76.2495022, 3.2342272]}}, {"type": "Feature", "properties": {"OBJECTID": 515, "DETALLE": 0.0, "SECTOR": 2696.0, "ZONA": 0.0, "Empresa": "Agricola", "existentes": ""}, "geometry": {"type": "Point", "coordinates": [-76.2465482, 3.2380872]}}, {"type": "Feature", "properties": {"OBJECTID": 516, "DETALLE": 0.0, "SECTOR": 2696.0, "ZONA": 0.0, "Empresa": "Agricola", "existentes": ""}, "geometry": {"type": "Point", "coordinates": [-76.246367, 3.2359938]}}, {"type": "Feature", "properties": {"OBJECTID": 517, "DETALLE": 0.0, "SECTOR": 2696.0, "ZONA": 0.0, "Empresa": "Agricola", "existentes": ""}, "geometry": {"type": "Point", "coordinates": [-76.24535, 3.2357232]}}, {"type": "Feature", "properties": {"OBJECTID": 518, "DETALLE": 0.0, "SECTOR": 2696.0, "ZONA": 0.0, "Empresa": "Agricola", "existentes": "no"}, "geometry": {"type": "Point", "coordinates": [-76.2402247, 3.2388971]}}, {"type": "Feature", "properties": {"OBJECTID": 519, "DETALLE": 0.0, "SECTOR": 2696.0, "ZONA": 0.0, "Empresa": "Agricola", "existentes": "no"}, "geometry": {"type": "Point", "coordinates": [-76.2446843, 3.2414761]}}, {"type": "Feature", "properties": {"OBJECTID": 520, "DETALLE": 0.0, "SECTOR": 2696.0, "ZONA": 0.0, "Empresa": "Agricola", "existentes": "no"}, "geometry": {"type": "Point", "coordinates": [-76.2433714, 3.2411863]}}, {"type": "Feature", "properties": {"OBJECTID": 521, "DETALLE": 0.0, "SECTOR": 2696.0, "ZONA": 0.0, "Empresa": "Agricola", "existentes": "no"}, "geometry": {"type": "Point", "coordinates": [-76.2446487, 3.2416041]}}, {"type": "Feature", "properties": {"OBJECTID": 522, "DETALLE": 0.0, "SECTOR": 2696.0, "ZONA": 0.0, "Empresa": "Agricola", "existentes": "no"}, "geometry": {"type": "Point", "coordinates": [-76.2472302, 3.2406595]}}, {"type": "Feature", "properties": {"OBJECTID": 523, "DETALLE": 0.0, "SECTOR": 2696.0, "ZONA": 0.0, "Empresa": "Agricola", "existentes": "no"}, "geometry": {"type": "Point", "coordinates": [-76.2537819, 3.2425176]}}, {"type": "Feature", "properties": {"OBJECTID": 524, "DETALLE": 0.0, "SECTOR": 2696.0, "ZONA": 0.0, "Empresa": "Agricola", "existentes": "no"}, "geometry": {"type": "Point", "coordinates": [-76.255643, 3.2426618]}}, {"type": "Feature", "properties": {"OBJECTID": 525, "DETALLE": 0.0, "SECTOR": 2696.0, "ZONA": 0.0, "Empresa": "Agricola", "existentes": "no"}, "geometry": {"type": "Point", "coordinates": [-76.2556429, 3.2424716]}}, {"type": "Feature", "properties": {"OBJECTID": 526, "DETALLE": 0.0, "SECTOR": 2696.0, "ZONA": 0.0, "Empresa": "Agricola", "existentes": "no"}, "geometry": {"type": "Point", "coordinates": [-76.2560925, 3.2426952]}}, {"type": "Feature", "properties": {"OBJECTID": 527, "DETALLE": 0.0, "SECTOR": 2217.0, "ZONA": 0.0, "Empresa": "Agricola", "existentes": ""}, "geometry": {"type": "Point", "coordinates": [-76.2448716, 3.2929262]}}, {"type": "Feature", "properties": {"OBJECTID": 528, "DETALLE": 0.0, "SECTOR": 2217.0, "ZONA": 0.0, "Empresa": "Agricola", "existentes": ""}, "geometry": {"type": "Point", "coordinates": [-76.2452276, 3.2932646]}}, {"type": "Feature", "properties": {"OBJECTID": 529, "DETALLE": 0.0, "SECTOR": 2217.0, "ZONA": 0.0, "Empresa": "Agricola", "existentes": ""}, "geometry": {"type": "Point", "coordinates": [-76.2463494, 3.2955294]}}, {"type": "Feature", "properties": {"OBJECTID": 530, "DETALLE": 0.0, "SECTOR": 2217.0, "ZONA": 0.0, "Empresa": "Agricola", "existentes": ""}, "geometry": {"type": "Point", "coordinates": [-76.247929, 3.296249]}}, {"type": "Feature", "properties": {"OBJECTID": 531, "DETALLE": 0.0, "SECTOR": 2217.0, "ZONA": 0.0, "Empresa": "Agricola", "existentes": ""}, "geometry": {"type": "Point", "coordinates": [-76.2483377, 3.2966995]}}, {"type": "Feature", "properties": {"OBJECTID": 532, "DETALLE": 0.0, "SECTOR": 2217.0, "ZONA": 0.0, "Empresa": "Agricola", "existentes": ""}, "geometry": {"type": "Point", "coordinates": [-76.2506386, 3.2983831]}}, {"type": "Feature", "properties": {"OBJECTID": 533, "DETALLE": 0.0, "SECTOR": 2696.0, "ZONA": 0.0, "Empresa": "Agricola", "existentes": "no"}, "geometry": {"type": "Point", "coordinates": [-76.2414947, 3.2398066]}}, {"type": "Feature", "properties": {"OBJECTID": 534, "DETALLE": 0.0, "SECTOR": 2217.0, "ZONA": 0.0, "Empresa": "Agricola", "existentes": ""}, "geometry": {"type": "Point", "coordinates": [-76.2494546, 3.2970982]}}, {"type": "Feature", "properties": {"OBJECTID": 535, "DETALLE": 0.0, "SECTOR": 2228.0, "ZONA": 5.0, "Empresa": "Agricola", "existentes": ""}, "geometry": {"type": "Point", "coordinates": [-76.3457409, 3.1544659]}}, {"type": "Feature", "properties": {"OBJECTID": 536, "DETALLE": 0.0, "SECTOR": 2127.0, "ZONA": 0.0, "Empresa": "", "existentes": ""}, "geometry": {"type": "Point", "coordinates": [-76.4315167, 3.2482067]}}, {"type": "Feature", "properties": {"OBJECTID": 537, "DETALLE": 0.0, "SECTOR": 2127.0, "ZONA": 0.0, "Empresa": "", "existentes": ""}, "geometry": {"type": "Point", "coordinates": [-76.4350202, 3.2466776]}}, {"type": "Feature", "properties": {"OBJECTID": 539, "DETALLE": 0.0, "SECTOR": 2127.0, "ZONA": 0.0, "Empresa": "", "existentes": ""}, "geometry": {"type": "Point", "coordinates": [-76.4378617, 3.24477]}}, {"type": "Feature", "properties": {"OBJECTID": 540, "DETALLE": 0.0, "SECTOR": 2127.0, "ZONA": 0.0, "Empresa": "", "existentes": ""}, "geometry": {"type": "Point", "coordinates": [-76.4343497, 3.245873]}}, {"type": "Feature", "properties": {"OBJECTID": 541, "DETALLE": 0.0, "SECTOR": 2127.0, "ZONA": 0.0, "Empresa": "", "existentes": ""}, "geometry": {"type": "Point", "coordinates": [-76.4381927, 3.2468576]}}, {"type": "Feature", "properties": {"OBJECTID": 542, "DETALLE": 0.0, "SECTOR": 2127.0, "ZONA": 0.0, "Empresa": "", "existentes": ""}, "geometry": {"type": "Point", "coordinates": [-76.4358714, 3.2476849]}}, {"type": "Feature", "properties": {"OBJECTID": 543, "DETALLE": 0.0, "SECTOR": 2127.0, "ZONA": 0.0, "Empresa": "", "existentes": ""}, "geometry": {"type": "Point", "coordinates": [-76.4368932, 3.2488629]}}, {"type": "Feature", "properties": {"OBJECTID": 544, "DETALLE": 0.0, "SECTOR": 2127.0, "ZONA": 0.0, "Empresa": "", "existentes": ""}, "geometry": {"type": "Point", "coordinates": [-76.4392545, 3.2464473]}}, {"type": "Feature", "properties": {"OBJECTID": 545, "DETALLE": 0.0, "SECTOR": 2127.0, "ZONA": 0.0, "Empresa": "", "existentes": ""}, "geometry": {"type": "Point", "coordinates": [-76.4334858, 3.2465145]}}, {"type": "Feature", "properties": {"OBJECTID": 546, "DETALLE": 0.0, "SECTOR": 2127.0, "ZONA": 0.0, "Empresa": "", "existentes": ""}, "geometry": {"type": "Point", "coordinates": [-76.4325072, 3.2453625]}}, {"type": "Feature", "properties": {"OBJECTID": 547, "DETALLE": 0.0, "SECTOR": 2111.0, "ZONA": 0.0, "Empresa": "Agricola", "existentes": ""}, "geometry": {"type": "Point", "coordinates": [-76.3046161, 3.2542028]}}, {"type": "Feature", "properties": {"OBJECTID": 548, "DETALLE": 0.0, "SECTOR": 2118.0, "ZONA": 0.0, "Empresa": "Agricola", "existentes": ""}, "geometry": {"type": "Point", "coordinates": [-76.3075352, 3.2506165]}}, {"type": "Feature", "properties": {"OBJECTID": 549, "DETALLE": 0.0, "SECTOR": 2118.0, "ZONA": 0.0, "Empresa": "Agricola", "existentes": ""}, "geometry": {"type": "Point", "coordinates": [-76.3061218, 3.2505307]}}, {"type": "Feature", "properties": {"OBJECTID": 550, "DETALLE": 0.0, "SECTOR": 2118.0, "ZONA": 0.0, "Empresa": "Agricola", "existentes": ""}, "geometry": {"type": "Point", "coordinates": [-76.3047396, 3.2504488]}}, {"type": "Feature", "properties": {"OBJECTID": 551, "DETALLE": 0.0, "SECTOR": 2118.0, "ZONA": 0.0, "Empresa": "Agricola", "existentes": ""}, "geometry": {"type": "Point", "coordinates": [-76.3106808, 3.2460969]}}, {"type": "Feature", "properties": {"OBJECTID": 552, "DETALLE": 0.0, "SECTOR": 2111.0, "ZONA": 0.0, "Empresa": "Agricola", "existentes": ""}, "geometry": {"type": "Point", "coordinates": [-76.2964442, 3.2628912]}}, {"type": "Feature", "properties": {"OBJECTID": 553, "DETALLE": 0.0, "SECTOR": 2111.0, "ZONA": 0.0, "Empresa": "Agricola", "existentes": ""}, "geometry": {"type": "Point", "coordinates": [-76.2928569, 3.262801]}}, {"type": "Feature", "properties": {"OBJECTID": 554, "DETALLE": 0.0, "SECTOR": 2111.0, "ZONA": 0.0, "Empresa": "Agricola", "existentes": ""}, "geometry": {"type": "Point", "coordinates": [-76.290785, 3.262814]}}, {"type": "Feature", "properties": {"OBJECTID": 555, "DETALLE": 0.0, "SECTOR": 2111.0, "ZONA": 0.0, "Empresa": "Agricola", "existentes": ""}, "geometry": {"type": "Point", "coordinates": [-76.2886486, 3.2627398]}}, {"type": "Feature", "properties": {"OBJECTID": 556, "DETALLE": 0.0, "SECTOR": 2111.0, "ZONA": 0.0, "Empresa": "Agricola", "existentes": ""}, "geometry": {"type": "Point", "coordinates": [-76.3150231, 3.2509354]}}, {"type": "Feature", "properties": {"OBJECTID": 557, "DETALLE": 0.0, "SECTOR": 2111.0, "ZONA": 0.0, "Empresa": "Agricola", "existentes": ""}, "geometry": {"type": "Point", "coordinates": [-76.3023408, 3.2542665]}}, {"type": "Feature", "properties": {"OBJECTID": 558, "DETALLE": 0.0, "SECTOR": 2111.0, "ZONA": 0.0, "Empresa": "Agricola", "existentes": ""}, "geometry": {"type": "Point", "coordinates": [-76.2948591, 3.2628971]}}, {"type": "Feature", "properties": {"OBJECTID": 559, "DETALLE": 0.0, "SECTOR": 2101.0, "ZONA": 0.0, "Empresa": "", "existentes": ""}, "geometry": {"type": "Point", "coordinates": [-76.297791, 3.4302996]}}, {"type": "Feature", "properties": {"OBJECTID": 561, "DETALLE": 0.0, "SECTOR": 2108.0, "ZONA": 0.0, "Empresa": "Agricola", "existentes": ""}, "geometry": {"type": "Point", "coordinates": [-76.3605789, 3.370701]}}, {"type": "Feature", "properties": {"OBJECTID": 562, "DETALLE": 0.0, "SECTOR": 2108.0, "ZONA": 0.0, "Empresa": "Agricola", "existentes": ""}, "geometry": {"type": "Point", "coordinates": [-76.3588571, 3.3724065]}}, {"type": "Feature", "properties": {"OBJECTID": 563, "DETALLE": 0.0, "SECTOR": 2108.0, "ZONA": 0.0, "Empresa": "Agricola", "existentes": ""}, "geometry": {"type": "Point", "coordinates": [-76.3593863, 3.373078]}}, {"type": "Feature", "properties": {"OBJECTID": 564, "DETALLE": 0.0, "SECTOR": 2108.0, "ZONA": 0.0, "Empresa": "Agricola", "existentes": ""}, "geometry": {"type": "Point", "coordinates": [-76.3580627, 3.3727857]}}, {"type": "Feature", "properties": {"OBJECTID": 565, "DETALLE": 0.0, "SECTOR": 0.0, "ZONA": 0.0, "Empresa": "Agricola", "existentes": ""}, "geometry": {"type": "Point", "coordinates": [-76.2638753, 3.2623198]}}, {"type": "Feature", "properties": {"OBJECTID": 567, "DETALLE": 3.0, "SECTOR": 2104.0, "ZONA": 1.0, "Empresa": "Agricola", "existentes": ""}, "geometry": {"type": "Point", "coordinates": [-76.260317, 3.3969899]}}, {"type": "Feature", "properties": {"OBJECTID": 568, "DETALLE": 3.0, "SECTOR": 2104.0, "ZONA": 1.0, "Empresa": "Agricola", "existentes": ""}, "geometry": {"type": "Point", "coordinates": [-76.2699564, 3.3912526]}}, {"type": "Feature", "properties": {"OBJECTID": 569, "DETALLE": 0.0, "SECTOR": 0.0, "ZONA": 0.0, "Empresa": "", "existentes": ""}, "geometry": {"type": "Point", "coordinates": [-76.3457226, 3.1809258]}}, {"type": "Feature", "properties": {"OBJECTID": 570, "DETALLE": 0.0, "SECTOR": 0.0, "ZONA": 0.0, "Empresa": "", "existentes": ""}, "geometry": {"type": "Point", "coordinates": [-76.3420432, 3.1794752]}}, {"type": "Feature", "properties": {"OBJECTID": 571, "DETALLE": 0.0, "SECTOR": 0.0, "ZONA": 0.0, "Empresa": "", "existentes": ""}, "geometry": {"type": "Point", "coordinates": [-76.4247023, 3.243722]}}, {"type": "Feature", "properties": {"OBJECTID": 572, "DETALLE": 0.0, "SECTOR": 0.0, "ZONA": 0.0, "Empresa": "", "existentes": ""}, "geometry": {"type": "Point", "coordinates": [-76.425303, 3.2438348]}}, {"type": "Feature", "properties": {"OBJECTID": 574, "DETALLE": 0.0, "SECTOR": 0.0, "ZONA": 0.0, "Empresa": "", "existentes": ""}, "geometry": {"type": "Point", "coordinates": [-76.3040056, 3.4274261]}}, {"type": "Feature", "properties": {"OBJECTID": 575, "DETALLE": 3.0, "SECTOR": 2103.0, "ZONA": 2.0, "Empresa": "Agricola", "existentes": ""}, "geometry": {"type": "Point", "coordinates": [-76.2683401, 3.3649499]}}, {"type": "Feature", "properties": {"OBJECTID": 577, "DETALLE": 3.0, "SECTOR": 2103.0, "ZONA": 2.0, "Empresa": "Agricola", "existentes": ""}, "geometry": {"type": "Point", "coordinates": [-76.2665655, 3.3681709]}}, {"type": "Feature", "properties": {"OBJECTID": 578, "DETALLE": 0.0, "SECTOR": 2119.0, "ZONA": 5.0, "Empresa": "Agricola", "existentes": ""}, "geometry": {"type": "Point", "coordinates": [-76.3365873, 3.1561227]}}, {"type": "Feature", "properties": {"OBJECTID": 579, "DETALLE": 0.0, "SECTOR": 2119.0, "ZONA": 5.0, "Empresa": "Agricola", "existentes": ""}, "geometry": {"type": "Point", "coordinates": [-76.3385408, 3.1535242]}}, {"type": "Feature", "properties": {"OBJECTID": 580, "DETALLE": 0.0, "SECTOR": 2228.0, "ZONA": 5.0, "Empresa": "Agricola", "existentes": ""}, "geometry": {"type": "Point", "coordinates": [-76.3488638, 3.1552278]}}, {"type": "Feature", "properties": {"OBJECTID": 581, "DETALLE": 0.0, "SECTOR": 0.0, "ZONA": 0.0, "Empresa": "Agricola", "existentes": ""}, "geometry": {"type": "Point", "coordinates": [-76.2640374, 3.2691427]}}, {"type": "Feature", "properties": {"OBJECTID": 582, "DETALLE": 0.0, "SECTOR": 0.0, "ZONA": 0.0, "Empresa": "Agricola", "existentes": ""}, "geometry": {"type": "Point", "coordinates": [-76.2734808, 3.2586001]}}, {"type": "Feature", "properties": {"OBJECTID": 583, "DETALLE": 0.0, "SECTOR": 0.0, "ZONA": 0.0, "Empresa": "Agricola", "existentes": ""}, "geometry": {"type": "Point", "coordinates": [-76.274643, 3.2588291]}}, {"type": "Feature", "properties": {"OBJECTID": 584, "DETALLE": 0.0, "SECTOR": 0.0, "ZONA": 0.0, "Empresa": "Agricola", "existentes": ""}, "geometry": {"type": "Point", "coordinates": [-76.2758116, 3.2590594]}}, {"type": "Feature", "properties": {"OBJECTID": 585, "DETALLE": 0.0, "SECTOR": 0.0, "ZONA": 0.0, "Empresa": "Agricola", "existentes": ""}, "geometry": {"type": "Point", "coordinates": [-76.2769528, 3.2592843]}}, {"type": "Feature", "properties": {"OBJECTID": 586, "DETALLE": 0.0, "SECTOR": 0.0, "ZONA": 0.0, "Empresa": "Agricola", "existentes": ""}, "geometry": {"type": "Point", "coordinates": [-76.2780926, 3.259512]}}, {"type": "Feature", "properties": {"OBJECTID": 587, "DETALLE": 0.0, "SECTOR": 0.0, "ZONA": 0.0, "Empresa": "Agricola", "existentes": ""}, "geometry": {"type": "Point", "coordinates": [-76.2836155, 3.2574251]}}, {"type": "Feature", "properties": {"OBJECTID": 588, "DETALLE": 0.0, "SECTOR": 0.0, "ZONA": 0.0, "Empresa": "Agricola", "existentes": ""}, "geometry": {"type": "Point", "coordinates": [-76.2854539, 3.2573714]}}, {"type": "Feature", "properties": {"OBJECTID": 600, "DETALLE": 0.0, "SECTOR": 0.0, "ZONA": 1.0, "Empresa": "Agricola", "existentes": ""}, "geometry": {"type": "Point", "coordinates": [-76.2515029, 3.4273148]}}, {"type": "Feature", "properties": {"OBJECTID": 601, "DETALLE": 0.0, "SECTOR": 2101.0, "ZONA": 0.0, "Empresa": "", "existentes": ""}, "geometry": {"type": "Point", "coordinates": [-76.3001873, 3.4316936]}}, {"type": "Feature", "properties": {"OBJECTID": 602, "DETALLE": 0.0, "SECTOR": 0.0, "ZONA": 0.0, "Empresa": "Agricola", "existentes": ""}, "geometry": {"type": "Point", "coordinates": [-76.2650165, 3.265754]}}, {"type": "Feature", "properties": {"OBJECTID": 603, "DETALLE": 0.0, "SECTOR": 0.0, "ZONA": 0.0, "Empresa": "Agricola", "existentes": ""}, "geometry": {"type": "Point", "coordinates": [-76.2937012, 3.150373]}}, {"type": "Feature", "properties": {"OBJECTID": 604, "DETALLE": 0.0, "SECTOR": 0.0, "ZONA": 0.0, "Empresa": "Agricola", "existentes": ""}, "geometry": {"type": "Point", "coordinates": [-76.2935318, 3.150963]}}, {"type": "Feature", "properties": {"OBJECTID": 605, "DETALLE": 0.0, "SECTOR": 0.0, "ZONA": 0.0, "Empresa": "Agricola", "existentes": ""}, "geometry": {"type": "Point", "coordinates": [-76.2933584, 3.1519225]}}, {"type": "Feature", "properties": {"OBJECTID": 606, "DETALLE": 0.0, "SECTOR": 0.0, "ZONA": 0.0, "Empresa": "Agricola", "existentes": ""}, "geometry": {"type": "Point", "coordinates": [-76.2931518, 3.1528098]}}, {"type": "Feature", "properties": {"OBJECTID": 607, "DETALLE": 0.0, "SECTOR": 0.0, "ZONA": 0.0, "Empresa": "Agricola", "existentes": ""}, "geometry": {"type": "Point", "coordinates": [-76.2929681, 3.1539402]}}, {"type": "Feature", "properties": {"OBJECTID": 608, "DETALLE": 0.0, "SECTOR": 0.0, "ZONA": 0.0, "Empresa": "Agricola", "existentes": ""}, "geometry": {"type": "Point", "coordinates": [-76.292695, 3.1550889]}}, {"type": "Feature", "properties": {"OBJECTID": 609, "DETALLE": 0.0, "SECTOR": 0.0, "ZONA": 0.0, "Empresa": "Agricola", "existentes": ""}, "geometry": {"type": "Point", "coordinates": [-76.2924208, 3.1564062]}}, {"type": "Feature", "properties": {"OBJECTID": 610, "DETALLE": 0.0, "SECTOR": 0.0, "ZONA": 0.0, "Empresa": "Agricola", "existentes": ""}, "geometry": {"type": "Point", "coordinates": [-76.2921651, 3.1575157]}}, {"type": "Feature", "properties": {"OBJECTID": 611, "DETALLE": 0.0, "SECTOR": 0.0, "ZONA": 0.0, "Empresa": "Agricola", "existentes": ""}, "geometry": {"type": "Point", "coordinates": [-76.291888, 3.1586005]}}, {"type": "Feature", "properties": {"OBJECTID": 612, "DETALLE": 0.0, "SECTOR": 0.0, "ZONA": 0.0, "Empresa": "Agricola", "existentes": ""}, "geometry": {"type": "Point", "coordinates": [-76.29165, 3.1596609]}}, {"type": "Feature", "properties": {"OBJECTID": 613, "DETALLE": 0.0, "SECTOR": 0.0, "ZONA": 0.0, "Empresa": "Agricola", "existentes": ""}, "geometry": {"type": "Point", "coordinates": [-76.2914165, 3.1607968]}}, {"type": "Feature", "properties": {"OBJECTID": 614, "DETALLE": 0.0, "SECTOR": 0.0, "ZONA": 0.0, "Empresa": "Agricola", "existentes": ""}, "geometry": {"type": "Point", "coordinates": [-76.2973099, 3.1578423]}}, {"type": "Feature", "properties": {"OBJECTID": 615, "DETALLE": 0.0, "SECTOR": 0.0, "ZONA": 0.0, "Empresa": "Agricola", "existentes": ""}, "geometry": {"type": "Point", "coordinates": [-76.298805, 3.1593424]}}, {"type": "Feature", "properties": {"OBJECTID": 616, "DETALLE": 0.0, "SECTOR": 0.0, "ZONA": 0.0, "Empresa": "Agricola", "existentes": ""}, "geometry": {"type": "Point", "coordinates": [-76.2981712, 3.1616785]}}, {"type": "Feature", "properties": {"OBJECTID": 617, "DETALLE": 0.0, "SECTOR": 0.0, "ZONA": 0.0, "Empresa": "Agricola", "existentes": ""}, "geometry": {"type": "Point", "coordinates": [-76.2978296, 3.1627453]}}, {"type": "Feature", "properties": {"OBJECTID": 618, "DETALLE": 0.0, "SECTOR": 0.0, "ZONA": 0.0, "Empresa": "Agricola", "existentes": ""}, "geometry": {"type": "Point", "coordinates": [-76.2974998, 3.1639002]}}, {"type": "Feature", "properties": {"OBJECTID": 619, "DETALLE": 0.0, "SECTOR": 0.0, "ZONA": 0.0, "Empresa": "Agricola", "existentes": ""}, "geometry": {"type": "Point", "coordinates": [-76.2985071, 3.1605994]}}, {"type": "Feature", "properties": {"OBJECTID": 620, "DETALLE": 0.0, "SECTOR": 0.0, "ZONA": 0.0, "Empresa": "Agricola", "existentes": ""}, "geometry": {"type": "Point", "coordinates": [-76.2897708, 3.1477788]}}, {"type": "Feature", "properties": {"OBJECTID": 621, "DETALLE": 0.0, "SECTOR": 0.0, "ZONA": 0.0, "Empresa": "Agricola", "existentes": ""}, "geometry": {"type": "Point", "coordinates": [-76.2902344, 3.1483223]}}, {"type": "Feature", "properties": {"OBJECTID": 622, "DETALLE": 0.0, "SECTOR": 0.0, "ZONA": 0.0, "Empresa": "Agricola", "existentes": ""}, "geometry": {"type": "Point", "coordinates": [-76.29088, 3.149061]}}, {"type": "Feature", "properties": {"OBJECTID": 623, "DETALLE": 0.0, "SECTOR": 0.0, "ZONA": 0.0, "Empresa": "Agricola", "existentes": ""}, "geometry": {"type": "Point", "coordinates": [-76.2860202, 3.1500041]}}, {"type": "Feature", "properties": {"OBJECTID": 624, "DETALLE": 0.0, "SECTOR": 0.0, "ZONA": 0.0, "Empresa": "Agricola", "existentes": ""}, "geometry": {"type": "Point", "coordinates": [-76.286896, 3.150962]}}, {"type": "Feature", "properties": {"OBJECTID": 625, "DETALLE": 0.0, "SECTOR": 0.0, "ZONA": 0.0, "Empresa": "Agricola", "existentes": ""}, "geometry": {"type": "Point", "coordinates": [-76.2881292, 3.1523516]}}, {"type": "Feature", "properties": {"OBJECTID": 626, "DETALLE": 0.0, "SECTOR": 0.0, "ZONA": 0.0, "Empresa": "Agricola", "existentes": ""}, "geometry": {"type": "Point", "coordinates": [-76.2844251, 3.1501186]}}, {"type": "Feature", "properties": {"OBJECTID": 627, "DETALLE": 0.0, "SECTOR": 0.0, "ZONA": 0.0, "Empresa": "Agricola", "existentes": ""}, "geometry": {"type": "Point", "coordinates": [-76.2842312, 3.1532565]}}, {"type": "Feature", "properties": {"OBJECTID": 628, "DETALLE": 0.0, "SECTOR": 0.0, "ZONA": 0.0, "Empresa": "Agricola", "existentes": ""}, "geometry": {"type": "Point", "coordinates": [-76.2871681, 3.1541206]}}, {"type": "Feature", "properties": {"OBJECTID": 629, "DETALLE": 0.0, "SECTOR": 0.0, "ZONA": 0.0, "Empresa": "Agricola", "existentes": ""}, "geometry": {"type": "Point", "coordinates": [-76.2895916, 3.152937]}}, {"type": "Feature", "properties": {"OBJECTID": 655, "DETALLE": 0.0, "SECTOR": 2696.0, "ZONA": 0.0, "Empresa": "Agricola", "existentes": ""}, "geometry": {"type": "Point", "coordinates": [-76.2477483, 3.2366648]}}, {"type": "Feature", "properties": {"OBJECTID": 656, "DETALLE": 0.0, "SECTOR": 2108.0, "ZONA": 6.0, "Empresa": "Agricola", "existentes": ""}, "geometry": {"type": "Point", "coordinates": [-76.3676576, 3.3567032]}}, {"type": "Feature", "properties": {"OBJECTID": 657, "DETALLE": 0.0, "SECTOR": 0.0, "ZONA": 0.0, "Empresa": "", "existentes": ""}, "geometry": {"type": "Point", "coordinates": [-76.2719619, 3.358951]}}, {"type": "Feature", "properties": {"OBJECTID": 693, "DETALLE": 0.0, "SECTOR": 0.0, "ZONA": 0.0, "Empresa": "", "existentes": ""}, "geometry": {"type": "Point", "coordinates": [-76.2606621, 3.426903]}}, {"type": "Feature", "properties": {"OBJECTID": 694, "DETALLE": 0.0, "SECTOR": 0.0, "ZONA": 0.0, "Empresa": "", "existentes": ""}, "geometry": {"type": "Point", "coordinates": [-76.2595375, 3.4276342]}}, {"type": "Feature", "properties": {"OBJECTID": 695, "DETALLE": 0.0, "SECTOR": 0.0, "ZONA": 0.0, "Empresa": "", "existentes": ""}, "geometry": {"type": "Point", "coordinates": [-76.2603135, 3.4256591]}}, {"type": "Feature", "properties": {"OBJECTID": 718, "DETALLE": 0.0, "SECTOR": 0.0, "ZONA": 0.0, "Empresa": "Agricola", "existentes": ""}, "geometry": {"type": "Point", "coordinates": [-76.2503892, 3.2562279]}}, {"type": "Feature", "properties": {"OBJECTID": 719, "DETALLE": 0.0, "SECTOR": 0.0, "ZONA": 0.0, "Empresa": "Agricola", "existentes": ""}, "geometry": {"type": "Point", "coordinates": [-76.2514857, 3.2558911]}}, {"type": "Feature", "properties": {"OBJECTID": 720, "DETALLE": 0.0, "SECTOR": 0.0, "ZONA": 0.0, "Empresa": "Agricola", "existentes": ""}, "geometry": {"type": "Point", "coordinates": [-76.2525284, 3.2555701]}}, {"type": "Feature", "properties": {"OBJECTID": 721, "DETALLE": 0.0, "SECTOR": 0.0, "ZONA": 0.0, "Empresa": "Agricola", "existentes": ""}, "geometry": {"type": "Point", "coordinates": [-76.2536998, 3.2551949]}}, {"type": "Feature", "properties": {"OBJECTID": 722, "DETALLE": 0.0, "SECTOR": 0.0, "ZONA": 0.0, "Empresa": "Agricola", "existentes": ""}, "geometry": {"type": "Point", "coordinates": [-76.2552836, 3.2545436]}}, {"type": "Feature", "properties": {"OBJECTID": 723, "DETALLE": 0.0, "SECTOR": 0.0, "ZONA": 0.0, "Empresa": "Agricola", "existentes": ""}, "geometry": {"type": "Point", "coordinates": [-76.2564641, 3.2545767]}}, {"type": "Feature", "properties": {"OBJECTID": 724, "DETALLE": 0.0, "SECTOR": 0.0, "ZONA": 0.0, "Empresa": "Agricola", "existentes": ""}, "geometry": {"type": "Point", "coordinates": [-76.2577148, 3.2546529]}}, {"type": "Feature", "properties": {"OBJECTID": 725, "DETALLE": 0.0, "SECTOR": 0.0, "ZONA": 0.0, "Empresa": "Agricola", "existentes": ""}, "geometry": {"type": "Point", "coordinates": [-76.2588854, 3.2547182]}}, {"type": "Feature", "properties": {"OBJECTID": 726, "DETALLE": 0.0, "SECTOR": 0.0, "ZONA": 0.0, "Empresa": "Agricola", "existentes": ""}, "geometry": {"type": "Point", "coordinates": [-76.2599194, 3.25477]}}, {"type": "Feature", "properties": {"OBJECTID": 727, "DETALLE": 0.0, "SECTOR": 0.0, "ZONA": 0.0, "Empresa": "Agricola", "existentes": ""}, "geometry": {"type": "Point", "coordinates": [-76.2614097, 3.2548492]}}, {"type": "Feature", "properties": {"OBJECTID": 728, "DETALLE": 0.0, "SECTOR": 0.0, "ZONA": 0.0, "Empresa": "Agricola", "existentes": ""}, "geometry": {"type": "Point", "coordinates": [-76.2551109, 3.2594383]}}, {"type": "Feature", "properties": {"OBJECTID": 729, "DETALLE": 0.0, "SECTOR": 0.0, "ZONA": 0.0, "Empresa": "Agricola", "existentes": ""}, "geometry": {"type": "Point", "coordinates": [-76.2551215, 3.2592273]}}, {"type": "Feature", "properties": {"OBJECTID": 730, "DETALLE": 0.0, "SECTOR": 0.0, "ZONA": 0.0, "Empresa": "Agricola", "existentes": ""}, "geometry": {"type": "Point", "coordinates": [-76.2562459, 3.2593604]}}, {"type": "Feature", "properties": {"OBJECTID": 731, "DETALLE": 0.0, "SECTOR": 0.0, "ZONA": 0.0, "Empresa": "Agricola", "existentes": ""}, "geometry": {"type": "Point", "coordinates": [-76.256201, 3.259578]}}, {"type": "Feature", "properties": {"OBJECTID": 732, "DETALLE": 0.0, "SECTOR": 0.0, "ZONA": 0.0, "Empresa": "Agricola", "existentes": ""}, "geometry": {"type": "Point", "coordinates": [-76.2572774, 3.2597163]}}, {"type": "Feature", "properties": {"OBJECTID": 733, "DETALLE": 0.0, "SECTOR": 0.0, "ZONA": 0.0, "Empresa": "Agricola", "existentes": ""}, "geometry": {"type": "Point", "coordinates": [-76.2584107, 3.2598619]}}, {"type": "Feature", "properties": {"OBJECTID": 734, "DETALLE": 0.0, "SECTOR": 0.0, "ZONA": 0.0, "Empresa": "Agricola", "existentes": ""}, "geometry": {"type": "Point", "coordinates": [-76.2595187, 3.2599716]}}, {"type": "Feature", "properties": {"OBJECTID": 735, "DETALLE": 0.0, "SECTOR": 0.0, "ZONA": 0.0, "Empresa": "Agricola", "existentes": ""}, "geometry": {"type": "Point", "coordinates": [-76.2606606, 3.2601096]}}, {"type": "Feature", "properties": {"OBJECTID": 736, "DETALLE": 0.0, "SECTOR": 0.0, "ZONA": 0.0, "Empresa": "Agricola", "existentes": ""}, "geometry": {"type": "Point", "coordinates": [-76.2617708, 3.2602452]}}, {"type": "Feature", "properties": {"OBJECTID": 737, "DETALLE": 0.0, "SECTOR": 0.0, "ZONA": 0.0, "Empresa": "Agricola", "existentes": ""}, "geometry": {"type": "Point", "coordinates": [-76.2574823, 3.2575218]}}, {"type": "Feature", "properties": {"OBJECTID": 738, "DETALLE": 0.0, "SECTOR": 0.0, "ZONA": 0.0, "Empresa": "Agricola", "existentes": ""}, "geometry": {"type": "Point", "coordinates": [-76.2586309, 3.2573696]}}, {"type": "Feature", "properties": {"OBJECTID": 739, "DETALLE": 0.0, "SECTOR": 0.0, "ZONA": 0.0, "Empresa": "Agricola", "existentes": ""}, "geometry": {"type": "Point", "coordinates": [-76.2596994, 3.257093]}}, {"type": "Feature", "properties": {"OBJECTID": 740, "DETALLE": 0.0, "SECTOR": 0.0, "ZONA": 0.0, "Empresa": "Agricola", "existentes": ""}, "geometry": {"type": "Point", "coordinates": [-76.2555142, 3.2505447]}}, {"type": "Feature", "properties": {"OBJECTID": 741, "DETALLE": 0.0, "SECTOR": 0.0, "ZONA": 0.0, "Empresa": "", "existentes": ""}, "geometry": {"type": "Point", "coordinates": [-76.413935, 3.2620223]}}, {"type": "Feature", "properties": {"OBJECTID": 742, "DETALLE": 0.0, "SECTOR": 0.0, "ZONA": 0.0, "Empresa": "", "existentes": ""}, "geometry": {"type": "Point", "coordinates": [-76.4120834, 3.2670294]}}, {"type": "Feature", "properties": {"OBJECTID": 743, "DETALLE": 0.0, "SECTOR": 0.0, "ZONA": 0.0, "Empresa": "", "existentes": ""}, "geometry": {"type": "Point", "coordinates": [-76.4144435, 3.2674205]}}, {"type": "Feature", "properties": {"OBJECTID": 744, "DETALLE": 0.0, "SECTOR": 0.0, "ZONA": 0.0, "Empresa": "Agricola", "existentes": ""}, "geometry": {"type": "Point", "coordinates": [-76.2305994, 3.2700603]}}, {"type": "Feature", "properties": {"OBJECTID": 745, "DETALLE": 0.0, "SECTOR": 0.0, "ZONA": 0.0, "Empresa": "Agricola", "existentes": ""}, "geometry": {"type": "Point", "coordinates": [-76.2306519, 3.2708495]}}, {"type": "Feature", "properties": {"OBJECTID": 746, "DETALLE": 0.0, "SECTOR": 0.0, "ZONA": 0.0, "Empresa": "Agricola", "existentes": ""}, "geometry": {"type": "Point", "coordinates": [-76.2331562, 3.2732024]}}, {"type": "Feature", "properties": {"OBJECTID": 747, "DETALLE": 0.0, "SECTOR": 0.0, "ZONA": 0.0, "Empresa": "Agricola", "existentes": ""}, "geometry": {"type": "Point", "coordinates": [-76.2324251, 3.2728077]}}, {"type": "Feature", "properties": {"OBJECTID": 748, "DETALLE": 0.0, "SECTOR": 0.0, "ZONA": 0.0, "Empresa": "Agricola", "existentes": ""}, "geometry": {"type": "Point", "coordinates": [-76.2315885, 3.2723561]}}, {"type": "Feature", "properties": {"OBJECTID": 749, "DETALLE": 0.0, "SECTOR": 0.0, "ZONA": 0.0, "Empresa": "Agricola", "existentes": ""}, "geometry": {"type": "Point", "coordinates": [-76.2342123, 3.2737724]}}, {"type": "Feature", "properties": {"OBJECTID": 750, "DETALLE": 0.0, "SECTOR": 0.0, "ZONA": 0.0, "Empresa": "Agricola", "existentes": ""}, "geometry": {"type": "Point", "coordinates": [-76.2353354, 3.2743787]}}, {"type": "Feature", "properties": {"OBJECTID": 751, "DETALLE": 0.0, "SECTOR": 0.0, "ZONA": 0.0, "Empresa": "Agricola", "existentes": ""}, "geometry": {"type": "Point", "coordinates": [-76.2364204, 3.2748885]}}, {"type": "Feature", "properties": {"OBJECTID": 752, "DETALLE": 0.0, "SECTOR": 0.0, "ZONA": 0.0, "Empresa": "Agricola", "existentes": ""}, "geometry": {"type": "Point", "coordinates": [-76.2356048, 3.2733228]}}, {"type": "Feature", "properties": {"OBJECTID": 753, "DETALLE": 0.0, "SECTOR": 0.0, "ZONA": 0.0, "Empresa": "Agricola", "existentes": ""}, "geometry": {"type": "Point", "coordinates": [-76.2383219, 3.2748994]}}, {"type": "Feature", "properties": {"OBJECTID": 755, "DETALLE": 0.0, "SECTOR": 0.0, "ZONA": 0.0, "Empresa": "Agricola", "existentes": ""}, "geometry": {"type": "Point", "coordinates": [-76.2484794, 3.2754807]}}, {"type": "Feature", "properties": {"OBJECTID": 756, "DETALLE": 0.0, "SECTOR": 0.0, "ZONA": 0.0, "Empresa": "Agricola", "existentes": ""}, "geometry": {"type": "Point", "coordinates": [-76.2459712, 3.2750398]}}, {"type": "Feature", "properties": {"OBJECTID": 757, "DETALLE": 0.0, "SECTOR": 0.0, "ZONA": 0.0, "Empresa": "Agricola", "existentes": ""}, "geometry": {"type": "Point", "coordinates": [-76.2447098, 3.27435]}}, {"type": "Feature", "properties": {"OBJECTID": 758, "DETALLE": 0.0, "SECTOR": 0.0, "ZONA": 0.0, "Empresa": "Agricola", "existentes": ""}, "geometry": {"type": "Point", "coordinates": [-76.2434385, 3.2746436]}}, {"type": "Feature", "properties": {"OBJECTID": 759, "DETALLE": 0.0, "SECTOR": 0.0, "ZONA": 0.0, "Empresa": "Agricola", "existentes": ""}, "geometry": {"type": "Point", "coordinates": [-76.2434197, 3.2745245]}}, {"type": "Feature", "properties": {"OBJECTID": 760, "DETALLE": 0.0, "SECTOR": 0.0, "ZONA": 0.0, "Empresa": "Agricola", "existentes": ""}, "geometry": {"type": "Point", "coordinates": [-76.2420738, 3.2743211]}}, {"type": "Feature", "properties": {"OBJECTID": 761, "DETALLE": 0.0, "SECTOR": 0.0, "ZONA": 0.0, "Empresa": "Agricola", "existentes": ""}, "geometry": {"type": "Point", "coordinates": [-76.2410167, 3.2742249]}}, {"type": "Feature", "properties": {"OBJECTID": 762, "DETALLE": 0.0, "SECTOR": 0.0, "ZONA": 0.0, "Empresa": "Agricola", "existentes": ""}, "geometry": {"type": "Point", "coordinates": [-76.2392153, 3.2744109]}}, {"type": "Feature", "properties": {"OBJECTID": 763, "DETALLE": 0.0, "SECTOR": 0.0, "ZONA": 0.0, "Empresa": "Agricola", "existentes": ""}, "geometry": {"type": "Point", "coordinates": [-76.2401347, 3.2740691]}}, {"type": "Feature", "properties": {"OBJECTID": 764, "DETALLE": 0.0, "SECTOR": 0.0, "ZONA": 0.0, "Empresa": "Agricola", "existentes": ""}, "geometry": {"type": "Point", "coordinates": [-76.286504, 3.2573369]}}, {"type": "Feature", "properties": {"OBJECTID": 780, "DETALLE": 0.0, "SECTOR": 0.0, "ZONA": 0.0, "Empresa": "Agricola", "existentes": ""}, "geometry": {"type": "Point", "coordinates": [-76.2806076, 3.2712703]}}, {"type": "Feature", "properties": {"OBJECTID": 781, "DETALLE": 0.0, "SECTOR": 0.0, "ZONA": 0.0, "Empresa": "Agricola", "existentes": ""}, "geometry": {"type": "Point", "coordinates": [-76.2784774, 3.271281]}}, {"type": "Feature", "properties": {"OBJECTID": 782, "DETALLE": 0.0, "SECTOR": 0.0, "ZONA": 0.0, "Empresa": "Agricola", "existentes": ""}, "geometry": {"type": "Point", "coordinates": [-76.2758024, 3.2712945]}}, {"type": "Feature", "properties": {"OBJECTID": 783, "DETALLE": 0.0, "SECTOR": 0.0, "ZONA": 0.0, "Empresa": "Agricola", "existentes": ""}, "geometry": {"type": "Point", "coordinates": [-76.2746516, 3.2713003]}}, {"type": "Feature", "properties": {"OBJECTID": 784, "DETALLE": 0.0, "SECTOR": 0.0, "ZONA": 0.0, "Empresa": "Agricola", "existentes": ""}, "geometry": {"type": "Point", "coordinates": [-76.2718503, 3.2713144]}}, {"type": "Feature", "properties": {"OBJECTID": 785, "DETALLE": 0.0, "SECTOR": 0.0, "ZONA": 0.0, "Empresa": "Agricola", "existentes": ""}, "geometry": {"type": "Point", "coordinates": [-76.2695261, 3.2706401]}}, {"type": "Feature", "properties": {"OBJECTID": 786, "DETALLE": 0.0, "SECTOR": 0.0, "ZONA": 0.0, "Empresa": "Agricola", "existentes": ""}, "geometry": {"type": "Point", "coordinates": [-76.2784269, 3.2749288]}}, {"type": "Feature", "properties": {"OBJECTID": 787, "DETALLE": 0.0, "SECTOR": 0.0, "ZONA": 0.0, "Empresa": "Agricola", "existentes": ""}, "geometry": {"type": "Point", "coordinates": [-76.2793711, 3.2748556]}}, {"type": "Feature", "properties": {"OBJECTID": 788, "DETALLE": 0.0, "SECTOR": 0.0, "ZONA": 0.0, "Empresa": "Agricola", "existentes": ""}, "geometry": {"type": "Point", "coordinates": [-76.277582, 3.2748411]}}, {"type": "Feature", "properties": {"OBJECTID": 789, "DETALLE": 0.0, "SECTOR": 0.0, "ZONA": 0.0, "Empresa": "Agricola", "existentes": ""}, "geometry": {"type": "Point", "coordinates": [-76.2757983, 3.2741793]}}, {"type": "Feature", "properties": {"OBJECTID": 790, "DETALLE": 0.0, "SECTOR": 0.0, "ZONA": 0.0, "Empresa": "Agricola", "existentes": ""}, "geometry": {"type": "Point", "coordinates": [-76.2744861, 3.2736869]}}, {"type": "Feature", "properties": {"OBJECTID": 791, "DETALLE": 0.0, "SECTOR": 0.0, "ZONA": 0.0, "Empresa": "Agricola", "existentes": ""}, "geometry": {"type": "Point", "coordinates": [-76.2731797, 3.2734042]}}, {"type": "Feature", "properties": {"OBJECTID": 792, "DETALLE": 0.0, "SECTOR": 0.0, "ZONA": 0.0, "Empresa": "Agricola", "existentes": ""}, "geometry": {"type": "Point", "coordinates": [-76.2709172, 3.2741665]}}, {"type": "Feature", "properties": {"OBJECTID": 793, "DETALLE": 0.0, "SECTOR": 0.0, "ZONA": 0.0, "Empresa": "Agricola", "existentes": ""}, "geometry": {"type": "Point", "coordinates": [-76.2708179, 3.2757694]}}, {"type": "Feature", "properties": {"OBJECTID": 794, "DETALLE": 0.0, "SECTOR": 0.0, "ZONA": 0.0, "Empresa": "Agricola", "existentes": ""}, "geometry": {"type": "Point", "coordinates": [-76.2718081, 3.2737393]}}, {"type": "Feature", "properties": {"OBJECTID": 795, "DETALLE": 0.0, "SECTOR": 0.0, "ZONA": 0.0, "Empresa": "Agricola", "existentes": ""}, "geometry": {"type": "Point", "coordinates": [-76.2753622, 3.2760154]}}, {"type": "Feature", "properties": {"OBJECTID": 796, "DETALLE": 0.0, "SECTOR": 0.0, "ZONA": 0.0, "Empresa": "Agricola", "existentes": ""}, "geometry": {"type": "Point", "coordinates": [-76.2707917, 3.2667263]}}, {"type": "Feature", "properties": {"OBJECTID": 797, "DETALLE": 0.0, "SECTOR": 0.0, "ZONA": 0.0, "Empresa": "Agricola", "existentes": ""}, "geometry": {"type": "Point", "coordinates": [-76.269613, 3.2667916]}}, {"type": "Feature", "properties": {"OBJECTID": 798, "DETALLE": 0.0, "SECTOR": 0.0, "ZONA": 0.0, "Empresa": "Agricola", "existentes": ""}, "geometry": {"type": "Point", "coordinates": [-76.268435, 3.2669073]}}, {"type": "Feature", "properties": {"OBJECTID": 799, "DETALLE": 0.0, "SECTOR": 0.0, "ZONA": 0.0, "Empresa": "Agricola", "existentes": ""}, "geometry": {"type": "Point", "coordinates": [-76.2672785, 3.2670504]}}, {"type": "Feature", "properties": {"OBJECTID": 800, "DETALLE": 0.0, "SECTOR": 0.0, "ZONA": 0.0, "Empresa": "Agricola", "existentes": ""}, "geometry": {"type": "Point", "coordinates": [-76.2619102, 3.2752865]}}, {"type": "Feature", "properties": {"OBJECTID": 801, "DETALLE": 0.0, "SECTOR": 0.0, "ZONA": 0.0, "Empresa": "Agricola", "existentes": ""}, "geometry": {"type": "Point", "coordinates": [-76.2620441, 3.2734438]}}, {"type": "Feature", "properties": {"OBJECTID": 802, "DETALLE": 0.0, "SECTOR": 0.0, "ZONA": 0.0, "Empresa": "Agricola", "existentes": ""}, "geometry": {"type": "Point", "coordinates": [-76.2598345, 3.2709153]}}, {"type": "Feature", "properties": {"OBJECTID": 803, "DETALLE": 0.0, "SECTOR": 0.0, "ZONA": 0.0, "Empresa": "Agricola", "existentes": ""}, "geometry": {"type": "Point", "coordinates": [-76.2572328, 3.271351]}}, {"type": "Feature", "properties": {"OBJECTID": 804, "DETALLE": 0.0, "SECTOR": 0.0, "ZONA": 0.0, "Empresa": "Agricola", "existentes": ""}, "geometry": {"type": "Point", "coordinates": [-76.2551179, 3.2710492]}}, {"type": "Feature", "properties": {"OBJECTID": 805, "DETALLE": 0.0, "SECTOR": 0.0, "ZONA": 0.0, "Empresa": "Agricola", "existentes": ""}, "geometry": {"type": "Point", "coordinates": [-76.2550092, 3.2746238]}}, {"type": "Feature", "properties": {"OBJECTID": 806, "DETALLE": 0.0, "SECTOR": 0.0, "ZONA": 0.0, "Empresa": "Agricola", "existentes": ""}, "geometry": {"type": "Point", "coordinates": [-76.2536732, 3.274282]}}, {"type": "Feature", "properties": {"OBJECTID": 807, "DETALLE": 0.0, "SECTOR": 0.0, "ZONA": 0.0, "Empresa": "Agricola", "existentes": ""}, "geometry": {"type": "Point", "coordinates": [-76.2573287, 3.2730047]}}, {"type": "Feature", "properties": {"OBJECTID": 808, "DETALLE": 0.0, "SECTOR": 0.0, "ZONA": 0.0, "Empresa": "Agricola", "existentes": ""}, "geometry": {"type": "Point", "coordinates": [-76.2563295, 3.2734212]}}, {"type": "Feature", "properties": {"OBJECTID": 809, "DETALLE": 0.0, "SECTOR": 0.0, "ZONA": 0.0, "Empresa": "Agricola", "existentes": ""}, "geometry": {"type": "Point", "coordinates": [-76.2547091, 3.272984]}}, {"type": "Feature", "properties": {"OBJECTID": 810, "DETALLE": 0.0, "SECTOR": 0.0, "ZONA": 0.0, "Empresa": "Agricola", "existentes": ""}, "geometry": {"type": "Point", "coordinates": [-76.2527252, 3.272448]}}, {"type": "Feature", "properties": {"OBJECTID": 811, "DETALLE": 0.0, "SECTOR": 0.0, "ZONA": 0.0, "Empresa": "Agricola", "existentes": ""}, "geometry": {"type": "Point", "coordinates": [-76.2522872, 3.2738819]}}, {"type": "Feature", "properties": {"OBJECTID": 812, "DETALLE": 0.0, "SECTOR": 0.0, "ZONA": 0.0, "Empresa": "Agricola", "existentes": ""}, "geometry": {"type": "Point", "coordinates": [-76.2522423, 3.2740435]}}, {"type": "Feature", "properties": {"OBJECTID": 813, "DETALLE": 0.0, "SECTOR": 0.0, "ZONA": 0.0, "Empresa": "Agricola", "existentes": ""}, "geometry": {"type": "Point", "coordinates": [-76.2536529, 3.2743822]}}, {"type": "Feature", "properties": {"OBJECTID": 814, "DETALLE": 0.0, "SECTOR": 0.0, "ZONA": 0.0, "Empresa": "Agricola", "existentes": ""}, "geometry": {"type": "Point", "coordinates": [-76.2529867, 3.2721614]}}, {"type": "Feature", "properties": {"OBJECTID": 815, "DETALLE": 0.0, "SECTOR": 0.0, "ZONA": 0.0, "Empresa": "Agricola", "existentes": ""}, "geometry": {"type": "Point", "coordinates": [-76.2551769, 3.26747]}}, {"type": "Feature", "properties": {"OBJECTID": 816, "DETALLE": 0.0, "SECTOR": 0.0, "ZONA": 0.0, "Empresa": "Agricola", "existentes": ""}, "geometry": {"type": "Point", "coordinates": [-76.253299, 3.2681598]}}, {"type": "Feature", "properties": {"OBJECTID": 817, "DETALLE": 0.0, "SECTOR": 0.0, "ZONA": 0.0, "Empresa": "Agricola", "existentes": ""}, "geometry": {"type": "Point", "coordinates": [-76.2582706, 3.2672681]}}, {"type": "Feature", "properties": {"OBJECTID": 818, "DETALLE": 0.0, "SECTOR": 0.0, "ZONA": 0.0, "Empresa": "Agricola", "existentes": ""}, "geometry": {"type": "Point", "coordinates": [-76.2598609, 3.2672082]}}, {"type": "Feature", "properties": {"OBJECTID": 819, "DETALLE": 0.0, "SECTOR": 0.0, "ZONA": 0.0, "Empresa": "Agricola", "existentes": ""}, "geometry": {"type": "Point", "coordinates": [-76.2622831, 3.2659919]}}, {"type": "Feature", "properties": {"OBJECTID": 820, "DETALLE": 0.0, "SECTOR": 0.0, "ZONA": 0.0, "Empresa": "Agricola", "existentes": ""}, "geometry": {"type": "Point", "coordinates": [-76.2633134, 3.265957]}}, {"type": "Feature", "properties": {"OBJECTID": 821, "DETALLE": 0.0, "SECTOR": 0.0, "ZONA": 0.0, "Empresa": "Agricola", "existentes": ""}, "geometry": {"type": "Point", "coordinates": [-76.2622676, 3.2692047]}}, {"type": "Feature", "properties": {"OBJECTID": 822, "DETALLE": 0.0, "SECTOR": 0.0, "ZONA": 0.0, "Empresa": "Agricola", "existentes": ""}, "geometry": {"type": "Point", "coordinates": [-76.2656426, 3.2570195]}}, {"type": "Feature", "properties": {"OBJECTID": 823, "DETALLE": 0.0, "SECTOR": 0.0, "ZONA": 0.0, "Empresa": "Agricola", "existentes": ""}, "geometry": {"type": "Point", "coordinates": [-76.2672442, 3.2566828]}}, {"type": "Feature", "properties": {"OBJECTID": 824, "DETALLE": 0.0, "SECTOR": 0.0, "ZONA": 0.0, "Empresa": "Agricola", "existentes": ""}, "geometry": {"type": "Point", "coordinates": [-76.2691174, 3.2536239]}}, {"type": "Feature", "properties": {"OBJECTID": 825, "DETALLE": 0.0, "SECTOR": 0.0, "ZONA": 0.0, "Empresa": "Agricola", "existentes": ""}, "geometry": {"type": "Point", "coordinates": [-76.2673935, 3.254096]}}, {"type": "Feature", "properties": {"OBJECTID": 826, "DETALLE": 0.0, "SECTOR": 0.0, "ZONA": 0.0, "Empresa": "Agricola", "existentes": ""}, "geometry": {"type": "Point", "coordinates": [-76.2643389, 3.2529231]}}, {"type": "Feature", "properties": {"OBJECTID": 827, "DETALLE": 0.0, "SECTOR": 0.0, "ZONA": 0.0, "Empresa": "Agricola", "existentes": ""}, "geometry": {"type": "Point", "coordinates": [-76.2631537, 3.2529422]}}, {"type": "Feature", "properties": {"OBJECTID": 828, "DETALLE": 0.0, "SECTOR": 0.0, "ZONA": 0.0, "Empresa": "Agricola", "existentes": ""}, "geometry": {"type": "Point", "coordinates": [-76.2614468, 3.2500763]}}, {"type": "Feature", "properties": {"OBJECTID": 829, "DETALLE": 0.0, "SECTOR": 0.0, "ZONA": 0.0, "Empresa": "Agricola", "existentes": ""}, "geometry": {"type": "Point", "coordinates": [-76.263251, 3.2501948]}}, {"type": "Feature", "properties": {"OBJECTID": 830, "DETALLE": 0.0, "SECTOR": 0.0, "ZONA": 0.0, "Empresa": "Agricola", "existentes": ""}, "geometry": {"type": "Point", "coordinates": [-76.2644035, 3.2502705]}}, {"type": "Feature", "properties": {"OBJECTID": 831, "DETALLE": 0.0, "SECTOR": 0.0, "ZONA": 0.0, "Empresa": "Agricola", "existentes": ""}, "geometry": {"type": "Point", "coordinates": [-76.2665365, 3.2503729]}}, {"type": "Feature", "properties": {"OBJECTID": 832, "DETALLE": 0.0, "SECTOR": 0.0, "ZONA": 0.0, "Empresa": "Agricola", "existentes": ""}, "geometry": {"type": "Point", "coordinates": [-76.2682831, 3.2504631]}}, {"type": "Feature", "properties": {"OBJECTID": 833, "DETALLE": 0.0, "SECTOR": 0.0, "ZONA": 0.0, "Empresa": "Agricola", "existentes": ""}, "geometry": {"type": "Point", "coordinates": [-76.2702745, 3.250566]}}, {"type": "Feature", "properties": {"OBJECTID": 834, "DETALLE": 0.0, "SECTOR": 0.0, "ZONA": 0.0, "Empresa": "Agricola", "existentes": ""}, "geometry": {"type": "Point", "coordinates": [-76.2674229, 3.2603347]}}, {"type": "Feature", "properties": {"OBJECTID": 835, "DETALLE": 0.0, "SECTOR": 0.0, "ZONA": 0.0, "Empresa": "Agricola", "existentes": ""}, "geometry": {"type": "Point", "coordinates": [-76.2664504, 3.2607399]}}, {"type": "Feature", "properties": {"OBJECTID": 836, "DETALLE": 0.0, "SECTOR": 0.0, "ZONA": 0.0, "Empresa": "Agricola", "existentes": ""}, "geometry": {"type": "Point", "coordinates": [-76.2658068, 3.261889]}}, {"type": "Feature", "properties": {"OBJECTID": 837, "DETALLE": 0.0, "SECTOR": 0.0, "ZONA": 0.0, "Empresa": "Agricola", "existentes": ""}, "geometry": {"type": "Point", "coordinates": [-76.2692355, 3.2619424]}}, {"type": "Feature", "properties": {"OBJECTID": 838, "DETALLE": 0.0, "SECTOR": 0.0, "ZONA": 0.0, "Empresa": "Agricola", "existentes": ""}, "geometry": {"type": "Point", "coordinates": [-76.2682357, 3.2623873]}}, {"type": "Feature", "properties": {"OBJECTID": 839, "DETALLE": 0.0, "SECTOR": 0.0, "ZONA": 0.0, "Empresa": "Agricola", "existentes": ""}, "geometry": {"type": "Point", "coordinates": [-76.2669902, 3.2629416]}}, {"type": "Feature", "properties": {"OBJECTID": 840, "DETALLE": 0.0, "SECTOR": 0.0, "ZONA": 0.0, "Empresa": "Agricola", "existentes": ""}, "geometry": {"type": "Point", "coordinates": [-76.2647005, 3.2635837]}}, {"type": "Feature", "properties": {"OBJECTID": 841, "DETALLE": 0.0, "SECTOR": 0.0, "ZONA": 0.0, "Empresa": "Agricola", "existentes": ""}, "geometry": {"type": "Point", "coordinates": [-76.2710532, 3.2611602]}}, {"type": "Feature", "properties": {"OBJECTID": 842, "DETALLE": 0.0, "SECTOR": 0.0, "ZONA": 0.0, "Empresa": "Agricola", "existentes": ""}, "geometry": {"type": "Point", "coordinates": [-76.2725603, 3.2606778]}}, {"type": "Feature", "properties": {"OBJECTID": 844, "DETALLE": 0.0, "SECTOR": 0.0, "ZONA": 0.0, "Empresa": "Agricola", "existentes": ""}, "geometry": {"type": "Point", "coordinates": [-76.2598505, 3.2692893]}}, {"type": "Feature", "properties": {"OBJECTID": 845, "DETALLE": 0.0, "SECTOR": 0.0, "ZONA": 0.0, "Empresa": "Agricola", "existentes": ""}, "geometry": {"type": "Point", "coordinates": [-76.2551483, 3.2694549]}}, {"type": "Feature", "properties": {"OBJECTID": 847, "DETALLE": 0.0, "SECTOR": 0.0, "ZONA": 0.0, "Empresa": "Agricola", "existentes": ""}, "geometry": {"type": "Point", "coordinates": [-76.2533243, 3.2695215]}}, {"type": "Feature", "properties": {"OBJECTID": 848, "DETALLE": 0.0, "SECTOR": 0.0, "ZONA": 0.0, "Empresa": "Agricola", "existentes": ""}, "geometry": {"type": "Point", "coordinates": [-76.2575317, 3.2693705]}}, {"type": "Feature", "properties": {"OBJECTID": 849, "DETALLE": 0.0, "SECTOR": 0.0, "ZONA": 0.0, "Empresa": "Agricola", "existentes": ""}, "geometry": {"type": "Point", "coordinates": [-76.3686915, 3.3645318]}}, {"type": "Feature", "properties": {"OBJECTID": 850, "DETALLE": 0.0, "SECTOR": 0.0, "ZONA": 0.0, "Empresa": "Agricola", "existentes": ""}, "geometry": {"type": "Point", "coordinates": [-76.3657491, 3.3610222]}}, {"type": "Feature", "properties": {"OBJECTID": 851, "DETALLE": 0.0, "SECTOR": 0.0, "ZONA": 0.0, "Empresa": "Agricola", "existentes": ""}, "geometry": {"type": "Point", "coordinates": [-76.3676745, 3.3633608]}}, {"type": "Feature", "properties": {"OBJECTID": 852, "DETALLE": 0.0, "SECTOR": 0.0, "ZONA": 0.0, "Empresa": "Agricola", "existentes": ""}, "geometry": {"type": "Point", "coordinates": [-76.3749884, 3.3591489]}}, {"type": "Feature", "properties": {"OBJECTID": 853, "DETALLE": 0.0, "SECTOR": 0.0, "ZONA": 0.0, "Empresa": "Agricola", "existentes": ""}, "geometry": {"type": "Point", "coordinates": [-76.3761077, 3.358181]}}, {"type": "Feature", "properties": {"OBJECTID": 854, "DETALLE": 0.0, "SECTOR": 0.0, "ZONA": 0.0, "Empresa": "Agricola", "existentes": ""}, "geometry": {"type": "Point", "coordinates": [-76.3784247, 3.3520703]}}, {"type": "Feature", "properties": {"OBJECTID": 855, "DETALLE": 0.0, "SECTOR": 0.0, "ZONA": 0.0, "Empresa": "Agricola", "existentes": ""}, "geometry": {"type": "Point", "coordinates": [-76.3629024, 3.3698433]}}, {"type": "Feature", "properties": {"OBJECTID": 856, "DETALLE": 0.0, "SECTOR": 0.0, "ZONA": 0.0, "Empresa": "Agricola", "existentes": ""}, "geometry": {"type": "Point", "coordinates": [-76.3644227, 3.3680905]}}, {"type": "Feature", "properties": {"OBJECTID": 857, "DETALLE": 0.0, "SECTOR": 0.0, "ZONA": 0.0, "Empresa": "Agricola", "existentes": ""}, "geometry": {"type": "Point", "coordinates": [-76.3616512, 3.3703427]}}, {"type": "Feature", "properties": {"OBJECTID": 858, "DETALLE": 0.0, "SECTOR": 0.0, "ZONA": 0.0, "Empresa": "Agricola", "existentes": ""}, "geometry": {"type": "Point", "coordinates": [-76.3550363, 3.3768951]}}, {"type": "Feature", "properties": {"OBJECTID": 859, "DETALLE": 0.0, "SECTOR": 0.0, "ZONA": 0.0, "Empresa": "Agricola", "existentes": ""}, "geometry": {"type": "Point", "coordinates": [-76.3570472, 3.3763626]}}, {"type": "Feature", "properties": {"OBJECTID": 860, "DETALLE": 0.0, "SECTOR": 0.0, "ZONA": 0.0, "Empresa": "Agricola", "existentes": ""}, "geometry": {"type": "Point", "coordinates": [-76.37132, 3.3547917]}}, {"type": "Feature", "properties": {"OBJECTID": 861, "DETALLE": 0.0, "SECTOR": 0.0, "ZONA": 0.0, "Empresa": "", "existentes": ""}, "geometry": {"type": "Point", "coordinates": [-76.2863826, 3.386053]}}, {"type": "Feature", "properties": {"OBJECTID": 862, "DETALLE": 0.0, "SECTOR": 0.0, "ZONA": 0.0, "Empresa": "", "existentes": ""}, "geometry": {"type": "Point", "coordinates": [-76.2838679, 3.3850933]}}, {"type": "Feature", "properties": {"OBJECTID": 863, "DETALLE": 0.0, "SECTOR": 0.0, "ZONA": 0.0, "Empresa": "", "existentes": ""}, "geometry": {"type": "Point", "coordinates": [-76.2817286, 3.3842768]}}, {"type": "Feature", "properties": {"OBJECTID": 864, "DETALLE": 0.0, "SECTOR": 0.0, "ZONA": 0.0, "Empresa": "", "existentes": ""}, "geometry": {"type": "Point", "coordinates": [-76.2795894, 3.3834604]}}, {"type": "Feature", "properties": {"OBJECTID": 865, "DETALLE": 0.0, "SECTOR": 0.0, "ZONA": 0.0, "Empresa": "", "existentes": ""}, "geometry": {"type": "Point", "coordinates": [-76.2783169, 3.3829747]}}, {"type": "Feature", "properties": {"OBJECTID": 866, "DETALLE": 0.0, "SECTOR": 0.0, "ZONA": 0.0, "Empresa": "", "existentes": ""}, "geometry": {"type": "Point", "coordinates": [-76.2758285, 3.382025]}}, {"type": "Feature", "properties": {"OBJECTID": 867, "DETALLE": 0.0, "SECTOR": 0.0, "ZONA": 0.0, "Empresa": "", "existentes": ""}, "geometry": {"type": "Point", "coordinates": [-76.2731866, 3.3810167]}}, {"type": "Feature", "properties": {"OBJECTID": 877, "DETALLE": 0.0, "SECTOR": 0.0, "ZONA": 0.0, "Empresa": "", "existentes": ""}, "geometry": {"type": "Point", "coordinates": [-76.2630835, 3.4025341]}}, {"type": "Feature", "properties": {"OBJECTID": 878, "DETALLE": 0.0, "SECTOR": 0.0, "ZONA": 0.0, "Empresa": "", "existentes": ""}, "geometry": {"type": "Point", "coordinates": [-76.2619036, 3.4022931]}}, {"type": "Feature", "properties": {"OBJECTID": 879, "DETALLE": 0.0, "SECTOR": 0.0, "ZONA": 0.0, "Empresa": "", "existentes": ""}, "geometry": {"type": "Point", "coordinates": [-76.2917522, 3.3840472]}}, {"type": "Feature", "properties": {"OBJECTID": 880, "DETALLE": 0.0, "SECTOR": 0.0, "ZONA": 0.0, "Empresa": "", "existentes": ""}, "geometry": {"type": "Point", "coordinates": [-76.4332097, 3.2676213]}}, {"type": "Feature", "properties": {"OBJECTID": 881, "DETALLE": 0.0, "SECTOR": 0.0, "ZONA": 0.0, "Empresa": "", "existentes": ""}, "geometry": {"type": "Point", "coordinates": [-76.434141, 3.2680172]}}, {"type": "Feature", "properties": {"OBJECTID": 882, "DETALLE": 0.0, "SECTOR": 0.0, "ZONA": 0.0, "Empresa": "", "existentes": ""}, "geometry": {"type": "Point", "coordinates": [-76.435056, 3.2684062]}}, {"type": "Feature", "properties": {"OBJECTID": 883, "DETALLE": 0.0, "SECTOR": 0.0, "ZONA": 0.0, "Empresa": "", "existentes": ""}, "geometry": {"type": "Point", "coordinates": [-76.4315263, 3.2700834]}}, {"type": "Feature", "properties": {"OBJECTID": 884, "DETALLE": 0.0, "SECTOR": 0.0, "ZONA": 0.0, "Empresa": "", "existentes": ""}, "geometry": {"type": "Point", "coordinates": [-76.4315389, 3.273011]}}, {"type": "Feature", "properties": {"OBJECTID": 885, "DETALLE": 0.0, "SECTOR": 0.0, "ZONA": 0.0, "Empresa": "", "existentes": ""}, "geometry": {"type": "Point", "coordinates": [-76.4308246, 3.2726524]}}, {"type": "Feature", "properties": {"OBJECTID": 886, "DETALLE": 0.0, "SECTOR": 0.0, "ZONA": 0.0, "Empresa": "", "existentes": ""}, "geometry": {"type": "Point", "coordinates": [-76.4300667, 3.2722544]}}, {"type": "Feature", "properties": {"OBJECTID": 887, "DETALLE": 0.0, "SECTOR": 0.0, "ZONA": 0.0, "Empresa": "", "existentes": ""}, "geometry": {"type": "Point", "coordinates": [-76.4296307, 3.2729153]}}, {"type": "Feature", "properties": {"OBJECTID": 899, "DETALLE": 0.0, "SECTOR": 0.0, "ZONA": 0.0, "Empresa": "", "existentes": ""}, "geometry": {"type": "Point", "coordinates": [-76.2433653, 3.2363224]}}]}