{"type": "FeatureCollection", "name": "TUBERIA ENTERRADA", "crs": {"type": "name", "properties": {"name": "urn:ogc:def:crs:OGC:1.3:CRS84"}}, "features": [{"type": "Feature", "properties": {"OBJECTID": 1, "ID": 0, "DETALLE": 0.0, "SECTOR": 503.0, "ZONA": 0.0, "long": 1432.33662335, "Shape_Leng": 1432.33662335, "Empresa": 2222, "PROYECTO": "", "DIAMETRO": 0}, "geometry": {"type": "LineString", "coordinates": [[-76.2641521, 3.350863], [-76.2640168, 3.3509188], [-76.2607975, 3.3497466], [-76.2612221, 3.3547266], [-76.2608303, 3.3549897], [-76.2594188, 3.3544982], [-76.2575715, 3.3538627], [-76.2575559, 3.3537325], [-76.2575276, 3.3534365]]}}, {"type": "Feature", "properties": {"OBJECTID": 2, "ID": 0, "DETALLE": 0.0, "SECTOR": 503.0, "ZONA": 0.0, "long": 553.620664071, "Shape_Leng": 553.620664071, "Empresa": 2222, "PROYECTO": "", "DIAMETRO": 0}, "geometry": {"type": "LineString", "coordinates": [[-76.2612221, 3.3547266], [-76.2614926, 3.3552921], [-76.2613721, 3.3552809], [-76.2607254, 3.3558857], [-76.2602102, 3.3564026], [-76.2598485, 3.3567105], [-76.2595636, 3.3569304], [-76.2594101, 3.3570403], [-76.2589828, 3.3572931], [-76.2584656, 3.3575524], [-76.2579966, 3.3577985]]}}, {"type": "Feature", "properties": {"OBJECTID": 3, "ID": 0, "DETALLE": 0.0, "SECTOR": 503.0, "ZONA": 0.0, "long": 565.327543242, "Shape_Leng": 565.327543242, "Empresa": 2222, "PROYECTO": "", "DIAMETRO": 0}, "geometry": {"type": "LineString", "coordinates": [[-76.2614926, 3.3552921], [-76.2619447, 3.3603838]]}}, {"type": "Feature", "properties": {"OBJECTID": 4, "ID": 0, "DETALLE": 0.0, "SECTOR": 503.0, "ZONA": 0.0, "long": 186.062476243, "Shape_Leng": 186.062476243, "Empresa": 2222, "PROYECTO": "", "DIAMETRO": 0}, "geometry": {"type": "LineString", "coordinates": [[-76.2614926, 3.3552921], [-76.2630582, 3.3558878]]}}, {"type": "Feature", "properties": {"OBJECTID": 5, "ID": 0, "DETALLE": 0.0, "SECTOR": 503.0, "ZONA": 0.0, "long": 10.8873255403, "Shape_Leng": 10.8873255403, "Empresa": 2222, "PROYECTO": "", "DIAMETRO": 0}, "geometry": {"type": "LineString", "coordinates": [[-76.2630692, 3.3558878], [-76.2631568, 3.3559319]]}}, {"type": "Feature", "properties": {"OBJECTID": 6, "ID": 0, "DETALLE": 0.0, "SECTOR": 503.0, "ZONA": 0.0, "long": 213.558672881, "Shape_Leng": 213.558672881, "Empresa": 2222, "PROYECTO": "", "DIAMETRO": 0}, "geometry": {"type": "LineString", "coordinates": [[-76.2614926, 3.3552921], [-76.2615918, 3.3551086], [-76.2625892, 3.353708]]}}, {"type": "Feature", "properties": {"OBJECTID": 7, "ID": 0, "DETALLE": 0.0, "SECTOR": 503.0, "ZONA": 0.0, "long": 1690.8638879, "Shape_Leng": 1690.8638879, "Empresa": 2222, "PROYECTO": "", "DIAMETRO": 0}, "geometry": {"type": "LineString", "coordinates": [[-76.2632221, 3.3607957], [-76.2689871, 3.3630078], [-76.2693262, 3.3631517], [-76.2749153, 3.3652135], [-76.2774688, 3.3661584]]}}, {"type": "Feature", "properties": {"OBJECTID": 8, "ID": 0, "DETALLE": 0.0, "SECTOR": 503.0, "ZONA": 0.0, "long": 226.484722377, "Shape_Leng": 226.484722377, "Empresa": 2222, "PROYECTO": "", "DIAMETRO": 0}, "geometry": {"type": "LineString", "coordinates": [[-76.2687234, 3.3629222], [-76.2684747, 3.3633011], [-76.2681857, 3.3637345], [-76.2679145, 3.3641978], [-76.2676169, 3.3646412]]}}, {"type": "Feature", "properties": {"OBJECTID": 9, "ID": 0, "DETALLE": 0.0, "SECTOR": 503.0, "ZONA": 0.0, "long": 350.519988273, "Shape_Leng": 350.519988273, "Empresa": 2222, "PROYECTO": "", "DIAMETRO": 0}, "geometry": {"type": "LineString", "coordinates": [[-76.2689467, 3.3629923], [-76.2696014, 3.3599831], [-76.2695148, 3.3599634]]}}, {"type": "Feature", "properties": {"OBJECTID": 10, "ID": 0, "DETALLE": 0.0, "SECTOR": 136.0, "ZONA": 0.0, "long": 718.38157583, "Shape_Leng": 718.38157583, "Empresa": 2222, "PROYECTO": "", "DIAMETRO": 0}, "geometry": {"type": "LineString", "coordinates": [[-76.2719619, 3.358951], [-76.2729825, 3.3545598], [-76.2749084, 3.3550068]]}}, {"type": "Feature", "properties": {"OBJECTID": 11, "ID": 0, "DETALLE": 0.0, "SECTOR": 136.0, "ZONA": 0.0, "long": 221.840812544, "Shape_Leng": 221.840812544, "Empresa": 2222, "PROYECTO": "", "DIAMETRO": 0}, "geometry": {"type": "LineString", "coordinates": [[-76.2725018, 3.3566159], [-76.274477, 3.3569046]]}}, {"type": "Feature", "properties": {"OBJECTID": 12, "ID": 0, "DETALLE": 0.0, "SECTOR": 135.0, "ZONA": 0.0, "long": 876.149093977, "Shape_Leng": 876.149093977, "Empresa": 2222, "PROYECTO": "", "DIAMETRO": 0}, "geometry": {"type": "LineString", "coordinates": [[-76.285021, 3.3576884], [-76.2851889, 3.3577346], [-76.2876437, 3.3584133], [-76.287723, 3.3583338], [-76.2881332, 3.3575894], [-76.2892012, 3.3557394], [-76.2911332, 3.3565038]]}}, {"type": "Feature", "properties": {"OBJECTID": 13, "ID": 0, "DETALLE": 3.0, "SECTOR": 503.0, "ZONA": 0.0, "long": 1099.4147443, "Shape_Leng": 1099.4147443, "Empresa": 2222, "PROYECTO": "", "DIAMETRO": 0}, "geometry": {"type": "LineString", "coordinates": [[-76.2757837, 3.3655348], [-76.2750428, 3.3667207], [-76.2733766, 3.3699431], [-76.2723724, 3.3716964], [-76.271743, 3.3745129]]}}, {"type": "Feature", "properties": {"OBJECTID": 14, "ID": 0, "DETALLE": 0.0, "SECTOR": 506.0, "ZONA": 0.0, "long": 504.95657916, "Shape_Leng": 504.95657916, "Empresa": 2222, "PROYECTO": "", "DIAMETRO": 0}, "geometry": {"type": "LineString", "coordinates": [[-76.2714461, 3.3760506], [-76.2717756, 3.3764944], [-76.2719092, 3.3765348], [-76.2755291, 3.3778612]]}}, {"type": "Feature", "properties": {"OBJECTID": 15, "ID": 0, "DETALLE": 3.0, "SECTOR": 506.0, "ZONA": 0.0, "long": 603.862448476, "Shape_Leng": 603.862448476, "Empresa": 2222, "PROYECTO": "", "DIAMETRO": 0}, "geometry": {"type": "LineString", "coordinates": [[-76.2938915, 3.3809234], [-76.2936584, 3.3831066], [-76.2935297, 3.3846475], [-76.295131, 3.3852502]]}}, {"type": "Feature", "properties": {"OBJECTID": 16, "ID": 0, "DETALLE": 4.0, "SECTOR": 105.0, "ZONA": 0.0, "long": 2002.06452654, "Shape_Leng": 2002.06452654, "Empresa": 2222, "PROYECTO": "", "DIAMETRO": 0}, "geometry": {"type": "LineString", "coordinates": [[-76.2953681, 3.385363], [-76.2942847, 3.3958947], [-76.301269, 3.3985826]]}}, {"type": "Feature", "properties": {"OBJECTID": 17, "ID": 0, "DETALLE": 4.0, "SECTOR": 105.0, "ZONA": 0.0, "long": 215.917159981, "Shape_Leng": 215.917159981, "Empresa": 2222, "PROYECTO": "", "DIAMETRO": 0}, "geometry": {"type": "LineString", "coordinates": [[-76.2942728, 3.3958827], [-76.2924547, 3.3951945]]}}, {"type": "Feature", "properties": {"OBJECTID": 18, "ID": 0, "DETALLE": 3.0, "SECTOR": 506.0, "ZONA": 0.0, "long": 457.128868748, "Shape_Leng": 457.128868748, "Empresa": 2222, "PROYECTO": "", "DIAMETRO": 0}, "geometry": {"type": "LineString", "coordinates": [[-76.2921061, 3.3802425], [-76.2924901, 3.3761269]]}}, {"type": "Feature", "properties": {"OBJECTID": 19, "ID": 0, "DETALLE": 3.0, "SECTOR": 506.0, "ZONA": 0.0, "long": 453.440378959, "Shape_Leng": 453.440378959, "Empresa": 2222, "PROYECTO": "", "DIAMETRO": 0}, "geometry": {"type": "LineString", "coordinates": [[-76.2758886, 3.3780347], [-76.2753772, 3.3786999], [-76.2734712, 3.3807027], [-76.2732181, 3.3809863], [-76.273141, 3.3810605]]}}, {"type": "Feature", "properties": {"OBJECTID": 20, "ID": 0, "DETALLE": 0.0, "SECTOR": 104.0, "ZONA": 0.0, "long": 494.942592173, "Shape_Leng": 494.942592173, "Empresa": 2222, "PROYECTO": "", "DIAMETRO": 0}, "geometry": {"type": "LineString", "coordinates": [[-76.2729999, 3.3851476], [-76.2732847, 3.3852692], [-76.2756373, 3.3860352], [-76.2772029, 3.3866224]]}}, {"type": "Feature", "properties": {"OBJECTID": 21, "ID": 0, "DETALLE": 3.0, "SECTOR": 104.0, "ZONA": 0.0, "long": 1096.2601072, "Shape_Leng": 1096.2601072, "Empresa": 2222, "PROYECTO": "", "DIAMETRO": 0}, "geometry": {"type": "LineString", "coordinates": [[-76.2732847, 3.3852692], [-76.2731388, 3.3857087], [-76.272448, 3.3875753], [-76.2697638, 3.3945285]]}}, {"type": "Feature", "properties": {"OBJECTID": 22, "ID": 0, "DETALLE": 0.0, "SECTOR": 104.0, "ZONA": 0.0, "long": 582.41696223, "Shape_Leng": 582.41696223, "Empresa": 2222, "PROYECTO": "", "DIAMETRO": 0}, "geometry": {"type": "LineString", "coordinates": [[-76.2697638, 3.3945285], [-76.2696955, 3.3947435], [-76.2736997, 3.394955], [-76.2747057, 3.3949781]]}}, {"type": "Feature", "properties": {"OBJECTID": 23, "ID": 0, "DETALLE": 0.0, "SECTOR": 104.0, "ZONA": 0.0, "long": 1138.81125985, "Shape_Leng": 1138.81125985, "Empresa": 2222, "PROYECTO": "", "DIAMETRO": 0}, "geometry": {"type": "LineString", "coordinates": [[-76.2696955, 3.3947435], [-76.2677992, 3.395106], [-76.2656589, 3.3955384], [-76.2631196, 3.3959206], [-76.2628413, 3.3959903], [-76.2622153, 3.3958499], [-76.260317, 3.3969899], [-76.2599184, 3.3971419]]}}, {"type": "Feature", "properties": {"OBJECTID": 24, "ID": 0, "DETALLE": 0.0, "SECTOR": 104.0, "ZONA": 0.0, "long": 229.548160267, "Shape_Leng": 229.548160267, "Empresa": 2222, "PROYECTO": "", "DIAMETRO": 0}, "geometry": {"type": "LineString", "coordinates": [[-76.2599184, 3.3971419], [-76.2601509, 3.3981747], [-76.2603786, 3.3991654]]}}, {"type": "Feature", "properties": {"OBJECTID": 25, "ID": 0, "DETALLE": 0.0, "SECTOR": 104.0, "ZONA": 0.0, "long": 2210.14574707, "Shape_Leng": 2210.14574707, "Empresa": 2222, "PROYECTO": "", "DIAMETRO": 0}, "geometry": {"type": "LineString", "coordinates": [[-76.2592219, 3.4002835], [-76.2588027, 3.4011978], [-76.2585936, 3.401617], [-76.2766432, 3.4053035]]}}, {"type": "Feature", "properties": {"OBJECTID": 26, "ID": 0, "DETALLE": 0.0, "SECTOR": 104.0, "ZONA": 0.0, "long": 821.109765701, "Shape_Leng": 821.109765701, "Empresa": 2222, "PROYECTO": "", "DIAMETRO": 0}, "geometry": {"type": "LineString", "coordinates": [[-76.2592219, 3.4002835], [-76.2589328, 3.4001361], [-76.2583607, 3.3999604], [-76.2576071, 3.3998416], [-76.2572179, 3.3998305], [-76.2567546, 3.3998279], [-76.256407, 3.3997881], [-76.2553705, 3.3996616], [-76.2542369, 3.3995275], [-76.2531411, 3.39945], [-76.2519248, 3.3994272]]}}, {"type": "Feature", "properties": {"OBJECTID": 27, "ID": 0, "DETALLE": 0.0, "SECTOR": 506.0, "ZONA": 0.0, "long": 1215.07102964, "Shape_Leng": 1215.07102964, "Empresa": 2222, "PROYECTO": "", "DIAMETRO": 0}, "geometry": {"type": "LineString", "coordinates": [[-76.2755291, 3.3778612], [-76.2758893, 3.3780354], [-76.2766357, 3.3772867], [-76.2776152, 3.376173], [-76.2785619, 3.3751904], [-76.2847857, 3.3775122]]}}, {"type": "Feature", "properties": {"OBJECTID": 28, "ID": 0, "DETALLE": 0.0, "SECTOR": 506.0, "ZONA": 0.0, "long": 1078.99310765, "Shape_Leng": 1078.99310765, "Empresa": 2222, "PROYECTO": "", "DIAMETRO": 0}, "geometry": {"type": "LineString", "coordinates": [[-76.284785, 3.3775114], [-76.2938868, 3.3809067]]}}, {"type": "Feature", "properties": {"OBJECTID": 29, "ID": 0, "DETALLE": 3.0, "SECTOR": 503.0, "ZONA": 0.0, "long": 604.820456492, "Shape_Leng": 604.820456492, "Empresa": 2222, "PROYECTO": "", "DIAMETRO": 0}, "geometry": {"type": "LineString", "coordinates": [[-76.2676169, 3.3646412], [-76.2683401, 3.3649499], [-76.2660846, 3.3690437]]}}, {"type": "Feature", "properties": {"OBJECTID": 30, "ID": 0, "DETALLE": 999.0, "SECTOR": 503.0, "ZONA": 0.0, "long": 148.503194111, "Shape_Leng": 148.503194111, "Empresa": 2222, "PROYECTO": "", "DIAMETRO": 0}, "geometry": {"type": "LineString", "coordinates": [[-76.2619447, 3.3603838], [-76.2632109, 3.3608126]]}}, {"type": "Feature", "properties": {"OBJECTID": 31, "ID": 0, "DETALLE": 0.0, "SECTOR": 109.0, "ZONA": 3.0, "long": 1166.77836135, "Shape_Leng": 1166.77836135, "Empresa": 2222, "PROYECTO": "", "DIAMETRO": 0}, "geometry": {"type": "LineString", "coordinates": [[-76.2332218, 3.3668937], [-76.2337698, 3.3667807], [-76.2347825, 3.366614], [-76.2351678, 3.3665713], [-76.2373372, 3.3662428], [-76.2393832, 3.3658861], [-76.2395338, 3.3658668], [-76.2400124, 3.3667996], [-76.2400446, 3.3668973], [-76.2409638, 3.3686684], [-76.2414257, 3.3695237]]}}, {"type": "Feature", "properties": {"OBJECTID": 32, "ID": 0, "DETALLE": 0.0, "SECTOR": 109.0, "ZONA": 3.0, "long": 25.4542586349, "Shape_Leng": 25.4542586349, "Empresa": 2222, "PROYECTO": "", "DIAMETRO": 0}, "geometry": {"type": "LineString", "coordinates": [[-76.2395338, 3.3658668], [-76.2394723, 3.3657565], [-76.2393925, 3.3657063], [-76.2393875, 3.3656987]]}}, {"type": "Feature", "properties": {"OBJECTID": 33, "ID": 0, "DETALLE": 0.0, "SECTOR": 109.0, "ZONA": 3.0, "long": 805.79151886, "Shape_Leng": 805.79151886, "Empresa": 2222, "PROYECTO": "", "DIAMETRO": 0}, "geometry": {"type": "LineString", "coordinates": [[-76.2403841, 3.3674997], [-76.2467992, 3.3641046]]}}, {"type": "Feature", "properties": {"OBJECTID": 34, "ID": 0, "DETALLE": 0.0, "SECTOR": 137.0, "ZONA": 3.0, "long": 455.329654775, "Shape_Leng": 455.329654775, "Empresa": 2222, "PROYECTO": "", "DIAMETRO": 0}, "geometry": {"type": "LineString", "coordinates": [[-76.2257158, 3.4028312], [-76.2256998, 3.4027425], [-76.2256281, 3.4022181], [-76.2256918, 3.4021143], [-76.2258397, 3.4019485], [-76.2259911, 3.4017821], [-76.2260628, 3.4017073], [-76.2261231, 3.4016353], [-76.226179, 3.4015917], [-76.2262435, 3.4015488], [-76.226396, 3.4014866], [-76.2265579, 3.4014126], [-76.2267246, 3.401341], [-76.2268342, 3.4013004], [-76.2270176, 3.401224], [-76.2271701, 3.401179], [-76.2273596, 3.4011134], [-76.2274775, 3.4010453], [-76.2277747, 3.4009153], [-76.2279651, 3.4008329], [-76.2282381, 3.400688], [-76.2284469, 3.4005591], [-76.2285708, 3.4004768]]}}, {"type": "Feature", "properties": {"OBJECTID": 35, "ID": 0, "DETALLE": 0.0, "SECTOR": 137.0, "ZONA": 3.0, "long": 376.396817288, "Shape_Leng": 376.396817288, "Empresa": 2222, "PROYECTO": "", "DIAMETRO": 0}, "geometry": {"type": "LineString", "coordinates": [[-76.2285708, 3.4004768], [-76.2287405, 3.400335], [-76.2291217, 3.3999709], [-76.2295474, 3.3996767], [-76.2296317, 3.3996191], [-76.2296985, 3.3995292], [-76.2297474, 3.3994491], [-76.2307449, 3.3979236]]}}, {"type": "Feature", "properties": {"OBJECTID": 36, "ID": 0, "DETALLE": 0.0, "SECTOR": 137.0, "ZONA": 3.0, "long": 419.61683168, "Shape_Leng": 419.61683168, "Empresa": 2222, "PROYECTO": "", "DIAMETRO": 0}, "geometry": {"type": "LineString", "coordinates": [[-76.2307449, 3.3979236], [-76.2307902, 3.3978207], [-76.2308705, 3.3976169], [-76.231295, 3.3977059], [-76.2314379, 3.3977381], [-76.2317207, 3.3977972], [-76.2319397, 3.3978556], [-76.2320053, 3.3978101], [-76.2327347, 3.3973339], [-76.2327814, 3.3973007], [-76.2328328, 3.3972552], [-76.2333327, 3.3969089], [-76.2336481, 3.3966802], [-76.2336728, 3.3966623], [-76.2338221, 3.3965698], [-76.2338861, 3.3965346]]}}, {"type": "Feature", "properties": {"OBJECTID": 37, "ID": 0, "DETALLE": 0.0, "SECTOR": 137.0, "ZONA": 3.0, "long": 609.224018043, "Shape_Leng": 609.224018043, "Empresa": 2222, "PROYECTO": "", "DIAMETRO": 0}, "geometry": {"type": "LineString", "coordinates": [[-76.2297029, 3.3995219], [-76.2322637, 3.3996046], [-76.2351824, 3.3996782]]}}, {"type": "Feature", "properties": {"OBJECTID": 38, "ID": 0, "DETALLE": 0.0, "SECTOR": 137.0, "ZONA": 3.0, "long": 355.141709421, "Shape_Leng": 355.141709421, "Empresa": 2222, "PROYECTO": "", "DIAMETRO": 0}, "geometry": {"type": "LineString", "coordinates": [[-76.2351824, 3.3996782], [-76.2337913, 3.4025693]]}}, {"type": "Feature", "properties": {"OBJECTID": 39, "ID": 0, "DETALLE": 0.0, "SECTOR": 137.0, "ZONA": 3.0, "long": 201.553009076, "Shape_Leng": 201.553009076, "Empresa": 2222, "PROYECTO": "", "DIAMETRO": 0}, "geometry": {"type": "LineString", "coordinates": [[-76.2296317, 3.3996191], [-76.2296144, 3.3997203], [-76.2293841, 3.4014245]]}}, {"type": "Feature", "properties": {"OBJECTID": 40, "ID": 0, "DETALLE": 0.0, "SECTOR": 137.0, "ZONA": 3.0, "long": 89.3313944798, "Shape_Leng": 89.3313944798, "Empresa": 2222, "PROYECTO": "", "DIAMETRO": 0}, "geometry": {"type": "LineString", "coordinates": [[-76.2270848, 3.4012042], [-76.2273843, 3.4016312], [-76.2275526, 3.401861]]}}, {"type": "Feature", "properties": {"OBJECTID": 41, "ID": 0, "DETALLE": 0.0, "SECTOR": 110.0, "ZONA": 0.0, "long": 3027.69016699, "Shape_Leng": 3027.69016699, "Empresa": 2222, "PROYECTO": "", "DIAMETRO": 0}, "geometry": {"type": "LineString", "coordinates": [[-76.2928934, 3.3230443], [-76.2885942, 3.3215698], [-76.2875235, 3.3211909], [-76.2852104, 3.3204001], [-76.2840253, 3.3199801], [-76.2838618, 3.3199142], [-76.2837475, 3.3197908], [-76.2827178, 3.319223], [-76.2825355, 3.3190624], [-76.2824713, 3.3189798], [-76.2824249, 3.3188899], [-76.2823964, 3.3187283], [-76.2827389, 3.3180245], [-76.2834642, 3.3163149], [-76.2845128, 3.3138178], [-76.2934095, 3.3169233], [-76.2937357, 3.3170474], [-76.2943463, 3.3172464]]}}, {"type": "Feature", "properties": {"OBJECTID": 42, "ID": 0, "DETALLE": 0.0, "SECTOR": 110.0, "ZONA": 0.0, "long": 14.4593751476, "Shape_Leng": 14.4593751476, "Empresa": 2222, "PROYECTO": "", "DIAMETRO": 0}, "geometry": {"type": "LineString", "coordinates": [[-76.2825355, 3.3190696], [-76.282414, 3.3191162]]}}, {"type": "Feature", "properties": {"OBJECTID": 43, "ID": 0, "DETALLE": 0.0, "SECTOR": 108.0, "ZONA": 1.0, "long": 2342.45953608, "Shape_Leng": 2342.45953608, "Empresa": 2222, "PROYECTO": "", "DIAMETRO": 0}, "geometry": {"type": "LineString", "coordinates": [[-76.3582347, 3.3689783], [-76.3580531, 3.3688153], [-76.3577183, 3.3685254], [-76.3580354, 3.3680574], [-76.3582828, 3.3677469], [-76.3590666, 3.3667835], [-76.3593823, 3.3666962], [-76.3605052, 3.3677588], [-76.3607942, 3.3675732], [-76.3607978, 3.367573], [-76.3608499, 3.3675137], [-76.3624515, 3.3657514], [-76.3667079, 3.3621881], [-76.372805, 3.3570069]]}}, {"type": "Feature", "properties": {"OBJECTID": 44, "ID": 0, "DETALLE": 0.0, "SECTOR": 138.0, "ZONA": 1.0, "long": 927.065740418, "Shape_Leng": 927.065740418, "Empresa": 2222, "PROYECTO": "", "DIAMETRO": 0}, "geometry": {"type": "LineString", "coordinates": [[-76.2506676, 3.4225085], [-76.2508156, 3.4225438], [-76.2510079, 3.4225861], [-76.2512394, 3.4230773], [-76.2516083, 3.4232483], [-76.2519976, 3.4234198], [-76.2525276, 3.4236713], [-76.2541457, 3.4241717], [-76.2543342, 3.4243216], [-76.2545325, 3.4243533], [-76.256081, 3.4249275], [-76.2562341, 3.4249025], [-76.2564568, 3.4248048], [-76.2566489, 3.4247155], [-76.256891, 3.4246877], [-76.2572406, 3.4246218], [-76.2573222, 3.4246091], [-76.2577922, 3.4237699]]}}, {"type": "Feature", "properties": {"OBJECTID": 45, "ID": 0, "DETALLE": 0.0, "SECTOR": 138.0, "ZONA": 1.0, "long": 346.549749966, "Shape_Leng": 346.549749966, "Empresa": 2222, "PROYECTO": "", "DIAMETRO": 0}, "geometry": {"type": "LineString", "coordinates": [[-76.2573222, 3.4246145], [-76.2571795, 3.4248868], [-76.2559086, 3.4274077]]}}, {"type": "Feature", "properties": {"OBJECTID": 46, "ID": 0, "DETALLE": 0.0, "SECTOR": 101.0, "ZONA": 1.0, "long": 443.759764622, "Shape_Leng": 443.759764622, "Empresa": 2222, "PROYECTO": "", "DIAMETRO": 0}, "geometry": {"type": "LineString", "coordinates": [[-76.2952819, 3.4322567], [-76.2963461, 3.4328553], [-76.2987649, 3.4342192]]}}, {"type": "Feature", "properties": {"OBJECTID": 47, "ID": 0, "DETALLE": 0.0, "SECTOR": 101.0, "ZONA": 1.0, "long": 943.458438893, "Shape_Leng": 943.458438893, "Empresa": 2222, "PROYECTO": "", "DIAMETRO": 0}, "geometry": {"type": "LineString", "coordinates": [[-76.2963461, 3.4328553], [-76.2978688, 3.4302061], [-76.2986007, 3.4288932], [-76.3005669, 3.4254532]]}}, {"type": "Feature", "properties": {"OBJECTID": 48, "ID": 0, "DETALLE": 0.0, "SECTOR": 101.0, "ZONA": 1.0, "long": 1214.19469033, "Shape_Leng": 1214.19469033, "Empresa": 2222, "PROYECTO": "", "DIAMETRO": 0}, "geometry": {"type": "LineString", "coordinates": [[-76.3029733, 3.4268338], [-76.3028674, 3.4267731], [-76.3005669, 3.4254532], [-76.3004671, 3.4253958], [-76.2982873, 3.4241415], [-76.2982247, 3.4241191], [-76.2969823, 3.4234076], [-76.2975267, 3.4198995], [-76.2980018, 3.4200509]]}}, {"type": "Feature", "properties": {"OBJECTID": 49, "ID": 0, "DETALLE": 0.0, "SECTOR": 101.0, "ZONA": 1.0, "long": 309.314270316, "Shape_Leng": 309.314270316, "Empresa": 2222, "PROYECTO": "", "DIAMETRO": 0}, "geometry": {"type": "LineString", "coordinates": [[-76.2962318, 3.4274239], [-76.298573, 3.428777], [-76.2986378, 3.4288283]]}}, {"type": "Feature", "properties": {"OBJECTID": 50, "ID": 0, "DETALLE": 0.0, "SECTOR": 102.0, "ZONA": 1.0, "long": 1890.33039245, "Shape_Leng": 1890.33039245, "Empresa": 2222, "PROYECTO": "", "DIAMETRO": 0}, "geometry": {"type": "LineString", "coordinates": [[-76.2634383, 3.4378014], [-76.2645, 3.4377586], [-76.2649302, 3.4377244], [-76.2648706, 3.4374665], [-76.2649302, 3.4377244], [-76.2652598, 3.4376812], [-76.2661932, 3.437615], [-76.2663206, 3.4360551], [-76.2688818, 3.436655], [-76.2709854, 3.4371435], [-76.2729657, 3.437503], [-76.2730518, 3.4375339], [-76.2748542, 3.4382674], [-76.2752627, 3.4384323], [-76.2759596, 3.4387203], [-76.2760046, 3.4373625], [-76.2760239, 3.4369202], [-76.2760359, 3.436579]]}}, {"type": "Feature", "properties": {"OBJECTID": 51, "ID": 0, "DETALLE": 0.0, "SECTOR": 102.0, "ZONA": 1.0, "long": 467.396974207, "Shape_Leng": 467.396974207, "Empresa": 2222, "PROYECTO": "", "DIAMETRO": 0}, "geometry": {"type": "LineString", "coordinates": [[-76.2729657, 3.437503], [-76.2728077, 3.4417265]]}}, {"type": "Feature", "properties": {"OBJECTID": 53, "ID": 0, "DETALLE": 0.0, "SECTOR": 506.0, "ZONA": 0.0, "long": 813.462897002, "Shape_Leng": 813.462897002, "Empresa": 2222, "PROYECTO": "", "DIAMETRO": 0}, "geometry": {"type": "LineString", "coordinates": [[-76.29008, 3.370966], [-76.2955059, 3.373055], [-76.2964141, 3.3735008], [-76.2968817, 3.3736735]]}}, {"type": "Feature", "properties": {"OBJECTID": 54, "ID": 0, "DETALLE": 4.0, "SECTOR": 105.0, "ZONA": 0.0, "long": 2138.96671594, "Shape_Leng": 2138.96671594, "Empresa": 2222, "PROYECTO": "", "DIAMETRO": 0}, "geometry": {"type": "LineString", "coordinates": [[-76.2968817, 3.3736735], [-76.3127903, 3.3797091], [-76.3148859, 3.380509]]}}, {"type": "Feature", "properties": {"OBJECTID": 55, "ID": 0, "DETALLE": 4.0, "SECTOR": 105.0, "ZONA": 0.0, "long": 199.46312323, "Shape_Leng": 199.46312323, "Empresa": 2222, "PROYECTO": "", "DIAMETRO": 0}, "geometry": {"type": "LineString", "coordinates": [[-76.3127271, 3.3796852], [-76.3127032, 3.3798308], [-76.3125263, 3.3814773]]}}, {"type": "Feature", "properties": {"OBJECTID": 56, "ID": 0, "DETALLE": 3.0, "SECTOR": 104.0, "ZONA": 0.0, "long": 42.7666430759, "Shape_Leng": 42.7666430759, "Empresa": 2222, "PROYECTO": "", "DIAMETRO": 0}, "geometry": {"type": "LineString", "coordinates": [[-76.2727738, 3.3855861], [-76.2731388, 3.3857087]]}}, {"type": "Feature", "properties": {"OBJECTID": 57, "ID": 0, "DETALLE": 3.0, "SECTOR": 107.0, "ZONA": 0.0, "long": 12.6384306285, "Shape_Leng": 12.6384306285, "Empresa": 2222, "PROYECTO": "", "DIAMETRO": 0}, "geometry": {"type": "LineString", "coordinates": [[-76.2555789, 3.3950517], [-76.2555627, 3.3951648]]}}, {"type": "Feature", "properties": {"OBJECTID": 58, "ID": 0, "DETALLE": 88.0, "SECTOR": 104.0, "ZONA": 0.0, "long": 384.466464672, "Shape_Leng": 384.466464672, "Empresa": 2222, "PROYECTO": "", "DIAMETRO": 0}, "geometry": {"type": "LineString", "coordinates": [[-76.2728353, 3.3856081], [-76.2729999, 3.3851476], [-76.2717004, 3.3845932], [-76.2718573, 3.3835263], [-76.2719666, 3.3830489]]}}, {"type": "Feature", "properties": {"OBJECTID": 59, "ID": 0, "DETALLE": 88.0, "SECTOR": 104.0, "ZONA": 0.0, "long": 111.742682471, "Shape_Leng": 111.742682471, "Empresa": 2222, "PROYECTO": "", "DIAMETRO": 0}, "geometry": {"type": "LineString", "coordinates": [[-76.270928, 3.3915127], [-76.2699564, 3.3912526]]}}, {"type": "Feature", "properties": {"OBJECTID": 60, "ID": 0, "DETALLE": 0.0, "SECTOR": 105.0, "ZONA": 0.0, "long": 108.785571472, "Shape_Leng": 108.785571472, "Empresa": 2222, "PROYECTO": "", "DIAMETRO": 0}, "geometry": {"type": "LineString", "coordinates": [[-76.292444, 3.3951887], [-76.2920877, 3.395081], [-76.2915295, 3.3948417]]}}, {"type": "Feature", "properties": {"OBJECTID": 64, "ID": 0, "DETALLE": 0.0, "SECTOR": 108.0, "ZONA": 1.0, "long": 1027.28484616, "Shape_Leng": 1027.28484616, "Empresa": 2222, "PROYECTO": "", "DIAMETRO": 0}, "geometry": {"type": "LineString", "coordinates": [[-76.3582347, 3.3689783], [-76.3601785, 3.3707312], [-76.358667, 3.3724767], [-76.3584311, 3.3723121], [-76.3580627, 3.3727857], [-76.3565749, 3.3749007], [-76.3561807, 3.3756762]]}}, {"type": "Feature", "properties": {"OBJECTID": 65, "ID": 0, "DETALLE": 0.0, "SECTOR": 108.0, "ZONA": 1.0, "long": 346.236309915, "Shape_Leng": 346.236309915, "Empresa": 2222, "PROYECTO": "", "DIAMETRO": 0}, "geometry": {"type": "LineString", "coordinates": [[-76.3698121, 3.3595237], [-76.371844, 3.361897]]}}, {"type": "Feature", "properties": {"OBJECTID": 66, "ID": 0, "DETALLE": 0.0, "SECTOR": 118.0, "ZONA": 0.0, "long": 1869.03690313, "Shape_Leng": 1869.03690313, "Empresa": 2222, "PROYECTO": "", "DIAMETRO": 0}, "geometry": {"type": "LineString", "coordinates": [[-76.2939193, 3.2349963], [-76.2964183, 3.2351619], [-76.2970528, 3.235204], [-76.2968567, 3.2387713], [-76.2982901, 3.2388148], [-76.2983141, 3.2389858], [-76.300166, 3.2410081], [-76.3011321, 3.242208], [-76.3036168, 3.2456661]]}}, {"type": "Feature", "properties": {"OBJECTID": 67, "ID": 0, "DETALLE": 0.0, "SECTOR": 116.0, "ZONA": 5.0, "long": 393.770066106, "Shape_Leng": 393.770066106, "Empresa": 2222, "PROYECTO": "", "DIAMETRO": 0}, "geometry": {"type": "LineString", "coordinates": [[-76.2654247, 3.2689944], [-76.2650165, 3.265754], [-76.2649962, 3.2656351], [-76.2650231, 3.2658068]]}}, {"type": "Feature", "properties": {"OBJECTID": 68, "ID": 0, "DETALLE": 0.0, "SECTOR": 116.0, "ZONA": 5.0, "long": 1731.6964075, "Shape_Leng": 1731.6964075, "Empresa": 2222, "PROYECTO": "", "DIAMETRO": 0}, "geometry": {"type": "LineString", "coordinates": [[-76.2650232, 3.2657527], [-76.2650184, 3.2657527], [-76.2673401, 3.2653845], [-76.2696456, 3.2650133], [-76.2720887, 3.264618], [-76.2732441, 3.2645787], [-76.2743587, 3.2645089], [-76.2751482, 3.2644233], [-76.2765676, 3.2643217], [-76.2766947, 3.2643086], [-76.2785642, 3.2643713], [-76.2804891, 3.2644579]]}}, {"type": "Feature", "properties": {"OBJECTID": 69, "ID": 0, "DETALLE": 0.0, "SECTOR": 116.0, "ZONA": 5.0, "long": 1214.20456749, "Shape_Leng": 1214.20456749, "Empresa": 2222, "PROYECTO": "", "DIAMETRO": 0}, "geometry": {"type": "LineString", "coordinates": [[-76.2720098, 3.2646308], [-76.2726203, 3.2606851], [-76.2727214, 3.2602896], [-76.2734808, 3.2586001], [-76.2780926, 3.259512]]}}, {"type": "Feature", "properties": {"OBJECTID": 70, "ID": 0, "DETALLE": 0.0, "SECTOR": 116.0, "ZONA": 5.0, "long": 191.260792564, "Shape_Leng": 191.260792564, "Empresa": 2222, "PROYECTO": "RIDES", "DIAMETRO": 0}, "geometry": {"type": "LineString", "coordinates": [[-76.2663002, 3.2632343], [-76.2646648, 3.2635383], [-76.2647005, 3.2635837]]}}, {"type": "Feature", "properties": {"OBJECTID": 71, "ID": 0, "DETALLE": 0.0, "SECTOR": 115.0, "ZONA": 5.0, "long": 1143.97415928, "Shape_Leng": 1143.97415928, "Empresa": 2222, "PROYECTO": "", "DIAMETRO": 0}, "geometry": {"type": "LineString", "coordinates": [[-76.2640374, 3.2691427], [-76.2646942, 3.2691283], [-76.2655334, 3.2690945], [-76.267016, 3.2689842], [-76.269657, 3.2687637], [-76.2743023, 3.2684244], [-76.2743024, 3.2684234]]}}, {"type": "Feature", "properties": {"OBJECTID": 75, "ID": 0, "DETALLE": 0.0, "SECTOR": 111.0, "ZONA": 0.0, "long": 2883.67867114, "Shape_Leng": 2883.67867114, "Empresa": 2222, "PROYECTO": "", "DIAMETRO": 0}, "geometry": {"type": "LineString", "coordinates": [[-76.3013729, 3.2558935], [-76.3013023, 3.2547803], [-76.3012673, 3.2542494], [-76.304077, 3.2541833], [-76.3059676, 3.2541085], [-76.3058849, 3.254979], [-76.3073108, 3.2548409], [-76.3102386, 3.2547958], [-76.3141502, 3.2547409], [-76.317867, 3.2547423], [-76.3206262, 3.2546986], [-76.3246094, 3.2547068]]}}, {"type": "Feature", "properties": {"OBJECTID": 76, "ID": 0, "DETALLE": 0.0, "SECTOR": 111.0, "ZONA": 0.0, "long": 1282.38926569, "Shape_Leng": 1282.38926569, "Empresa": 2222, "PROYECTO": "", "DIAMETRO": 0}, "geometry": {"type": "LineString", "coordinates": [[-76.3130035, 3.2547613], [-76.3129895, 3.2538205], [-76.3130866, 3.2514653], [-76.3131505, 3.2508761], [-76.3163034, 3.2509074], [-76.3174344, 3.250886], [-76.3208161, 3.2508442]]}}, {"type": "Feature", "properties": {"OBJECTID": 77, "ID": 0, "DETALLE": 0.0, "SECTOR": 111.0, "ZONA": 0.0, "long": 735.31573967, "Shape_Leng": 735.31573967, "Empresa": 2222, "PROYECTO": "", "DIAMETRO": 0}, "geometry": {"type": "LineString", "coordinates": [[-76.3012673, 3.2542494], [-76.2998999, 3.2543108], [-76.294655, 3.254448]]}}, {"type": "Feature", "properties": {"OBJECTID": 78, "ID": 0, "DETALLE": 0.0, "SECTOR": 123.0, "ZONA": 0.0, "long": 2849.99221801, "Shape_Leng": 2849.99221801, "Empresa": 2222, "PROYECTO": "", "DIAMETRO": 0}, "geometry": {"type": "LineString", "coordinates": [[-76.3956031, 3.2740552], [-76.3965449, 3.2711539], [-76.4188614, 3.2747747]]}}, {"type": "Feature", "properties": {"OBJECTID": 79, "ID": 0, "DETALLE": 0.0, "SECTOR": 123.0, "ZONA": 0.0, "long": 635.91662434, "Shape_Leng": 635.91662434, "Empresa": 2222, "PROYECTO": "", "DIAMETRO": 0}, "geometry": {"type": "LineString", "coordinates": [[-76.4129576, 3.2795941], [-76.4145837, 3.2740807]]}}, {"type": "Feature", "properties": {"OBJECTID": 80, "ID": 0, "DETALLE": 0.0, "SECTOR": 123.0, "ZONA": 0.0, "long": 2855.10204329, "Shape_Leng": 2855.10204329, "Empresa": 2222, "PROYECTO": "", "DIAMETRO": 0}, "geometry": {"type": "LineString", "coordinates": [[-76.4032618, 3.2722438], [-76.4040205, 3.2664151], [-76.4063884, 3.2662008], [-76.4109023, 3.2668337], [-76.4227452, 3.2687962], [-76.422988, 3.2688475], [-76.4234516, 3.2693096]]}}, {"type": "Feature", "properties": {"OBJECTID": 81, "ID": 0, "DETALLE": 0.0, "SECTOR": 124.0, "ZONA": 0.0, "long": 1070.27300743, "Shape_Leng": 1070.27300743, "Empresa": 2222, "PROYECTO": "", "DIAMETRO": 0}, "geometry": {"type": "LineString", "coordinates": [[-76.4110083, 3.2650777], [-76.4113825, 3.2629986], [-76.4120142, 3.262877], [-76.418429, 3.2603667]]}}, {"type": "Feature", "properties": {"OBJECTID": 82, "ID": 0, "DETALLE": 0.0, "SECTOR": 708.0, "ZONA": 0.0, "long": 1644.1531334, "Shape_Leng": 1644.1531334, "Empresa": 2222, "PROYECTO": "", "DIAMETRO": 0}, "geometry": {"type": "LineString", "coordinates": [[-76.4139581, 3.262097], [-76.4114861, 3.2540975], [-76.4158196, 3.2544685], [-76.4179248, 3.2545983]]}}, {"type": "Feature", "properties": {"OBJECTID": 83, "ID": 0, "DETALLE": 0.0, "SECTOR": 125.0, "ZONA": 0.0, "long": 1410.86339524, "Shape_Leng": 1410.86339524, "Empresa": 2222, "PROYECTO": "", "DIAMETRO": 0}, "geometry": {"type": "LineString", "coordinates": [[-76.4106722, 3.247016], [-76.4127723, 3.2474014], [-76.4169802, 3.2481604], [-76.4187572, 3.2485375], [-76.4205854, 3.248838], [-76.423175, 3.2492024]]}}, {"type": "Feature", "properties": {"OBJECTID": 84, "ID": 0, "DETALLE": 0.0, "SECTOR": 125.0, "ZONA": 0.0, "long": 608.123330154, "Shape_Leng": 608.123330154, "Empresa": 2222, "PROYECTO": "", "DIAMETRO": 0}, "geometry": {"type": "LineString", "coordinates": [[-76.4114239, 3.2538733], [-76.4111389, 3.2528203], [-76.4114981, 3.2526996], [-76.4109889, 3.2495089], [-76.4102018, 3.2494226]]}}, {"type": "Feature", "properties": {"OBJECTID": 85, "ID": 0, "DETALLE": 0.0, "SECTOR": 125.0, "ZONA": 0.0, "long": 652.714140971, "Shape_Leng": 652.714140971, "Empresa": 2222, "PROYECTO": "", "DIAMETRO": 0}, "geometry": {"type": "LineString", "coordinates": [[-76.4239931, 3.2550707], [-76.4249571, 3.2524642], [-76.4261208, 3.24957]]}}, {"type": "Feature", "properties": {"OBJECTID": 86, "ID": 0, "DETALLE": 0.0, "SECTOR": 125.0, "ZONA": 0.0, "long": 567.785405044, "Shape_Leng": 567.785405044, "Empresa": 2222, "PROYECTO": "", "DIAMETRO": 0}, "geometry": {"type": "LineString", "coordinates": [[-76.4255698, 3.2508996], [-76.4305993, 3.2517982]]}}, {"type": "Feature", "properties": {"OBJECTID": 87, "ID": 0, "DETALLE": 0.0, "SECTOR": 125.0, "ZONA": 0.0, "long": 2277.42883721, "Shape_Leng": 2277.42883721, "Empresa": 2222, "PROYECTO": "", "DIAMETRO": 0}, "geometry": {"type": "LineString", "coordinates": [[-76.4102308, 3.2494189], [-76.411744, 3.2411811], [-76.4138482, 3.241634], [-76.4162044, 3.2420228], [-76.4180847, 3.2423866], [-76.4220714, 3.2430905], [-76.4236631, 3.2435389]]}}, {"type": "Feature", "properties": {"OBJECTID": 88, "ID": 0, "DETALLE": 0.0, "SECTOR": 108.0, "ZONA": 1.0, "long": 652.020107907, "Shape_Leng": 652.020107907, "Empresa": 2222, "PROYECTO": "", "DIAMETRO": 0}, "geometry": {"type": "LineString", "coordinates": [[-76.372805, 3.3570069], [-76.3773236, 3.3532464]]}}, {"type": "Feature", "properties": {"OBJECTID": 89, "ID": 0, "DETALLE": 0.0, "SECTOR": 108.0, "ZONA": 1.0, "long": 393.671343066, "Shape_Leng": 393.671343066, "Empresa": 2222, "PROYECTO": "", "DIAMETRO": 0}, "geometry": {"type": "LineString", "coordinates": [[-76.3698926, 3.3594818], [-76.3696, 3.3591244], [-76.3686916, 3.3580453], [-76.3686369, 3.3579842], [-76.3676109, 3.356759]]}}, {"type": "Feature", "properties": {"OBJECTID": 94, "ID": 0, "DETALLE": 0.0, "SECTOR": 123.0, "ZONA": 0.0, "long": 34.4721455257, "Shape_Leng": 34.4721455257, "Empresa": 2222, "PROYECTO": "", "DIAMETRO": 0}, "geometry": {"type": "LineString", "coordinates": [[-76.4010961, 3.2718924], [-76.4011627, 3.271588]]}}, {"type": "Feature", "properties": {"OBJECTID": 95, "ID": 0, "DETALLE": 0.0, "SECTOR": 123.0, "ZONA": 0.0, "long": 32.1052081194, "Shape_Leng": 32.1052081194, "Empresa": 2222, "PROYECTO": "", "DIAMETRO": 0}, "geometry": {"type": "LineString", "coordinates": [[-76.3986385, 3.2714936], [-76.3986397, 3.2712033]]}}, {"type": "Feature", "properties": {"OBJECTID": 96, "ID": 0, "DETALLE": 0.0, "SECTOR": 0.0, "ZONA": 0.0, "long": 45.2894084926, "Shape_Leng": 45.2894084926, "Empresa": 2222, "PROYECTO": "", "DIAMETRO": 0}, "geometry": {"type": "LineString", "coordinates": [[-76.4106884, 3.2664029], [-76.411093, 3.2664511]]}}, {"type": "Feature", "properties": {"OBJECTID": 97, "ID": 0, "DETALLE": 0.0, "SECTOR": 111.0, "ZONA": 0.0, "long": 2089.93384358, "Shape_Leng": 2089.93384358, "Empresa": 2222, "PROYECTO": "", "DIAMETRO": 0}, "geometry": {"type": "LineString", "coordinates": [[-76.3013729, 3.2558935], [-76.3013047, 3.2562086], [-76.3011854, 3.2570861], [-76.2988383, 3.2571061], [-76.2987328, 3.2571021], [-76.2835881, 3.2574093]]}}, {"type": "Feature", "properties": {"OBJECTID": 98, "ID": 0, "DETALLE": 0.0, "SECTOR": 111.0, "ZONA": 0.0, "long": 341.018649436, "Shape_Leng": 341.018649436, "Empresa": 2222, "PROYECTO": "", "DIAMETRO": 0}, "geometry": {"type": "LineString", "coordinates": [[-76.2874161, 3.2573843], [-76.2873462, 3.2604672]]}}, {"type": "Feature", "properties": {"OBJECTID": 99, "ID": 0, "DETALLE": 0.0, "SECTOR": 111.0, "ZONA": 0.0, "long": 2025.71844236, "Shape_Leng": 2025.71844236, "Empresa": 2222, "PROYECTO": "", "DIAMETRO": 0}, "geometry": {"type": "LineString", "coordinates": [[-76.2840557, 3.2580602], [-76.2841214, 3.2591591], [-76.283339, 3.2596076], [-76.2833241, 3.2607024], [-76.2839392, 3.2607241], [-76.2846369, 3.2606614], [-76.287355, 3.2604637], [-76.2877388, 3.2607447], [-76.2877574, 3.2626873], [-76.2956618, 3.2629208], [-76.2964442, 3.2628912]]}}, {"type": "Feature", "properties": {"OBJECTID": 100, "ID": 0, "DETALLE": 0.0, "SECTOR": 110.0, "ZONA": 0.0, "long": 951.368575165, "Shape_Leng": 951.368575165, "Empresa": 2222, "PROYECTO": "", "DIAMETRO": 0}, "geometry": {"type": "LineString", "coordinates": [[-76.2823131, 3.2989494], [-76.2818489, 3.3005942], [-76.2842692, 3.3015407], [-76.2837791, 3.3022035], [-76.2825449, 3.3038726], [-76.2827788, 3.3052301]]}}, {"type": "Feature", "properties": {"OBJECTID": 101, "ID": 0, "DETALLE": 0.0, "SECTOR": 112.0, "ZONA": 0.0, "long": 1751.90009124, "Shape_Leng": 1751.90009124, "Empresa": 2222, "PROYECTO": "", "DIAMETRO": 0}, "geometry": {"type": "LineString", "coordinates": [[-76.2964052, 3.3102855], [-76.2980984, 3.3073388], [-76.3000727, 3.3075957], [-76.3104064, 3.3086402]]}}, {"type": "Feature", "properties": {"OBJECTID": 102, "ID": 0, "DETALLE": 0.0, "SECTOR": 108.0, "ZONA": 0.0, "long": 50.3665782706, "Shape_Leng": 50.3665782706, "Empresa": 2222, "PROYECTO": "", "DIAMETRO": 0}, "geometry": {"type": "LineString", "coordinates": [[-76.3561759, 3.3752236], [-76.3559967, 3.3756419]]}}, {"type": "Feature", "properties": {"OBJECTID": 103, "ID": 0, "DETALLE": 0.0, "SECTOR": 110.0, "ZONA": 0.0, "long": 833.72925135, "Shape_Leng": 833.72925135, "Empresa": 2222, "PROYECTO": "", "DIAMETRO": 0}, "geometry": {"type": "LineString", "coordinates": [[-76.2840253, 3.3199801], [-76.2831031, 3.3225787], [-76.2829223, 3.323708], [-76.2823365, 3.325379], [-76.2840891, 3.3259904]]}}, {"type": "Feature", "properties": {"OBJECTID": 104, "ID": 0, "DETALLE": 0.0, "SECTOR": 110.0, "ZONA": 0.0, "long": 541.813580888, "Shape_Leng": 541.813580888, "Empresa": 2222, "PROYECTO": "", "DIAMETRO": 0}, "geometry": {"type": "LineString", "coordinates": [[-76.2823365, 3.325379], [-76.2777427, 3.3237396]]}}, {"type": "Feature", "properties": {"OBJECTID": 105, "ID": 0, "DETALLE": 0.0, "SECTOR": 110.0, "ZONA": 0.0, "long": 14.8333940032, "Shape_Leng": 14.8333940032, "Empresa": 2222, "PROYECTO": "", "DIAMETRO": 0}, "geometry": {"type": "LineString", "coordinates": [[-76.2823365, 3.325379], [-76.2823015, 3.3255085]]}}, {"type": "Feature", "properties": {"OBJECTID": 106, "ID": 0, "DETALLE": 0.0, "SECTOR": 110.0, "ZONA": 0.0, "long": 17.5712457736, "Shape_Leng": 17.5712457736, "Empresa": 2222, "PROYECTO": "", "DIAMETRO": 0}, "geometry": {"type": "LineString", "coordinates": [[-76.2840888, 3.3259871], [-76.284018, 3.3261292]]}}, {"type": "Feature", "properties": {"OBJECTID": 107, "ID": 0, "DETALLE": 0.0, "SECTOR": 110.0, "ZONA": 0.0, "long": 15.3678468631, "Shape_Leng": 15.3678468631, "Empresa": 2222, "PROYECTO": "", "DIAMETRO": 0}, "geometry": {"type": "LineString", "coordinates": [[-76.2799685, 3.3245446], [-76.2799153, 3.3246729]]}}, {"type": "Feature", "properties": {"OBJECTID": 108, "ID": 0, "DETALLE": 0.0, "SECTOR": 110.0, "ZONA": 0.0, "long": 20.2231297409, "Shape_Leng": 20.2231297409, "Empresa": 2222, "PROYECTO": "", "DIAMETRO": 0}, "geometry": {"type": "LineString", "coordinates": [[-76.2777427, 3.3237396], [-76.2776984, 3.323917]]}}, {"type": "Feature", "properties": {"OBJECTID": 109, "ID": 0, "DETALLE": 0.0, "SECTOR": 109.0, "ZONA": 0.0, "long": 1929.62657902, "Shape_Leng": 1929.62657902, "Empresa": 2222, "PROYECTO": "", "DIAMETRO": 0}, "geometry": {"type": "LineString", "coordinates": [[-76.2473618, 3.3704867], [-76.24317, 3.3726362], [-76.241408, 3.3729217], [-76.2396612, 3.3737779], [-76.2417903, 3.3783632], [-76.2431293, 3.3811425], [-76.2426013, 3.3817736]]}}, {"type": "Feature", "properties": {"OBJECTID": 110, "ID": 0, "DETALLE": 0.0, "SECTOR": 109.0, "ZONA": 0.0, "long": 558.803584927, "Shape_Leng": 558.803584927, "Empresa": 2222, "PROYECTO": "", "DIAMETRO": 0}, "geometry": {"type": "LineString", "coordinates": [[-76.2418078, 3.3784008], [-76.238752, 3.3799145], [-76.2378255, 3.3803973], [-76.2379213, 3.3809696]]}}, {"type": "Feature", "properties": {"OBJECTID": 111, "ID": 0, "DETALLE": 0.0, "SECTOR": 109.0, "ZONA": 0.0, "long": 325.144842894, "Shape_Leng": 325.144842894, "Empresa": 2222, "PROYECTO": "", "DIAMETRO": 0}, "geometry": {"type": "LineString", "coordinates": [[-76.2396612, 3.3737779], [-76.2376648, 3.3748021], [-76.23704, 3.3750821]]}}, {"type": "Feature", "properties": {"OBJECTID": 112, "ID": 0, "DETALLE": 0.0, "SECTOR": 109.0, "ZONA": 0.0, "long": 20.6215989102, "Shape_Leng": 20.6215989102, "Empresa": 2222, "PROYECTO": "", "DIAMETRO": 0}, "geometry": {"type": "LineString", "coordinates": [[-76.2378303, 3.380386], [-76.2378067, 3.3802011]]}}, {"type": "Feature", "properties": {"OBJECTID": 113, "ID": 0, "DETALLE": 0.0, "SECTOR": 111.0, "ZONA": 0.0, "long": 37.7870075812, "Shape_Leng": 37.7870075812, "Empresa": 2222, "PROYECTO": "", "DIAMETRO": 0}, "geometry": {"type": "LineString", "coordinates": [[-76.2977964, 3.2571275], [-76.297788, 3.257469]]}}, {"type": "Feature", "properties": {"OBJECTID": 114, "ID": 0, "DETALLE": 0.0, "SECTOR": 111.0, "ZONA": 0.0, "long": 33.6109249725, "Shape_Leng": 33.6109249725, "Empresa": 2222, "PROYECTO": "", "DIAMETRO": 0}, "geometry": {"type": "LineString", "coordinates": [[-76.294655, 3.254448], [-76.2946497, 3.2541441]]}}, {"type": "Feature", "properties": {"OBJECTID": 115, "ID": 0, "DETALLE": 0.0, "SECTOR": 111.0, "ZONA": 0.0, "long": 343.239384221, "Shape_Leng": 343.239384221, "Empresa": 2222, "PROYECTO": "", "DIAMETRO": 0}, "geometry": {"type": "LineString", "coordinates": [[-76.3208161, 3.2508442], [-76.3211219, 3.2477556]]}}, {"type": "Feature", "properties": {"OBJECTID": 116, "ID": 0, "DETALLE": 0.0, "SECTOR": 118.0, "ZONA": 0.0, "long": 786.620551162, "Shape_Leng": 786.620551162, "Empresa": 2222, "PROYECTO": "", "DIAMETRO": 0}, "geometry": {"type": "LineString", "coordinates": [[-76.3036168, 3.2456661], [-76.3106808, 3.2460969]]}}, {"type": "Feature", "properties": {"OBJECTID": 117, "ID": 0, "DETALLE": 0.0, "SECTOR": 228.0, "ZONA": 0.0, "long": 837.622316065, "Shape_Leng": 837.622316065, "Empresa": 2222, "PROYECTO": "", "DIAMETRO": 0}, "geometry": {"type": "LineString", "coordinates": [[-76.3433687, 3.1561951], [-76.3436627, 3.1540094], [-76.3451979, 3.1543363], [-76.3468698, 3.1547308], [-76.3488638, 3.1552278]]}}, {"type": "Feature", "properties": {"OBJECTID": 118, "ID": 0, "DETALLE": 0.0, "SECTOR": 228.0, "ZONA": 0.0, "long": 394.671830116, "Shape_Leng": 394.671830116, "Empresa": 2222, "PROYECTO": "", "DIAMETRO": 0}, "geometry": {"type": "LineString", "coordinates": [[-76.3433702, 3.1561981], [-76.3433087, 3.1561801], [-76.3418101, 3.1553467], [-76.340266, 3.1544692]]}}, {"type": "Feature", "properties": {"OBJECTID": 119, "ID": 0, "DETALLE": 0.0, "SECTOR": 228.0, "ZONA": 0.0, "long": 144.016028476, "Shape_Leng": 144.016028476, "Empresa": 2222, "PROYECTO": "", "DIAMETRO": 0}, "geometry": {"type": "LineString", "coordinates": [[-76.3433702, 3.1561922], [-76.3432547, 3.1574893]]}}, {"type": "Feature", "properties": {"OBJECTID": 120, "ID": 0, "DETALLE": 0.0, "SECTOR": 119.0, "ZONA": 0.0, "long": 395.636654465, "Shape_Leng": 395.636654465, "Empresa": 2222, "PROYECTO": "", "DIAMETRO": 0}, "geometry": {"type": "LineString", "coordinates": [[-76.3385408, 3.1535242], [-76.3377785, 3.1529895], [-76.3376593, 3.1530502], [-76.3368639, 3.1547294], [-76.3366405, 3.1551897], [-76.3366405, 3.1551937], [-76.3365809, 3.1553102], [-76.3365801, 3.155312]]}}, {"type": "Feature", "properties": {"OBJECTID": 121, "ID": 0, "DETALLE": 0.0, "SECTOR": 132.0, "ZONA": 0.0, "long": 828.436059956, "Shape_Leng": 828.436059956, "Empresa": 2222, "PROYECTO": "", "DIAMETRO": 0}, "geometry": {"type": "LineString", "coordinates": [[-76.3432551, 3.1574852], [-76.3432547, 3.1574893], [-76.3432009, 3.15836], [-76.3429137, 3.1615864], [-76.3441665, 3.1618062], [-76.3455592, 3.1620454], [-76.3462224, 3.1621629]]}}, {"type": "Feature", "properties": {"OBJECTID": 122, "ID": 0, "DETALLE": 0.0, "SECTOR": 132.0, "ZONA": 0.0, "long": 40.4744995079, "Shape_Leng": 40.4744995079, "Empresa": 2222, "PROYECTO": "", "DIAMETRO": 0}, "geometry": {"type": "LineString", "coordinates": [[-76.3429137, 3.1615864], [-76.3426487, 3.1613353]]}}, {"type": "Feature", "properties": {"OBJECTID": 123, "ID": 0, "DETALLE": 0.0, "SECTOR": 228.0, "ZONA": 0.0, "long": 11.7434127533, "Shape_Leng": 11.7434127533, "Empresa": 2222, "PROYECTO": "", "DIAMETRO": 0}, "geometry": {"type": "LineString", "coordinates": [[-76.3418095, 3.155351], [-76.3418244, 3.1552458]]}}, {"type": "Feature", "properties": {"OBJECTID": 124, "ID": 0, "DETALLE": 0.0, "SECTOR": 228.0, "ZONA": 0.0, "long": 9.91409609617, "Shape_Leng": 9.91409609617, "Empresa": 2222, "PROYECTO": "", "DIAMETRO": 0}, "geometry": {"type": "LineString", "coordinates": [[-76.340266, 3.1544692], [-76.3402773, 3.1543803]]}}, {"type": "Feature", "properties": {"OBJECTID": 126, "ID": 0, "DETALLE": 0.0, "SECTOR": 127.0, "ZONA": 0.0, "long": 32.3813974014, "Shape_Leng": 32.3813974014, "Empresa": 2222, "PROYECTO": "", "DIAMETRO": 0}, "geometry": {"type": "LineString", "coordinates": [[-76.4322412, 3.245243], [-76.4325072, 3.2453625]]}}, {"type": "Feature", "properties": {"OBJECTID": 134, "ID": 0, "DETALLE": 0.0, "SECTOR": 117.0, "ZONA": 0.0, "long": 1233.80586961, "Shape_Leng": 1233.80586961, "Empresa": 2222, "PROYECTO": "", "DIAMETRO": 0}, "geometry": {"type": "LineString", "coordinates": [[-76.271278, 3.2802768], [-76.2611832, 3.2849171]]}}, {"type": "Feature", "properties": {"OBJECTID": 135, "ID": 0, "DETALLE": 0.0, "SECTOR": 117.0, "ZONA": 0.0, "long": 259.02106494, "Shape_Leng": 259.02106494, "Empresa": 2222, "PROYECTO": "", "DIAMETRO": 0}, "geometry": {"type": "LineString", "coordinates": [[-76.2768256, 3.2823033], [-76.2747445, 3.2833574]]}}, {"type": "Feature", "properties": {"OBJECTID": 136, "ID": 0, "DETALLE": 0.0, "SECTOR": 117.0, "ZONA": 0.0, "long": 251.346137989, "Shape_Leng": 251.346137989, "Empresa": 2222, "PROYECTO": "", "DIAMETRO": 0}, "geometry": {"type": "LineString", "coordinates": [[-76.2748067, 3.2822083], [-76.2767416, 3.2820038], [-76.2768211, 3.282311]]}}, {"type": "Feature", "properties": {"OBJECTID": 137, "ID": 0, "DETALLE": 0.0, "SECTOR": 138.0, "ZONA": 0.0, "long": 40.973917513, "Shape_Leng": 40.973917513, "Empresa": 2222, "PROYECTO": "", "DIAMETRO": 0}, "geometry": {"type": "LineString", "coordinates": [[-76.2535386, 3.425674], [-76.2533298, 3.4259672], [-76.2533397, 3.4259672]]}}, {"type": "Feature", "properties": {"OBJECTID": 138, "ID": 0, "DETALLE": 0.0, "SECTOR": 111.0, "ZONA": 0.0, "long": 216.399511059, "Shape_Leng": 216.399511059, "Empresa": 2222, "PROYECTO": "", "DIAMETRO": 0}, "geometry": {"type": "LineString", "coordinates": [[-76.3100072, 3.2547994], [-76.3100912, 3.2528444]]}}, {"type": "Feature", "properties": {"OBJECTID": 139, "ID": 0, "DETALLE": 0.0, "SECTOR": 111.0, "ZONA": 0.0, "long": 333.011190353, "Shape_Leng": 333.011190353, "Empresa": 2222, "PROYECTO": "", "DIAMETRO": 0}, "geometry": {"type": "LineString", "coordinates": [[-76.3100912, 3.2528444], [-76.3130872, 3.2528315]]}}, {"type": "Feature", "properties": {"OBJECTID": 140, "ID": 0, "DETALLE": 0.0, "SECTOR": 138.0, "ZONA": 0.0, "long": 177.828894675, "Shape_Leng": 177.828894675, "Empresa": 2222, "PROYECTO": "", "DIAMETRO": 0}, "geometry": {"type": "LineString", "coordinates": [[-76.2535382, 3.4256737], [-76.2548205, 3.4266355]]}}, {"type": "Feature", "properties": {"OBJECTID": 141, "ID": 0, "DETALLE": 0.0, "SECTOR": 142.0, "ZONA": 0.0, "long": 802.798338028, "Shape_Leng": 802.798338028, "Empresa": 2222, "PROYECTO": "", "DIAMETRO": 0}, "geometry": {"type": "LineString", "coordinates": [[-76.3386599, 3.1867805], [-76.3409607, 3.187171], [-76.3446727, 3.1903689]]}}, {"type": "Feature", "properties": {"OBJECTID": 142, "ID": 0, "DETALLE": 0.0, "SECTOR": 143.0, "ZONA": 0.0, "long": 1368.94822226, "Shape_Leng": 1368.94822226, "Empresa": 2222, "PROYECTO": "", "DIAMETRO": 0}, "geometry": {"type": "LineString", "coordinates": [[-76.337924, 3.1799902], [-76.3392279, 3.1805463], [-76.3396616, 3.1793201], [-76.3443883, 3.1796279], [-76.3463986, 3.1815834], [-76.3483899, 3.1821523]]}}, {"type": "Feature", "properties": {"OBJECTID": 143, "ID": 0, "DETALLE": 0.0, "SECTOR": 142.0, "ZONA": 0.0, "long": 1079.68318413, "Shape_Leng": 1079.68318413, "Empresa": 2222, "PROYECTO": "", "DIAMETRO": 0}, "geometry": {"type": "LineString", "coordinates": [[-76.3391219, 3.1850757], [-76.3386599, 3.1867805], [-76.3383897, 3.1867648], [-76.338222, 3.1884098], [-76.3359768, 3.1880709], [-76.33452, 3.1878356], [-76.3345299, 3.1877501], [-76.3324666, 3.187434], [-76.3323478, 3.1874123]]}}, {"type": "Feature", "properties": {"OBJECTID": 144, "ID": 0, "DETALLE": 0.0, "SECTOR": 143.0, "ZONA": 0.0, "long": 957.644905369, "Shape_Leng": 957.644905369, "Empresa": 2222, "PROYECTO": "", "DIAMETRO": 0}, "geometry": {"type": "LineString", "coordinates": [[-76.3392279, 3.1805463], [-76.3386877, 3.181937], [-76.3400724, 3.1822859], [-76.3434626, 3.1825272], [-76.3426489, 3.1846935]]}}, {"type": "Feature", "properties": {"OBJECTID": 146, "ID": 0, "DETALLE": 0.0, "SECTOR": 112.0, "ZONA": 0.0, "long": 194.263228178, "Shape_Leng": 194.263228178, "Empresa": 2222, "PROYECTO": "", "DIAMETRO": 0}, "geometry": {"type": "LineString", "coordinates": [[-76.2980984, 3.3073388], [-76.296379, 3.3070234]]}}, {"type": "Feature", "properties": {"OBJECTID": 147, "ID": 0, "DETALLE": 0.0, "SECTOR": 112.0, "ZONA": 0.0, "long": 42.0457268122, "Shape_Leng": 42.0457268122, "Empresa": 2222, "PROYECTO": "", "DIAMETRO": 0}, "geometry": {"type": "LineString", "coordinates": [[-76.3037394, 3.3079664], [-76.3037333, 3.308048], [-76.3035331, 3.3082683]]}}, {"type": "Feature", "properties": {"OBJECTID": 148, "ID": 0, "DETALLE": 0.0, "SECTOR": 0.0, "ZONA": 0.0, "long": 32.6826940225, "Shape_Leng": 32.6826940225, "Empresa": 2222, "PROYECTO": "", "DIAMETRO": 0}, "geometry": {"type": "LineString", "coordinates": [[-76.2654247, 3.2689944], [-76.2652681, 3.2692445]]}}, {"type": "Feature", "properties": {"OBJECTID": 149, "ID": 0, "DETALLE": 0.0, "SECTOR": 141.0, "ZONA": 0.0, "long": 707.607120232, "Shape_Leng": 707.607120232, "Empresa": 2222, "PROYECTO": "", "DIAMETRO": 0}, "geometry": {"type": "LineString", "coordinates": [[-76.3616647, 3.1816136], [-76.3617418, 3.1788419], [-76.3598892, 3.1775045], [-76.3588286, 3.1767038]]}}, {"type": "Feature", "properties": {"OBJECTID": 150, "ID": 0, "DETALLE": 0.0, "SECTOR": 141.0, "ZONA": 0.0, "long": 253.030575528, "Shape_Leng": 253.030575528, "Empresa": 2222, "PROYECTO": "", "DIAMETRO": 0}, "geometry": {"type": "LineString", "coordinates": [[-76.3604778, 3.1804074], [-76.3607885, 3.1781407]]}}, {"type": "Feature", "properties": {"OBJECTID": 151, "ID": 0, "DETALLE": 0.0, "SECTOR": 141.0, "ZONA": 0.0, "long": 1062.4709387, "Shape_Leng": 1062.4709387, "Empresa": 2222, "PROYECTO": "", "DIAMETRO": 0}, "geometry": {"type": "LineString", "coordinates": [[-76.3607848, 3.174864], [-76.3624299, 3.1752768], [-76.3633125, 3.1754633], [-76.3642576, 3.1756714], [-76.3632556, 3.177226], [-76.3659701, 3.1774419], [-76.3673912, 3.1775777]]}}, {"type": "Feature", "properties": {"OBJECTID": 152, "ID": 0, "DETALLE": 0.0, "SECTOR": 141.0, "ZONA": 0.0, "long": 912.052692434, "Shape_Leng": 912.052692434, "Empresa": 2222, "PROYECTO": "", "DIAMETRO": 0}, "geometry": {"type": "LineString", "coordinates": [[-76.3642576, 3.1756714], [-76.3654527, 3.1737729], [-76.3667544, 3.1739066], [-76.3692631, 3.1699575]]}}, {"type": "Feature", "properties": {"OBJECTID": 153, "ID": 0, "DETALLE": 0.0, "SECTOR": 141.0, "ZONA": 0.0, "long": 991.897077302, "Shape_Leng": 991.897077302, "Empresa": 2222, "PROYECTO": "", "DIAMETRO": 0}, "geometry": {"type": "LineString", "coordinates": [[-76.3667544, 3.1739066], [-76.3681719, 3.1740385], [-76.3695012, 3.1741942], [-76.369796, 3.1742631], [-76.3718295, 3.1744933], [-76.3731286, 3.1746042], [-76.3756245, 3.1748583]]}}, {"type": "Feature", "properties": {"OBJECTID": 154, "ID": 0, "DETALLE": 0.0, "SECTOR": 141.0, "ZONA": 0.0, "long": 261.555641786, "Shape_Leng": 261.555641786, "Empresa": 2222, "PROYECTO": "", "DIAMETRO": 0}, "geometry": {"type": "LineString", "coordinates": [[-76.3730176, 3.1745947], [-76.3725093, 3.176904]]}}, {"type": "Feature", "properties": {"OBJECTID": 155, "ID": 0, "DETALLE": 0.0, "SECTOR": 141.0, "ZONA": 0.0, "long": 603.94848198, "Shape_Leng": 603.94848198, "Empresa": 2222, "PROYECTO": "", "DIAMETRO": 0}, "geometry": {"type": "LineString", "coordinates": [[-76.3607848, 3.174864], [-76.3607805, 3.1738197], [-76.3607758, 3.1726364], [-76.3605263, 3.1715152], [-76.3584924, 3.1719235]]}}, {"type": "Feature", "properties": {"OBJECTID": 158, "ID": 0, "DETALLE": 0.0, "SECTOR": 141.0, "ZONA": 0.0, "long": 221.128650454, "Shape_Leng": 221.128650454, "Empresa": 2222, "PROYECTO": "", "DIAMETRO": 0}, "geometry": {"type": "LineString", "coordinates": [[-76.3607813, 3.1737725], [-76.3591991, 3.1741381], [-76.3592268, 3.1745049]]}}, {"type": "Feature", "properties": {"OBJECTID": 159, "ID": 0, "DETALLE": 0.0, "SECTOR": 138.0, "ZONA": 0.0, "long": 174.228362811, "Shape_Leng": 174.228362811, "Empresa": 2222, "PROYECTO": "", "DIAMETRO": 0}, "geometry": {"type": "LineString", "coordinates": [[-76.2543342, 3.4243216], [-76.2539263, 3.4251295], [-76.2535386, 3.425674]]}}, {"type": "Feature", "properties": {"OBJECTID": 160, "ID": 0, "DETALLE": 0.0, "SECTOR": 110.0, "ZONA": 0.0, "long": 799.598833567, "Shape_Leng": 799.598833567, "Empresa": 2222, "PROYECTO": "", "DIAMETRO": 0}, "geometry": {"type": "LineString", "coordinates": [[-76.2943673, 3.3171999], [-76.2957838, 3.3131977], [-76.2963575, 3.3103751], [-76.2964052, 3.3102855]]}}, {"type": "Feature", "properties": {"OBJECTID": 161, "ID": 0, "DETALLE": 0.0, "SECTOR": 124.0, "ZONA": 0.0, "long": 677.767774776, "Shape_Leng": 677.767774776, "Empresa": 2222, "PROYECTO": "", "DIAMETRO": 0}, "geometry": {"type": "LineString", "coordinates": [[-76.4179248, 3.2545983], [-76.4216943, 3.2548306], [-76.4240032, 3.2550715]]}}, {"type": "Feature", "properties": {"OBJECTID": 162, "ID": 0, "DETALLE": 0.0, "SECTOR": 123.0, "ZONA": 0.0, "long": 193.276215853, "Shape_Leng": 193.276215853, "Empresa": 2222, "PROYECTO": "", "DIAMETRO": 0}, "geometry": {"type": "LineString", "coordinates": [[-76.4106988, 3.2667976], [-76.4110083, 3.2650777]]}}, {"type": "Feature", "properties": {"OBJECTID": 163, "ID": 0, "DETALLE": 0.0, "SECTOR": 125.0, "ZONA": 0.0, "long": 104.896658389, "Shape_Leng": 104.896658389, "Empresa": 2222, "PROYECTO": "", "DIAMETRO": 0}, "geometry": {"type": "LineString", "coordinates": [[-76.423175, 3.2492024], [-76.4241, 3.2493904]]}}, {"type": "Feature", "properties": {"OBJECTID": 164, "ID": 0, "DETALLE": 0.0, "SECTOR": 228.0, "ZONA": 0.0, "long": 56.7283041723, "Shape_Leng": 56.7283041723, "Empresa": 2222, "PROYECTO": "", "DIAMETRO": 0}, "geometry": {"type": "LineString", "coordinates": [[-76.340266, 3.1544692], [-76.3398839, 3.1542829], [-76.3398117, 3.1542365]]}}, {"type": "Feature", "properties": {"OBJECTID": 165, "ID": 0, "DETALLE": 0.0, "SECTOR": 143.0, "ZONA": 0.0, "long": 330.863859743, "Shape_Leng": 330.863859743, "Empresa": 2222, "PROYECTO": "", "DIAMETRO": 0}, "geometry": {"type": "LineString", "coordinates": [[-76.3401976, 3.1822865], [-76.339144, 3.1849942], [-76.3391219, 3.1850757]]}}, {"type": "Feature", "properties": {"OBJECTID": 166, "ID": 0, "DETALLE": 3.0, "SECTOR": 105.0, "ZONA": 0.0, "long": 586.630486527, "Shape_Leng": 586.630486527, "Empresa": 2222, "PROYECTO": "", "DIAMETRO": 0}, "geometry": {"type": "LineString", "coordinates": [[-76.295131, 3.3852502], [-76.2951644, 3.3852604], [-76.3000555, 3.3871597]]}}, {"type": "Feature", "properties": {"OBJECTID": 167, "ID": 0, "DETALLE": 0.0, "SECTOR": 107.0, "ZONA": 0.0, "long": 1010.30526052, "Shape_Leng": 1010.30526052, "Empresa": 2222, "PROYECTO": "", "DIAMETRO": 0}, "geometry": {"type": "LineString", "coordinates": [[-76.2599184, 3.3971419], [-76.2583026, 3.3972438], [-76.2577227, 3.3972506], [-76.257094, 3.3961761], [-76.2565003, 3.3950953], [-76.2520856, 3.3948246]]}}, {"type": "Feature", "properties": {"OBJECTID": 168, "ID": 0, "DETALLE": 3.0, "SECTOR": 506.0, "ZONA": 0.0, "long": 264.867194531, "Shape_Leng": 264.867194531, "Empresa": 2222, "PROYECTO": "", "DIAMETRO": 0}, "geometry": {"type": "LineString", "coordinates": [[-76.273141, 3.3810605], [-76.2728686, 3.3813227], [-76.2722703, 3.3819865], [-76.2721832, 3.3820831], [-76.2720778, 3.3825354], [-76.2719666, 3.3830489]]}}, {"type": "Feature", "properties": {"OBJECTID": 169, "ID": 0, "DETALLE": 0.0, "SECTOR": 104.0, "ZONA": 0.0, "long": 205.389995725, "Shape_Leng": 205.389995725, "Empresa": 2222, "PROYECTO": "", "DIAMETRO": 0}, "geometry": {"type": "LineString", "coordinates": [[-76.2603786, 3.3991654], [-76.2604549, 3.3995658], [-76.2603195, 3.3997368], [-76.2592219, 3.4002835]]}}, {"type": "Feature", "properties": {"OBJECTID": 170, "ID": 0, "DETALLE": 3.0, "SECTOR": 506.0, "ZONA": 0.0, "long": 158.468302274, "Shape_Leng": 158.468302274, "Empresa": 2222, "PROYECTO": "", "DIAMETRO": 0}, "geometry": {"type": "LineString", "coordinates": [[-76.2924901, 3.3761269], [-76.2925691, 3.3753725], [-76.2926304, 3.3747009]]}}, {"type": "Feature", "properties": {"OBJECTID": 171, "ID": 0, "DETALLE": 0.0, "SECTOR": 103.0, "ZONA": 0.0, "long": 263.823533373, "Shape_Leng": 263.823533373, "Empresa": 2222, "PROYECTO": "", "DIAMETRO": 0}, "geometry": {"type": "LineString", "coordinates": [[-76.2774688, 3.3661584], [-76.2796964, 3.3669827]]}}, {"type": "Feature", "properties": {"OBJECTID": 172, "ID": 0, "DETALLE": 3.0, "SECTOR": 506.0, "ZONA": 0.0, "long": 292.516310245, "Shape_Leng": 292.516310245, "Empresa": 2222, "PROYECTO": "", "DIAMETRO": 0}, "geometry": {"type": "LineString", "coordinates": [[-76.2926304, 3.3747009], [-76.2930144, 3.3720842]]}}, {"type": "Feature", "properties": {"OBJECTID": 173, "ID": 0, "DETALLE": 3.0, "SECTOR": 506.0, "ZONA": 0.0, "long": 173.216414386, "Shape_Leng": 173.216414386, "Empresa": 2222, "PROYECTO": "", "DIAMETRO": 0}, "geometry": {"type": "LineString", "coordinates": [[-76.271743, 3.3745129], [-76.2714461, 3.3760506]]}}, {"type": "Feature", "properties": {"OBJECTID": 174, "ID": 0, "DETALLE": 0.0, "SECTOR": 136.0, "ZONA": 0.0, "long": 64.8079788065, "Shape_Leng": 64.8079788065, "Empresa": 2222, "PROYECTO": "", "DIAMETRO": 0}, "geometry": {"type": "LineString", "coordinates": [[-76.2749084, 3.3550068], [-76.2754823, 3.3551103]]}}, {"type": "Feature", "properties": {"OBJECTID": 175, "ID": 0, "DETALLE": 0.0, "SECTOR": 503.0, "ZONA": 0.0, "long": 399.123405839, "Shape_Leng": 399.123405839, "Empresa": 2222, "PROYECTO": "", "DIAMETRO": 0}, "geometry": {"type": "LineString", "coordinates": [[-76.2696014, 3.3599831], [-76.2698791, 3.3585348], [-76.2718288, 3.3589226], [-76.2719619, 3.358951]]}}, {"type": "Feature", "properties": {"OBJECTID": 176, "ID": 0, "DETALLE": 0.0, "SECTOR": 136.0, "ZONA": 0.0, "long": 265.732004358, "Shape_Leng": 265.732004358, "Empresa": 2222, "PROYECTO": "", "DIAMETRO": 0}, "geometry": {"type": "LineString", "coordinates": [[-76.2754823, 3.3551103], [-76.2775475, 3.3554594], [-76.2776266, 3.3556186], [-76.2776957, 3.3557168]]}}, {"type": "Feature", "properties": {"OBJECTID": 177, "ID": 0, "DETALLE": 0.0, "SECTOR": 506.0, "ZONA": 0.0, "long": 842.837684826, "Shape_Leng": 842.837684826, "Empresa": 2222, "PROYECTO": "", "DIAMETRO": 0}, "geometry": {"type": "LineString", "coordinates": [[-76.2776957, 3.3557168], [-76.2800021, 3.3563371], [-76.2825757, 3.3570159], [-76.285021, 3.3576884]]}}, {"type": "Feature", "properties": {"OBJECTID": 178, "ID": 0, "DETALLE": 0.0, "SECTOR": 228.0, "ZONA": 0.0, "long": 161.758669512, "Shape_Leng": 161.758669512, "Empresa": 2222, "PROYECTO": "", "DIAMETRO": 0}, "geometry": {"type": "LineString", "coordinates": [[-76.3398117, 3.1542365], [-76.3385408, 3.1535242]]}}, {"type": "Feature", "properties": {"OBJECTID": 179, "ID": 0, "DETALLE": 0.0, "SECTOR": 117.0, "ZONA": 0.0, "long": 269.134404845, "Shape_Leng": 269.134404845, "Empresa": 2222, "PROYECTO": "", "DIAMETRO": 0}, "geometry": {"type": "LineString", "coordinates": [[-76.2713601, 3.2803019], [-76.2729555, 3.2821327]]}}, {"type": "Feature", "properties": {"OBJECTID": 180, "ID": 0, "DETALLE": 0.0, "SECTOR": 117.0, "ZONA": 0.0, "long": 205.932815188, "Shape_Leng": 205.932815188, "Empresa": 2222, "PROYECTO": "", "DIAMETRO": 0}, "geometry": {"type": "LineString", "coordinates": [[-76.2729555, 3.2821327], [-76.2748067, 3.2822083]]}}, {"type": "Feature", "properties": {"OBJECTID": 181, "ID": 0, "DETALLE": 0.0, "SECTOR": 104.0, "ZONA": 0.0, "long": 253.830072881, "Shape_Leng": 253.830072881, "Empresa": 2222, "PROYECTO": "", "DIAMETRO": 0}, "geometry": {"type": "LineString", "coordinates": [[-76.2772029, 3.3866224], [-76.2793421, 3.3874265]]}}, {"type": "Feature", "properties": {"OBJECTID": 182, "ID": 0, "DETALLE": 0.0, "SECTOR": 104.0, "ZONA": 0.0, "long": 511.00994762, "Shape_Leng": 511.00994762, "Empresa": 2222, "PROYECTO": "", "DIAMETRO": 0}, "geometry": {"type": "LineString", "coordinates": [[-76.2793421, 3.3874265], [-76.2836491, 3.3890442]]}}, {"type": "Feature", "properties": {"OBJECTID": 187, "ID": 0, "DETALLE": 0.0, "SECTOR": 141.0, "ZONA": 0.0, "long": 312.687501265, "Shape_Leng": 312.687501265, "Empresa": 2222, "PROYECTO": "", "DIAMETRO": 0}, "geometry": {"type": "LineString", "coordinates": [[-76.3599099, 3.1775341], [-76.3606093, 3.1758658], [-76.3607848, 3.174864]]}}, {"type": "Feature", "properties": {"OBJECTID": 188, "ID": 0, "DETALLE": 0.0, "SECTOR": 141.0, "ZONA": 0.0, "long": 103.142980231, "Shape_Leng": 103.142980231, "Empresa": 2222, "PROYECTO": "", "DIAMETRO": 0}, "geometry": {"type": "LineString", "coordinates": [[-76.3597355, 3.1753768], [-76.3606238, 3.1756462]]}}, {"type": "Feature", "properties": {"OBJECTID": 189, "ID": 0, "DETALLE": 0.0, "SECTOR": 119.0, "ZONA": 0.0, "long": 37.3611588314, "Shape_Leng": 37.3611588314, "Empresa": 2222, "PROYECTO": "", "DIAMETRO": 0}, "geometry": {"type": "LineString", "coordinates": [[-76.3373729, 3.1544268], [-76.3370792, 3.1542749], [-76.3370817, 3.1542696]]}}, {"type": "Feature", "properties": {"OBJECTID": 190, "ID": 0, "DETALLE": 0.0, "SECTOR": 696.0, "ZONA": 0.0, "long": 1894.16505981, "Shape_Leng": 1894.04081955, "Empresa": 2222, "PROYECTO": "", "DIAMETRO": 0}, "geometry": {"type": "LineString", "coordinates": [[-76.2402247, 3.2388971], [-76.2408118, 3.2392769], [-76.2433714, 3.2411863], [-76.244482, 3.241901], [-76.2446487, 3.2416041], [-76.2480321, 3.2419429], [-76.2493727, 3.2420481], [-76.2539584, 3.2425364], [-76.2560925, 3.2426952]]}}, {"type": "Feature", "properties": {"OBJECTID": 191, "ID": 0, "DETALLE": 0.0, "SECTOR": 696.0, "ZONA": 0.0, "long": 132.43122524, "Shape_Leng": 132.43122524, "Empresa": 2222, "PROYECTO": "", "DIAMETRO": 0}, "geometry": {"type": "LineString", "coordinates": [[-76.2470697, 3.2418461], [-76.2472302, 3.2406595]]}}, {"type": "Feature", "properties": {"OBJECTID": 192, "ID": 0, "DETALLE": 0.0, "SECTOR": 696.0, "ZONA": 0.0, "long": 42.9945523687, "Shape_Leng": 42.9945523687, "Empresa": 2222, "PROYECTO": "", "DIAMETRO": 0}, "geometry": {"type": "LineString", "coordinates": [[-76.2407227, 3.2392143], [-76.2408823, 3.2388602]]}}, {"type": "Feature", "properties": {"OBJECTID": 193, "ID": 0, "DETALLE": 0.0, "SECTOR": 696.0, "ZONA": 0.0, "long": 393.946001787, "Shape_Leng": 393.946001787, "Empresa": 2222, "PROYECTO": "", "DIAMETRO": 0}, "geometry": {"type": "LineString", "coordinates": [[-76.2409008, 3.2385805], [-76.2409657, 3.2382048], [-76.2422649, 3.2374597], [-76.2434285, 3.2362571]]}}, {"type": "Feature", "properties": {"OBJECTID": 194, "ID": 0, "DETALLE": 0.0, "SECTOR": 696.0, "ZONA": 0.0, "long": 699.381364815, "Shape_Leng": 699.381364815, "Empresa": 2222, "PROYECTO": "", "DIAMETRO": 0}, "geometry": {"type": "LineString", "coordinates": [[-76.2439101, 3.2353402], [-76.2479074, 3.2364035], [-76.2465482, 3.2380872]]}}, {"type": "Feature", "properties": {"OBJECTID": 195, "ID": 0, "DETALLE": 0.0, "SECTOR": 696.0, "ZONA": 0.0, "long": 540.287023146, "Shape_Leng": 540.287023146, "Empresa": 2222, "PROYECTO": "", "DIAMETRO": 0}, "geometry": {"type": "LineString", "coordinates": [[-76.2497126, 3.2338488], [-76.2511623, 3.2341044], [-76.2525347, 3.2343683], [-76.254497, 3.2347103]]}}, {"type": "Feature", "properties": {"OBJECTID": 196, "ID": 0, "DETALLE": 0.0, "SECTOR": 696.0, "ZONA": 0.0, "long": 769.312760776, "Shape_Leng": 773.687287766, "Empresa": 2222, "PROYECTO": "", "DIAMETRO": 0}, "geometry": {"type": "LineString", "coordinates": [[-76.2477038, 3.2366556], [-76.2499701, 3.2372174], [-76.2524121, 3.2378076], [-76.2544701, 3.2382966]]}}, {"type": "Feature", "properties": {"OBJECTID": 197, "ID": 0, "DETALLE": 0.0, "SECTOR": 696.0, "ZONA": 0.0, "long": 12.5668643117, "Shape_Leng": 21.0243154639, "Empresa": 2222, "PROYECTO": "", "DIAMETRO": 0}, "geometry": {"type": "LineString", "coordinates": [[-76.255643, 3.2426618], [-76.2556429, 3.2424716]]}}, {"type": "Feature", "properties": {"OBJECTID": 198, "ID": 0, "DETALLE": 0.0, "SECTOR": 217.0, "ZONA": 0.0, "long": 605.722838414, "Shape_Leng": 605.722838414, "Empresa": 2222, "PROYECTO": "", "DIAMETRO": 0}, "geometry": {"type": "LineString", "coordinates": [[-76.2461917, 3.2954628], [-76.2472172, 3.2958953], [-76.247929, 3.296249], [-76.2483377, 3.2966995], [-76.2494034, 3.2970427], [-76.2506386, 3.2983831]]}}, {"type": "Feature", "properties": {"OBJECTID": 199, "ID": 0, "DETALLE": 0.0, "SECTOR": 217.0, "ZONA": 0.0, "long": 80.2284558049, "Shape_Leng": 80.2284558049, "Empresa": 2222, "PROYECTO": "", "DIAMETRO": 0}, "geometry": {"type": "LineString", "coordinates": [[-76.2453961, 3.2934247], [-76.2448716, 3.2929262]]}}, {"type": "Feature", "properties": {"OBJECTID": 200, "ID": 0, "DETALLE": 0.0, "SECTOR": 696.0, "ZONA": 0.0, "long": 14.083012895, "Shape_Leng": 14.7063638101, "Empresa": 2222, "PROYECTO": "", "DIAMETRO": 0}, "geometry": {"type": "LineString", "coordinates": [[-76.2446487, 3.2416041], [-76.2446843, 3.2414761]]}}, {"type": "Feature", "properties": {"OBJECTID": 201, "ID": 0, "DETALLE": 0.0, "SECTOR": 696.0, "ZONA": 0.0, "long": 348.123372076, "Shape_Leng": 348.123372076, "Empresa": 2222, "PROYECTO": "", "DIAMETRO": 0}, "geometry": {"type": "LineString", "coordinates": [[-76.2479074, 3.2364035], [-76.2487211, 3.2354917], [-76.2496622, 3.2339682], [-76.2497126, 3.2338488]]}}, {"type": "Feature", "properties": {"OBJECTID": 202, "ID": 0, "DETALLE": 0.0, "SECTOR": 217.0, "ZONA": 0.0, "long": 34.3160256885, "Shape_Leng": 34.3160256885, "Empresa": 2222, "PROYECTO": "", "DIAMETRO": 0}, "geometry": {"type": "LineString", "coordinates": [[-76.2454329, 3.2937328], [-76.2453961, 3.2934247]]}}, {"type": "Feature", "properties": {"OBJECTID": 203, "ID": 0, "DETALLE": 0.0, "SECTOR": 217.0, "ZONA": 0.0, "long": 33.8343452142, "Shape_Leng": 33.8343452142, "Empresa": 2222, "PROYECTO": "", "DIAMETRO": 0}, "geometry": {"type": "LineString", "coordinates": [[-76.2454691, 3.2940366], [-76.2454329, 3.2937328]]}}, {"type": "Feature", "properties": {"OBJECTID": 204, "ID": 0, "DETALLE": 0.0, "SECTOR": 0.0, "ZONA": 0.0, "long": 20.2683013305, "Shape_Leng": 20.2683013305, "Empresa": 2222, "PROYECTO": "", "DIAMETRO": 0}, "geometry": {"type": "LineString", "coordinates": [[-76.3104579, 3.3788242], [-76.3105481, 3.378665]]}}, {"type": "Feature", "properties": {"OBJECTID": 205, "ID": 0, "DETALLE": 0.0, "SECTOR": 0.0, "ZONA": 0.0, "long": 18.9392661781, "Shape_Leng": 18.9392661781, "Empresa": 2222, "PROYECTO": "", "DIAMETRO": 0}, "geometry": {"type": "LineString", "coordinates": [[-76.3148859, 3.380509], [-76.3149634, 3.3803565]]}}, {"type": "Feature", "properties": {"OBJECTID": 206, "ID": 0, "DETALLE": 0.0, "SECTOR": 127.0, "ZONA": 0.0, "long": 455.462429373, "Shape_Leng": 455.462429373, "Empresa": 2222, "PROYECTO": "", "DIAMETRO": 0}, "geometry": {"type": "LineString", "coordinates": [[-76.4325072, 3.2453625], [-76.4334858, 3.2465145], [-76.4315167, 3.2482067]]}}, {"type": "Feature", "properties": {"OBJECTID": 207, "ID": 0, "DETALLE": 0.0, "SECTOR": 127.0, "ZONA": 0.0, "long": 554.423155792, "Shape_Leng": 554.423155792, "Empresa": 2222, "PROYECTO": "", "DIAMETRO": 0}, "geometry": {"type": "LineString", "coordinates": [[-76.4334858, 3.2465145], [-76.4343497, 3.245873], [-76.4350202, 3.2466776], [-76.4358714, 3.2476849], [-76.4368932, 3.2488629]]}}, {"type": "Feature", "properties": {"OBJECTID": 208, "ID": 0, "DETALLE": 0.0, "SECTOR": 127.0, "ZONA": 0.0, "long": 410.290585281, "Shape_Leng": 410.290585281, "Empresa": 2222, "PROYECTO": "", "DIAMETRO": 0}, "geometry": {"type": "LineString", "coordinates": [[-76.4343497, 3.245873], [-76.4362717, 3.2454252], [-76.4378617, 3.24477]]}}, {"type": "Feature", "properties": {"OBJECTID": 209, "ID": 0, "DETALLE": 0.0, "SECTOR": 127.0, "ZONA": 0.0, "long": 400.192465752, "Shape_Leng": 400.192465752, "Empresa": 2222, "PROYECTO": "", "DIAMETRO": 0}, "geometry": {"type": "LineString", "coordinates": [[-76.4358714, 3.2476849], [-76.4381927, 3.2468576], [-76.4392545, 3.2464473]]}}, {"type": "Feature", "properties": {"OBJECTID": 210, "ID": 0, "DETALLE": 0.0, "SECTOR": 124.0, "ZONA": 0.0, "long": 93.9798321398, "Shape_Leng": 93.9798321398, "Empresa": 2222, "PROYECTO": "", "DIAMETRO": 0}, "geometry": {"type": "LineString", "coordinates": [[-76.4105559, 3.2632751], [-76.4113514, 3.262987]]}}, {"type": "Feature", "properties": {"OBJECTID": 211, "ID": 0, "DETALLE": 0.0, "SECTOR": 118.0, "ZONA": 0.0, "long": 726.667999423, "Shape_Leng": 726.667999423, "Empresa": 2222, "PROYECTO": "", "DIAMETRO": 0}, "geometry": {"type": "LineString", "coordinates": [[-76.3046161, 3.2542028], [-76.3047396, 3.2504488], [-76.3061218, 3.2505307], [-76.3075352, 3.2506165]]}}, {"type": "Feature", "properties": {"OBJECTID": 212, "ID": 0, "DETALLE": 0.0, "SECTOR": 143.0, "ZONA": 0.0, "long": 278.629082925, "Shape_Leng": 278.629082925, "Empresa": 2222, "PROYECTO": "", "DIAMETRO": 0}, "geometry": {"type": "LineString", "coordinates": [[-76.3388052, 3.1817579], [-76.3376129, 3.1812572], [-76.3364963, 3.1807771]]}}, {"type": "Feature", "properties": {"OBJECTID": 214, "ID": 0, "DETALLE": 0.0, "SECTOR": 108.0, "ZONA": 0.0, "long": 51.9021381367, "Shape_Leng": 51.9021381367, "Empresa": 2222, "PROYECTO": "", "DIAMETRO": 0}, "geometry": {"type": "LineString", "coordinates": [[-76.3601785, 3.3707312], [-76.3605266, 3.3706151], [-76.3605789, 3.370701]]}}, {"type": "Feature", "properties": {"OBJECTID": 215, "ID": 0, "DETALLE": 0.0, "SECTOR": 108.0, "ZONA": 0.0, "long": 11.1758584673, "Shape_Leng": 11.1758584673, "Empresa": 2222, "PROYECTO": "", "DIAMETRO": 0}, "geometry": {"type": "LineString", "coordinates": [[-76.3588571, 3.3724065], [-76.3587859, 3.3723352]]}}, {"type": "Feature", "properties": {"OBJECTID": 216, "ID": 0, "DETALLE": 0.0, "SECTOR": 108.0, "ZONA": 0.0, "long": 103.981266032, "Shape_Leng": 103.981266032, "Empresa": 2222, "PROYECTO": "", "DIAMETRO": 0}, "geometry": {"type": "LineString", "coordinates": [[-76.358667, 3.3724767], [-76.3593863, 3.373078]]}}, {"type": "Feature", "properties": {"OBJECTID": 218, "ID": 0, "DETALLE": 0.0, "SECTOR": 108.0, "ZONA": 0.0, "long": 20.7894195835, "Shape_Leng": 20.7894195835, "Empresa": 2222, "PROYECTO": "", "DIAMETRO": 0}, "geometry": {"type": "LineString", "coordinates": [[-76.3559967, 3.3756419], [-76.3561807, 3.3756762]]}}, {"type": "Feature", "properties": {"OBJECTID": 219, "ID": 0, "DETALLE": 0.0, "SECTOR": 0.0, "ZONA": 0.0, "long": 519.377672866, "Shape_Leng": 519.377672866, "Empresa": 2222, "PROYECTO": "", "DIAMETRO": 0}, "geometry": {"type": "LineString", "coordinates": [[-76.3047396, 3.2504488], [-76.3050408, 3.2457621]]}}, {"type": "Feature", "properties": {"OBJECTID": 221, "ID": 0, "DETALLE": 0.0, "SECTOR": 0.0, "ZONA": 0.0, "long": 1260.63000335, "Shape_Leng": 1260.63000335, "Empresa": 2222, "PROYECTO": "RIDES", "DIAMETRO": 0}, "geometry": {"type": "LineString", "coordinates": [[-76.2946535, 3.2543609], [-76.285445, 3.2546752], [-76.2843125, 3.2556128], [-76.2836526, 3.2555815]]}}, {"type": "Feature", "properties": {"OBJECTID": 222, "ID": 0, "DETALLE": 0.0, "SECTOR": 0.0, "ZONA": 0.0, "long": 2377.02320803, "Shape_Leng": 2377.02320803, "Empresa": 2222, "PROYECTO": "RIDES", "DIAMETRO": 0}, "geometry": {"type": "LineString", "coordinates": [[-76.2834831, 3.2573729], [-76.2832969, 3.2596107], [-76.2832652, 3.260702], [-76.2829837, 3.2610029], [-76.282977, 3.2613755], [-76.282983, 3.2613799], [-76.2821941, 3.2614223], [-76.280515, 3.2614066], [-76.2785566, 3.2614088], [-76.2721815, 3.2606316], [-76.2665078, 3.2631562], [-76.2663002, 3.2632343]]}}, {"type": "Feature", "properties": {"OBJECTID": 223, "ID": 0, "DETALLE": 0.0, "SECTOR": 0.0, "ZONA": 0.0, "long": 198.999046109, "Shape_Leng": 198.999046109, "Empresa": 2222, "PROYECTO": "", "DIAMETRO": 0}, "geometry": {"type": "LineString", "coordinates": [[-76.2836526, 3.2555815], [-76.2834831, 3.2573729]]}}, {"type": "Feature", "properties": {"OBJECTID": 224, "ID": 0, "DETALLE": 0.0, "SECTOR": 0.0, "ZONA": 0.0, "long": 4171.10085163, "Shape_Leng": 4171.10085163, "Empresa": 2222, "PROYECTO": "RIDES", "DIAMETRO": 16}, "geometry": {"type": "LineString", "coordinates": [[-76.2640374, 3.2691427], [-76.2563331, 3.2694125], [-76.2538256, 3.2695023], [-76.2533243, 3.2695215], [-76.2519778, 3.2697683], [-76.2435212, 3.2722234], [-76.2434673, 3.2723591], [-76.2422525, 3.2727269], [-76.2382359, 3.2749539], [-76.2362679, 3.274882], [-76.2307209, 3.2718878], [-76.2305994, 3.2700603], [-76.2300558, 3.2701154]]}}, {"type": "Feature", "properties": {"OBJECTID": 229, "ID": 0, "DETALLE": 0.0, "SECTOR": 0.0, "ZONA": 0.0, "long": 288.420832415, "Shape_Leng": 288.420832415, "Empresa": 2222, "PROYECTO": "RIDES", "DIAMETRO": 0}, "geometry": {"type": "LineString", "coordinates": [[-76.2339065, 3.2564223], [-76.2364748, 3.2567941]]}}, {"type": "Feature", "properties": {"OBJECTID": 230, "ID": 0, "DETALLE": 0.0, "SECTOR": 0.0, "ZONA": 0.0, "long": 185.193530844, "Shape_Leng": 185.193530844, "Empresa": 2222, "PROYECTO": "", "DIAMETRO": 0}, "geometry": {"type": "LineString", "coordinates": [[-76.4236631, 3.2435389], [-76.425025, 3.2437789], [-76.425303, 3.2438348]]}}, {"type": "Feature", "properties": {"OBJECTID": 231, "ID": 0, "DETALLE": 0.0, "SECTOR": 0.0, "ZONA": 0.0, "long": 259.397623099, "Shape_Leng": 259.397623099, "Empresa": 2222, "PROYECTO": "", "DIAMETRO": 0}, "geometry": {"type": "LineString", "coordinates": [[-76.3323478, 3.1874123], [-76.3312165, 3.1872631], [-76.3301032, 3.1868331]]}}, {"type": "Feature", "properties": {"OBJECTID": 232, "ID": 0, "DETALLE": 0.0, "SECTOR": 0.0, "ZONA": 0.0, "long": 132.100118837, "Shape_Leng": 132.100118837, "Empresa": 2222, "PROYECTO": "", "DIAMETRO": 0}, "geometry": {"type": "LineString", "coordinates": [[-76.3029733, 3.4268338], [-76.3040056, 3.4274261]]}}, {"type": "Feature", "properties": {"OBJECTID": 233, "ID": 0, "DETALLE": 0.0, "SECTOR": 0.0, "ZONA": 0.0, "long": 16.6152951533, "Shape_Leng": 16.6152951533, "Empresa": 2222, "PROYECTO": "", "DIAMETRO": 0}, "geometry": {"type": "LineString", "coordinates": [[-76.2720318, 3.3764114], [-76.2719871, 3.3765548]]}}, {"type": "Feature", "properties": {"OBJECTID": 234, "ID": 0, "DETALLE": 0.0, "SECTOR": 0.0, "ZONA": 0.0, "long": 66.8007805895, "Shape_Leng": 66.8007805895, "Empresa": 2222, "PROYECTO": "", "DIAMETRO": 0}, "geometry": {"type": "LineString", "coordinates": [[-76.3027007, 3.3752339], [-76.3023253, 3.3757056]]}}, {"type": "Feature", "properties": {"OBJECTID": 235, "ID": 0, "DETALLE": 0.0, "SECTOR": 0.0, "ZONA": 0.0, "long": 89.6534758642, "Shape_Leng": 89.6534758642, "Empresa": 2222, "PROYECTO": "", "DIAMETRO": 0}, "geometry": {"type": "LineString", "coordinates": [[-76.3365801, 3.155312], [-76.3365873, 3.1561227]]}}, {"type": "Feature", "properties": {"OBJECTID": 236, "ID": 0, "DETALLE": 0.0, "SECTOR": 0.0, "ZONA": 0.0, "long": 13.6588710034, "Shape_Leng": 13.6588710034, "Empresa": 2222, "PROYECTO": "", "DIAMETRO": 0}, "geometry": {"type": "LineString", "coordinates": [[-76.2979659, 3.4201691], [-76.2980018, 3.4200509]]}}, {"type": "Feature", "properties": {"OBJECTID": 237, "ID": 0, "DETALLE": 0.0, "SECTOR": 0.0, "ZONA": 0.0, "long": 307.712655769, "Shape_Leng": 307.712655769, "Empresa": 2222, "PROYECTO": "", "DIAMETRO": 0}, "geometry": {"type": "LineString", "coordinates": [[-76.297791, 3.4302996], [-76.3001873, 3.4316936]]}}, {"type": "Feature", "properties": {"OBJECTID": 238, "ID": 0, "DETALLE": 0.0, "SECTOR": 0.0, "ZONA": 0.0, "long": 735.261284013, "Shape_Leng": 735.261284013, "Empresa": 2222, "PROYECTO": "", "DIAMETRO": 0}, "geometry": {"type": "LineString", "coordinates": [[-76.3012674, 3.2542521], [-76.2951502, 3.254344], [-76.2946535, 3.2543609]]}}, {"type": "Feature", "properties": {"OBJECTID": 239, "ID": 0, "DETALLE": 0.0, "SECTOR": 0.0, "ZONA": 0.0, "long": 1117.99461752, "Shape_Leng": 1117.99461752, "Empresa": 2222, "PROYECTO": "RIDES", "DIAMETRO": 0}, "geometry": {"type": "LineString", "coordinates": [[-76.2466193, 3.258188], [-76.2465601, 3.2584287], [-76.2478767, 3.2588986], [-76.2504117, 3.2586977], [-76.2561161, 3.2593392], [-76.2562459, 3.2593604]]}}, {"type": "Feature", "properties": {"OBJECTID": 240, "ID": 0, "DETALLE": 0.0, "SECTOR": 0.0, "ZONA": 0.0, "long": 199.119988865, "Shape_Leng": 199.119988865, "Empresa": 2222, "PROYECTO": "RIDES", "DIAMETRO": 0}, "geometry": {"type": "LineString", "coordinates": [[-76.2834831, 3.2573729], [-76.283673, 3.2555825]]}}, {"type": "Feature", "properties": {"OBJECTID": 242, "ID": 0, "DETALLE": 0.0, "SECTOR": 0.0, "ZONA": 0.0, "long": 282.590373442, "Shape_Leng": 282.590373442, "Empresa": 2222, "PROYECTO": "RIDES", "DIAMETRO": 0}, "geometry": {"type": "LineString", "coordinates": [[-76.243079, 3.2716673], [-76.2455229, 3.270963]]}}, {"type": "Feature", "properties": {"OBJECTID": 244, "ID": 0, "DETALLE": 0.0, "SECTOR": 0.0, "ZONA": 0.0, "long": 1186.43401843, "Shape_Leng": 1186.43401843, "Empresa": 2222, "PROYECTO": "", "DIAMETRO": 0}, "geometry": {"type": "LineString", "coordinates": [[-76.2914165, 3.1607968], [-76.29165, 3.1596609], [-76.291888, 3.1586005], [-76.2921689, 3.1575007], [-76.2924279, 3.1563755], [-76.292702, 3.1550263], [-76.2929719, 3.1539447], [-76.2928892, 3.1538466], [-76.2931518, 3.1528098], [-76.2933584, 3.1519225], [-76.2935318, 3.150963], [-76.2937012, 3.150373]]}}, {"type": "Feature", "properties": {"OBJECTID": 245, "ID": 0, "DETALLE": 0.0, "SECTOR": 0.0, "ZONA": 0.0, "long": 797.240237426, "Shape_Leng": 797.240237426, "Empresa": 2222, "PROYECTO": "", "DIAMETRO": 0}, "geometry": {"type": "LineString", "coordinates": [[-76.2871681, 3.1541206], [-76.2881292, 3.1523516], [-76.2887228, 3.152991], [-76.2896409, 3.152934], [-76.2913637, 3.1535037], [-76.2928892, 3.1538466]]}}, {"type": "Feature", "properties": {"OBJECTID": 246, "ID": 0, "DETALLE": 0.0, "SECTOR": 0.0, "ZONA": 0.0, "long": 527.56916913, "Shape_Leng": 527.56916913, "Empresa": 2222, "PROYECTO": "", "DIAMETRO": 0}, "geometry": {"type": "LineString", "coordinates": [[-76.2881292, 3.1523516], [-76.286896, 3.150962], [-76.2860202, 3.1500041], [-76.2844251, 3.1501186]]}}, {"type": "Feature", "properties": {"OBJECTID": 247, "ID": 0, "DETALLE": 0.0, "SECTOR": 0.0, "ZONA": 0.0, "long": 390.039444983, "Shape_Leng": 390.039444983, "Empresa": 2222, "PROYECTO": "", "DIAMETRO": 0}, "geometry": {"type": "LineString", "coordinates": [[-76.286896, 3.150962], [-76.2842312, 3.1532565]]}}, {"type": "Feature", "properties": {"OBJECTID": 248, "ID": 0, "DETALLE": 0.0, "SECTOR": 0.0, "ZONA": 0.0, "long": 580.903737573, "Shape_Leng": 580.903737573, "Empresa": 2222, "PROYECTO": "", "DIAMETRO": 0}, "geometry": {"type": "LineString", "coordinates": [[-76.286896, 3.150962], [-76.288877, 3.149394], [-76.2902344, 3.1483223], [-76.29088, 3.149061]]}}, {"type": "Feature", "properties": {"OBJECTID": 249, "ID": 0, "DETALLE": 0.0, "SECTOR": 0.0, "ZONA": 0.0, "long": 79.1754493723, "Shape_Leng": 79.1754493723, "Empresa": 2222, "PROYECTO": "", "DIAMETRO": 0}, "geometry": {"type": "LineString", "coordinates": [[-76.2902344, 3.1483223], [-76.2897708, 3.1477788]]}}, {"type": "Feature", "properties": {"OBJECTID": 250, "ID": 0, "DETALLE": 0.0, "SECTOR": 0.0, "ZONA": 0.0, "long": 1420.44612858, "Shape_Leng": 1420.44612858, "Empresa": 2222, "PROYECTO": "", "DIAMETRO": 0}, "geometry": {"type": "LineString", "coordinates": [[-76.2928892, 3.1538466], [-76.2973099, 3.1578423], [-76.298805, 3.1593424], [-76.2985071, 3.1605994], [-76.2981922, 3.1616131], [-76.2978296, 3.1627453], [-76.2974998, 3.1639002]]}}, {"type": "Feature", "properties": {"OBJECTID": 251, "ID": 0, "DETALLE": 0.0, "SECTOR": 0.0, "ZONA": 0.0, "long": 39.9964442748, "Shape_Leng": 39.9964442748, "Empresa": 0, "PROYECTO": "", "DIAMETRO": 0}, "geometry": {"type": "LineString", "coordinates": [[-76.2374478, 3.3801743], [-76.2378067, 3.3802011]]}}, {"type": "Feature", "properties": {"OBJECTID": 253, "ID": 0, "DETALLE": 0.0, "SECTOR": 0.0, "ZONA": 0.0, "long": 434.885566525, "Shape_Leng": 434.885566525, "Empresa": 0, "PROYECTO": "", "DIAMETRO": 0}, "geometry": {"type": "LineString", "coordinates": [[-76.2503388, 3.2562434], [-76.2469671, 3.2565516], [-76.2468808, 3.2569127], [-76.2467315, 3.2568622]]}}, {"type": "Feature", "properties": {"OBJECTID": 254, "ID": 0, "DETALLE": 0.0, "SECTOR": 0.0, "ZONA": 0.0, "long": 1033.64733914, "Shape_Leng": 1033.64733914, "Empresa": 0, "PROYECTO": "", "DIAMETRO": 0}, "geometry": {"type": "LineString", "coordinates": [[-76.2503388, 3.2562434], [-76.2536084, 3.255236], [-76.2553013, 3.2544742], [-76.2555469, 3.2504365]]}}, {"type": "Feature", "properties": {"OBJECTID": 255, "ID": 0, "DETALLE": 0.0, "SECTOR": 0.0, "ZONA": 0.0, "long": 973.635034423, "Shape_Leng": 973.635034423, "Empresa": 0, "PROYECTO": "", "DIAMETRO": 0}, "geometry": {"type": "LineString", "coordinates": [[-76.2552836, 3.2545436], [-76.2576438, 3.254649], [-76.2621079, 3.2548863], [-76.2622669, 3.2529565]]}}, {"type": "Feature", "properties": {"OBJECTID": 256, "ID": 0, "DETALLE": 0.0, "SECTOR": 0.0, "ZONA": 0.0, "long": 579.958664694, "Shape_Leng": 579.958664694, "Empresa": 0, "PROYECTO": "", "DIAMETRO": 0}, "geometry": {"type": "LineString", "coordinates": [[-76.2576438, 3.254649], [-76.2576438, 3.254649], [-76.2574053, 3.2575242], [-76.2580173, 3.257505], [-76.2596186, 3.257138], [-76.2596994, 3.257093]]}}, {"type": "Feature", "properties": {"OBJECTID": 257, "ID": 0, "DETALLE": 0.0, "SECTOR": 0.0, "ZONA": 0.0, "long": 1152.14099603, "Shape_Leng": 1152.14099603, "Empresa": 2222, "PROYECTO": "RIDES", "DIAMETRO": 0}, "geometry": {"type": "LineString", "coordinates": [[-76.2380868, 3.2567757], [-76.2471833, 3.2554241], [-76.2472387, 3.2555469], [-76.2469671, 3.2565516]]}}, {"type": "Feature", "properties": {"OBJECTID": 259, "ID": 0, "DETALLE": 0.0, "SECTOR": 0.0, "ZONA": 0.0, "long": 862.580768154, "Shape_Leng": 862.580768154, "Empresa": 2222, "PROYECTO": "RIDES", "DIAMETRO": 0}, "geometry": {"type": "LineString", "coordinates": [[-76.2551215, 3.2592273], [-76.2551109, 3.2594383], [-76.2584107, 3.2598619], [-76.2595187, 3.2599716], [-76.262559, 3.2603391], [-76.2625637, 3.2603872]]}}, {"type": "Feature", "properties": {"OBJECTID": 260, "ID": 0, "DETALLE": 0.0, "SECTOR": 0.0, "ZONA": 0.0, "long": 204.043817127, "Shape_Leng": 204.043817127, "Empresa": 0, "PROYECTO": "", "DIAMETRO": 8}, "geometry": {"type": "LineString", "coordinates": [[-76.2749878, 3.2801207], [-76.2731684, 3.279875]]}}, {"type": "Feature", "properties": {"OBJECTID": 261, "ID": 0, "DETALLE": 0.0, "SECTOR": 0.0, "ZONA": 0.0, "long": 436.486635394, "Shape_Leng": 436.486635394, "Empresa": 0, "PROYECTO": "", "DIAMETRO": 8}, "geometry": {"type": "LineString", "coordinates": [[-76.2731684, 3.279875], [-76.2693189, 3.2798857], [-76.2693119, 3.2799633]]}}, {"type": "Feature", "properties": {"OBJECTID": 262, "ID": 0, "DETALLE": 0.0, "SECTOR": 0.0, "ZONA": 0.0, "long": 1430.50416198, "Shape_Leng": 1430.50416198, "Empresa": 0, "PROYECTO": "", "DIAMETRO": 8}, "geometry": {"type": "LineString", "coordinates": [[-76.2763098, 3.284927], [-76.2699175, 3.2846506], [-76.2700275, 3.2829026], [-76.2747523, 3.2831104]]}}, {"type": "Feature", "properties": {"OBJECTID": 263, "ID": 0, "DETALLE": 0.0, "SECTOR": 0.0, "ZONA": 0.0, "long": 531.878472105, "Shape_Leng": 531.878472105, "Empresa": 0, "PROYECTO": "", "DIAMETRO": 6}, "geometry": {"type": "LineString", "coordinates": [[-76.2699274, 3.2844925], [-76.2670488, 3.2846367], [-76.2651524, 3.2847966]]}}, {"type": "Feature", "properties": {"OBJECTID": 264, "ID": 0, "DETALLE": 0.0, "SECTOR": 0.0, "ZONA": 0.0, "long": 361.854541601, "Shape_Leng": 361.854541601, "Empresa": 0, "PROYECTO": "", "DIAMETRO": 8}, "geometry": {"type": "LineString", "coordinates": [[-76.2609319, 3.2881794], [-76.2611832, 3.2849171]]}}, {"type": "Feature", "properties": {"OBJECTID": 265, "ID": 0, "DETALLE": 0.0, "SECTOR": 0.0, "ZONA": 0.0, "long": 230.226951296, "Shape_Leng": 230.226951296, "Empresa": 0, "PROYECTO": "", "DIAMETRO": 8}, "geometry": {"type": "LineString", "coordinates": [[-76.2651463, 3.2848755], [-76.2649466, 3.2869476]]}}, {"type": "Feature", "properties": {"OBJECTID": 266, "ID": 0, "DETALLE": 0.0, "SECTOR": 0.0, "ZONA": 0.0, "long": 229.359808136, "Shape_Leng": 229.359808136, "Empresa": 0, "PROYECTO": "", "DIAMETRO": 8}, "geometry": {"type": "LineString", "coordinates": [[-76.2611832, 3.2849171], [-76.2613284, 3.2828482]]}}, {"type": "Feature", "properties": {"OBJECTID": 267, "ID": 0, "DETALLE": 0.0, "SECTOR": 0.0, "ZONA": 0.0, "long": 188.291326237, "Shape_Leng": 188.291326237, "Empresa": 0, "PROYECTO": "", "DIAMETRO": 0}, "geometry": {"type": "LineString", "coordinates": [[-76.262005, 3.2849084], [-76.2621193, 3.2832097]]}}, {"type": "Feature", "properties": {"OBJECTID": 268, "ID": 0, "DETALLE": 0.0, "SECTOR": 0.0, "ZONA": 0.0, "long": 526.761227139, "Shape_Leng": 526.761227139, "Empresa": 0, "PROYECTO": "", "DIAMETRO": 10}, "geometry": {"type": "LineString", "coordinates": [[-76.2700275, 3.2829026], [-76.2652896, 3.2830163]]}}, {"type": "Feature", "properties": {"OBJECTID": 269, "ID": 0, "DETALLE": 0.0, "SECTOR": 0.0, "ZONA": 0.0, "long": 1008.89738837, "Shape_Leng": 1008.89738837, "Empresa": 0, "PROYECTO": "", "DIAMETRO": 12}, "geometry": {"type": "LineString", "coordinates": [[-76.2699807, 3.2829037], [-76.2702784, 3.2792971], [-76.2709957, 3.2779191], [-76.2705353, 3.2773889], [-76.2704869, 3.2768332], [-76.2705327, 3.2764599], [-76.2708162, 3.2757854], [-76.2709312, 3.2747066], [-76.2709099, 3.2742132]]}}, {"type": "Feature", "properties": {"OBJECTID": 270, "ID": 0, "DETALLE": 0.0, "SECTOR": 0.0, "ZONA": 0.0, "long": 751.629336504, "Shape_Leng": 751.629336504, "Empresa": 0, "PROYECTO": "", "DIAMETRO": 14}, "geometry": {"type": "LineString", "coordinates": [[-76.2695744, 3.2687706], [-76.2694865, 3.2723855], [-76.2700776, 3.2726412], [-76.2706233, 3.2725527], [-76.2711252, 3.2728248], [-76.2709099, 3.2742132]]}}, {"type": "Feature", "properties": {"OBJECTID": 271, "ID": 0, "DETALLE": 0.0, "SECTOR": 0.0, "ZONA": 0.0, "long": 560.914568848, "Shape_Leng": 560.914568848, "Empresa": 0, "PROYECTO": "", "DIAMETRO": 8}, "geometry": {"type": "LineString", "coordinates": [[-76.2709507, 3.2739502], [-76.2715902, 3.2737949], [-76.2731359, 3.2734006], [-76.2738845, 3.2734611], [-76.2757983, 3.2741793]]}}, {"type": "Feature", "properties": {"OBJECTID": 272, "ID": 0, "DETALLE": 0.0, "SECTOR": 0.0, "ZONA": 0.0, "long": 440.992959991, "Shape_Leng": 440.992959991, "Empresa": 0, "PROYECTO": "", "DIAMETRO": 8}, "geometry": {"type": "LineString", "coordinates": [[-76.2757978, 3.2741792], [-76.2773795, 3.2747727], [-76.2776621, 3.2749055], [-76.2789362, 3.2749444], [-76.2796149, 3.2748059]]}}, {"type": "Feature", "properties": {"OBJECTID": 273, "ID": 0, "DETALLE": 0.0, "SECTOR": 0.0, "ZONA": 0.0, "long": 973.384332113, "Shape_Leng": 973.384332113, "Empresa": 0, "PROYECTO": "", "DIAMETRO": 8}, "geometry": {"type": "LineString", "coordinates": [[-76.2718503, 3.2713144], [-76.2806076, 3.2712703]]}}, {"type": "Feature", "properties": {"OBJECTID": 274, "ID": 0, "DETALLE": 0.0, "SECTOR": 0.0, "ZONA": 0.0, "long": 284.740358455, "Shape_Leng": 284.740358455, "Empresa": 0, "PROYECTO": "", "DIAMETRO": 8}, "geometry": {"type": "LineString", "coordinates": [[-76.2694728, 3.2706402], [-76.2707139, 3.2706383], [-76.2718503, 3.2713144]]}}, {"type": "Feature", "properties": {"OBJECTID": 275, "ID": 0, "DETALLE": 0.0, "SECTOR": 0.0, "ZONA": 0.0, "long": 219.285421913, "Shape_Leng": 219.285421913, "Empresa": 0, "PROYECTO": "", "DIAMETRO": 8}, "geometry": {"type": "LineString", "coordinates": [[-76.2696533, 3.2687625], [-76.2695839, 3.2685616], [-76.269613, 3.2667916]]}}, {"type": "Feature", "properties": {"OBJECTID": 276, "ID": 0, "DETALLE": 0.0, "SECTOR": 0.0, "ZONA": 0.0, "long": 324.213745691, "Shape_Leng": 324.213745691, "Empresa": 0, "PROYECTO": "", "DIAMETRO": 8}, "geometry": {"type": "LineString", "coordinates": [[-76.2695839, 3.2685616], [-76.2707572, 3.2684752], [-76.2707917, 3.2667263]]}}, {"type": "Feature", "properties": {"OBJECTID": 277, "ID": 0, "DETALLE": 0.0, "SECTOR": 0.0, "ZONA": 0.0, "long": 270.470629087, "Shape_Leng": 270.470629087, "Empresa": 0, "PROYECTO": "", "DIAMETRO": 14}, "geometry": {"type": "LineString", "coordinates": [[-76.2695852, 3.268483], [-76.2671645, 3.2687332]]}}, {"type": "Feature", "properties": {"OBJECTID": 278, "ID": 0, "DETALLE": 0.0, "SECTOR": 0.0, "ZONA": 0.0, "long": 187.804260542, "Shape_Leng": 187.804260542, "Empresa": 0, "PROYECTO": "", "DIAMETRO": 8}, "geometry": {"type": "LineString", "coordinates": [[-76.2684031, 3.2686052], [-76.268435, 3.2669073]]}}, {"type": "Feature", "properties": {"OBJECTID": 279, "ID": 0, "DETALLE": 0.0, "SECTOR": 0.0, "ZONA": 0.0, "long": 185.045806191, "Shape_Leng": 185.045806191, "Empresa": 0, "PROYECTO": "", "DIAMETRO": 8}, "geometry": {"type": "LineString", "coordinates": [[-76.2672583, 3.2687235], [-76.2672785, 3.2670504]]}}, {"type": "Feature", "properties": {"OBJECTID": 280, "ID": 0, "DETALLE": 0.0, "SECTOR": 0.0, "ZONA": 0.0, "long": 195.528049936, "Shape_Leng": 195.528049936, "Empresa": 0, "PROYECTO": "", "DIAMETRO": 14}, "geometry": {"type": "LineString", "coordinates": [[-76.2671645, 3.2687332], [-76.2663116, 3.2688666], [-76.2654247, 3.2689944]]}}, {"type": "Feature", "properties": {"OBJECTID": 281, "ID": 0, "DETALLE": 0.0, "SECTOR": 0.0, "ZONA": 0.0, "long": 168.238894791, "Shape_Leng": 168.238894791, "Empresa": 0, "PROYECTO": "", "DIAMETRO": 8}, "geometry": {"type": "LineString", "coordinates": [[-76.2670017, 3.26898], [-76.2669434, 3.2705002]]}}, {"type": "Feature", "properties": {"OBJECTID": 282, "ID": 0, "DETALLE": 0.0, "SECTOR": 0.0, "ZONA": 0.0, "long": 595.255254114, "Shape_Leng": 595.255254114, "Empresa": 0, "PROYECTO": "", "DIAMETRO": 14}, "geometry": {"type": "LineString", "coordinates": [[-76.2653576, 3.2691016], [-76.2648972, 3.2658398], [-76.2646281, 3.2637692]]}}, {"type": "Feature", "properties": {"OBJECTID": 283, "ID": 0, "DETALLE": 0.0, "SECTOR": 0.0, "ZONA": 0.0, "long": 206.488412401, "Shape_Leng": 206.488412401, "Empresa": 0, "PROYECTO": "", "DIAMETRO": 0}, "geometry": {"type": "LineString", "coordinates": [[-76.2646281, 3.2637692], [-76.2644132, 3.2624854], [-76.2638753, 3.2623198]]}}, {"type": "Feature", "properties": {"OBJECTID": 284, "ID": 0, "DETALLE": 0.0, "SECTOR": 0.0, "ZONA": 0.0, "long": 446.283605227, "Shape_Leng": 446.283605227, "Empresa": 0, "PROYECTO": "", "DIAMETRO": 6}, "geometry": {"type": "LineString", "coordinates": [[-76.2644132, 3.2624854], [-76.2649675, 3.2625257], [-76.2656402, 3.2622025], [-76.2663716, 3.2608264], [-76.2664965, 3.2607434], [-76.2674229, 3.2603347]]}}, {"type": "Feature", "properties": {"OBJECTID": 285, "ID": 0, "DETALLE": 0.0, "SECTOR": 0.0, "ZONA": 0.0, "long": 1034.19689755, "Shape_Leng": 1034.19689755, "Empresa": 0, "PROYECTO": "", "DIAMETRO": 0}, "geometry": {"type": "LineString", "coordinates": [[-76.2399114, 3.274025], [-76.2410167, 3.2742249], [-76.2418682, 3.2743887], [-76.2420738, 3.2743211], [-76.2434197, 3.2745245], [-76.2434151, 3.2745251], [-76.2447098, 3.27435], [-76.2484114, 3.2748479], [-76.248475, 3.2748496], [-76.2484794, 3.2754807]]}}, {"type": "Feature", "properties": {"OBJECTID": 286, "ID": 0, "DETALLE": 0.0, "SECTOR": 0.0, "ZONA": 0.0, "long": 216.74251783, "Shape_Leng": 216.74251783, "Empresa": 0, "PROYECTO": "", "DIAMETRO": 0}, "geometry": {"type": "LineString", "coordinates": [[-76.248475, 3.2748496], [-76.2484637, 3.2748524], [-76.250345, 3.2743835]]}}, {"type": "Feature", "properties": {"OBJECTID": 287, "ID": 0, "DETALLE": 0.0, "SECTOR": 0.0, "ZONA": 0.0, "long": 57.2371536526, "Shape_Leng": 57.2371536526, "Empresa": 0, "PROYECTO": "", "DIAMETRO": 0}, "geometry": {"type": "LineString", "coordinates": [[-76.2459946, 3.2745228], [-76.2459712, 3.2750398]]}}, {"type": "Feature", "properties": {"OBJECTID": 288, "ID": 0, "DETALLE": 0.0, "SECTOR": 0.0, "ZONA": 0.0, "long": 134.309758264, "Shape_Leng": 134.309758264, "Empresa": 0, "PROYECTO": "", "DIAMETRO": 0}, "geometry": {"type": "LineString", "coordinates": [[-76.2423492, 3.2731815], [-76.2429591, 3.2735091], [-76.2431339, 3.273601], [-76.2433449, 3.273712], [-76.2434188, 3.2736778]]}}, {"type": "Feature", "properties": {"OBJECTID": 289, "ID": 0, "DETALLE": 0.0, "SECTOR": 0.0, "ZONA": 0.0, "long": 227.363518971, "Shape_Leng": 227.363518971, "Empresa": 0, "PROYECTO": "", "DIAMETRO": 0}, "geometry": {"type": "LineString", "coordinates": [[-76.243471, 3.2736617], [-76.2434673, 3.2723591], [-76.2432611, 3.2716349]]}}, {"type": "Feature", "properties": {"OBJECTID": 290, "ID": 0, "DETALLE": 0.0, "SECTOR": 0.0, "ZONA": 0.0, "long": 247.209514742, "Shape_Leng": 247.209514742, "Empresa": 0, "PROYECTO": "", "DIAMETRO": 0}, "geometry": {"type": "LineString", "coordinates": [[-76.2432396, 3.271538], [-76.2432091, 3.2714379], [-76.2431538, 3.2712391], [-76.2431651, 3.2693149]]}}, {"type": "Feature", "properties": {"OBJECTID": 291, "ID": 0, "DETALLE": 0.0, "SECTOR": 0.0, "ZONA": 0.0, "long": 136.937362651, "Shape_Leng": 136.937362651, "Empresa": 0, "PROYECTO": "", "DIAMETRO": 0}, "geometry": {"type": "LineString", "coordinates": [[-76.242006, 3.2713717], [-76.2420131, 3.2701335]]}}, {"type": "Feature", "properties": {"OBJECTID": 292, "ID": 0, "DETALLE": 0.0, "SECTOR": 0.0, "ZONA": 0.0, "long": 92.9478607203, "Shape_Leng": 92.9478607203, "Empresa": 0, "PROYECTO": "", "DIAMETRO": 0}, "geometry": {"type": "LineString", "coordinates": [[-76.2420131, 3.2701335], [-76.2420507, 3.2692938]]}}, {"type": "Feature", "properties": {"OBJECTID": 293, "ID": 0, "DETALLE": 0.0, "SECTOR": 0.0, "ZONA": 0.0, "long": 1338.89198853, "Shape_Leng": 1338.89198853, "Empresa": 0, "PROYECTO": "", "DIAMETRO": 12}, "geometry": {"type": "LineString", "coordinates": [[-76.2639629, 3.2623467], [-76.2640555, 3.2619188], [-76.2641137, 3.2605695], [-76.2640334, 3.260302], [-76.2642854, 3.2549762], [-76.2643196, 3.2537652], [-76.2643675, 3.2516721], [-76.2644035, 3.2502705]]}}, {"type": "Feature", "properties": {"OBJECTID": 294, "ID": 0, "DETALLE": 0.0, "SECTOR": 0.0, "ZONA": 0.0, "long": 555.914605471, "Shape_Leng": 555.914605471, "Empresa": 0, "PROYECTO": "", "DIAMETRO": 8}, "geometry": {"type": "LineString", "coordinates": [[-76.2642873, 3.254909], [-76.2644206, 3.2549102], [-76.2691174, 3.2536239]]}}, {"type": "Feature", "properties": {"OBJECTID": 295, "ID": 0, "DETALLE": 0.0, "SECTOR": 0.0, "ZONA": 0.0, "long": 337.873632473, "Shape_Leng": 337.873632473, "Empresa": 0, "PROYECTO": "", "DIAMETRO": 8}, "geometry": {"type": "LineString", "coordinates": [[-76.2644802, 3.2502666], [-76.2644035, 3.2502705], [-76.2614468, 3.2500763]]}}, {"type": "Feature", "properties": {"OBJECTID": 296, "ID": 0, "DETALLE": 0.0, "SECTOR": 0.0, "ZONA": 0.0, "long": 644.909584387, "Shape_Leng": 644.909584387, "Empresa": 0, "PROYECTO": "", "DIAMETRO": 8}, "geometry": {"type": "LineString", "coordinates": [[-76.2644802, 3.2502666], [-76.2702745, 3.250566]]}}, {"type": "Feature", "properties": {"OBJECTID": 297, "ID": 0, "DETALLE": 0.0, "SECTOR": 0.0, "ZONA": 0.0, "long": 348.396631956, "Shape_Leng": 348.396631956, "Empresa": 0, "PROYECTO": "", "DIAMETRO": 8}, "geometry": {"type": "LineString", "coordinates": [[-76.2641762, 3.2573278], [-76.2672442, 3.2566828]]}}, {"type": "Feature", "properties": {"OBJECTID": 299, "ID": 0, "DETALLE": 0.0, "SECTOR": 0.0, "ZONA": 0.0, "long": 302.62555515, "Shape_Leng": 302.62555515, "Empresa": 0, "PROYECTO": "", "DIAMETRO": 0}, "geometry": {"type": "LineString", "coordinates": [[-76.2747584, 3.2833642], [-76.27561, 3.2836311], [-76.2765466, 3.2839088], [-76.2773976, 3.2839826]]}}, {"type": "Feature", "properties": {"OBJECTID": 300, "ID": 0, "DETALLE": 0.0, "SECTOR": 0.0, "ZONA": 0.0, "long": 188.448454287, "Shape_Leng": 188.448454287, "Empresa": 0, "PROYECTO": "", "DIAMETRO": 0}, "geometry": {"type": "LineString", "coordinates": [[-76.2776187, 3.2841161], [-76.2773976, 3.2839826], [-76.2763098, 3.284927]]}}, {"type": "Feature", "properties": {"OBJECTID": 301, "ID": 0, "DETALLE": 0.0, "SECTOR": 0.0, "ZONA": 0.0, "long": 230.494579799, "Shape_Leng": 230.494579799, "Empresa": 0, "PROYECTO": "", "DIAMETRO": 0}, "geometry": {"type": "LineString", "coordinates": [[-76.2632201, 3.2839631], [-76.2630443, 3.2860399]]}}, {"type": "Feature", "properties": {"OBJECTID": 302, "ID": 0, "DETALLE": 0.0, "SECTOR": 0.0, "ZONA": 0.0, "long": 109.868253427, "Shape_Leng": 109.868253427, "Empresa": 0, "PROYECTO": "", "DIAMETRO": 8}, "geometry": {"type": "LineString", "coordinates": [[-76.2630443, 3.2860399], [-76.2629615, 3.2870172], [-76.2629506, 3.2870235]]}}, {"type": "Feature", "properties": {"OBJECTID": 303, "ID": 0, "DETALLE": 0.0, "SECTOR": 0.0, "ZONA": 0.0, "long": 441.36939414, "Shape_Leng": 441.36939414, "Empresa": 0, "PROYECTO": "", "DIAMETRO": 10}, "geometry": {"type": "LineString", "coordinates": [[-76.2651524, 3.2847966], [-76.2611832, 3.2849171]]}}, {"type": "Feature", "properties": {"OBJECTID": 304, "ID": 0, "DETALLE": 0.0, "SECTOR": 0.0, "ZONA": 0.0, "long": 206.217912672, "Shape_Leng": 206.217912672, "Empresa": 0, "PROYECTO": "", "DIAMETRO": 10}, "geometry": {"type": "LineString", "coordinates": [[-76.2651463, 3.2848755], [-76.2652896, 3.2830163]]}}, {"type": "Feature", "properties": {"OBJECTID": 305, "ID": 0, "DETALLE": 0.0, "SECTOR": 0.0, "ZONA": 0.0, "long": 280.411567984, "Shape_Leng": 280.411567984, "Empresa": 0, "PROYECTO": "", "DIAMETRO": 8}, "geometry": {"type": "LineString", "coordinates": [[-76.2670488, 3.2846367], [-76.2670578, 3.2843906], [-76.2671884, 3.2829707], [-76.2672685, 3.282111]]}}, {"type": "Feature", "properties": {"OBJECTID": 306, "ID": 0, "DETALLE": 0.0, "SECTOR": 0.0, "ZONA": 0.0, "long": 237.077422238, "Shape_Leng": 237.077422238, "Empresa": 0, "PROYECTO": "", "DIAMETRO": 6}, "geometry": {"type": "LineString", "coordinates": [[-76.2673402, 3.2807205], [-76.2693164, 3.2799137]]}}, {"type": "Feature", "properties": {"OBJECTID": 307, "ID": 0, "DETALLE": 0.0, "SECTOR": 0.0, "ZONA": 0.0, "long": 208.754112191, "Shape_Leng": 208.754112191, "Empresa": 0, "PROYECTO": "", "DIAMETRO": 8}, "geometry": {"type": "LineString", "coordinates": [[-76.2757983, 3.2741793], [-76.2753622, 3.2760154]]}}, {"type": "Feature", "properties": {"OBJECTID": 308, "ID": 0, "DETALLE": 0.0, "SECTOR": 0.0, "ZONA": 0.0, "long": 657.914002463, "Shape_Leng": 657.914002463, "Empresa": 0, "PROYECTO": "", "DIAMETRO": 0}, "geometry": {"type": "LineString", "coordinates": [[-76.2622669, 3.2693529], [-76.2622417, 3.2715904], [-76.2620441, 3.2734438], [-76.2619102, 3.2752865]]}}, {"type": "Feature", "properties": {"OBJECTID": 309, "ID": 0, "DETALLE": 0.0, "SECTOR": 0.0, "ZONA": 0.0, "long": 164.02659995, "Shape_Leng": 164.02659995, "Empresa": 0, "PROYECTO": "", "DIAMETRO": 0}, "geometry": {"type": "LineString", "coordinates": [[-76.2598411, 3.2694321], [-76.2598345, 3.2709153]]}}, {"type": "Feature", "properties": {"OBJECTID": 310, "ID": 0, "DETALLE": 0.0, "SECTOR": 0.0, "ZONA": 0.0, "long": 205.307013864, "Shape_Leng": 205.307013864, "Empresa": 0, "PROYECTO": "", "DIAMETRO": 8}, "geometry": {"type": "LineString", "coordinates": [[-76.2574677, 3.2695096], [-76.2572328, 3.271351]]}}, {"type": "Feature", "properties": {"OBJECTID": 311, "ID": 0, "DETALLE": 0.0, "SECTOR": 0.0, "ZONA": 0.0, "long": 332.598422278, "Shape_Leng": 332.598422278, "Empresa": 0, "PROYECTO": "", "DIAMETRO": 8}, "geometry": {"type": "LineString", "coordinates": [[-76.2574677, 3.2695096], [-76.2575319, 3.2693952], [-76.2575183, 3.2682487], [-76.2582724, 3.2682397], [-76.2582706, 3.2672681]]}}, {"type": "Feature", "properties": {"OBJECTID": 312, "ID": 0, "DETALLE": 0.0, "SECTOR": 0.0, "ZONA": 0.0, "long": 395.880213311, "Shape_Leng": 395.880213311, "Empresa": 0, "PROYECTO": "", "DIAMETRO": 8}, "geometry": {"type": "LineString", "coordinates": [[-76.2551179, 3.2710492], [-76.2551453, 3.2695854], [-76.2551672, 3.2686184], [-76.2551769, 3.26747]]}}, {"type": "Feature", "properties": {"OBJECTID": 313, "ID": 0, "DETALLE": 0.0, "SECTOR": 0.0, "ZONA": 0.0, "long": 153.245521772, "Shape_Leng": 153.245521772, "Empresa": 0, "PROYECTO": "", "DIAMETRO": 8}, "geometry": {"type": "LineString", "coordinates": [[-76.2550092, 3.2746238], [-76.2536731, 3.274282]]}}, {"type": "Feature", "properties": {"OBJECTID": 314, "ID": 0, "DETALLE": 0.0, "SECTOR": 0.0, "ZONA": 0.0, "long": 652.096803986, "Shape_Leng": 652.096803986, "Empresa": 0, "PROYECTO": "", "DIAMETRO": 10}, "geometry": {"type": "LineString", "coordinates": [[-76.2536731, 3.274282], [-76.2522872, 3.2738819], [-76.2527356, 3.2724141], [-76.2529807, 3.2721715], [-76.2532405, 3.271599], [-76.2533421, 3.2707721], [-76.2533456, 3.2696685]]}}, {"type": "Feature", "properties": {"OBJECTID": 315, "ID": 0, "DETALLE": 0.0, "SECTOR": 0.0, "ZONA": 0.0, "long": 168.499179276, "Shape_Leng": 168.499179276, "Empresa": 0, "PROYECTO": "", "DIAMETRO": 8}, "geometry": {"type": "LineString", "coordinates": [[-76.2533456, 3.2696685], [-76.253236, 3.2692091], [-76.253299, 3.2681598]]}}, {"type": "Feature", "properties": {"OBJECTID": 316, "ID": 0, "DETALLE": 0.0, "SECTOR": 0.0, "ZONA": 0.0, "long": 534.807651908, "Shape_Leng": 534.807651908, "Empresa": 0, "PROYECTO": "", "DIAMETRO": 0}, "geometry": {"type": "LineString", "coordinates": [[-76.2527207, 3.2724626], [-76.2563055, 3.2734311], [-76.2573226, 3.2730112]]}}, {"type": "Feature", "properties": {"OBJECTID": 317, "ID": 0, "DETALLE": 0.0, "SECTOR": 0.0, "ZONA": 0.0, "long": 107.129113297, "Shape_Leng": 107.129113297, "Empresa": 0, "PROYECTO": "", "DIAMETRO": 0}, "geometry": {"type": "LineString", "coordinates": [[-76.2519825, 3.2700048], [-76.2519635, 3.2690363]]}}, {"type": "Feature", "properties": {"OBJECTID": 318, "ID": 0, "DETALLE": 0.0, "SECTOR": 0.0, "ZONA": 0.0, "long": 62.926949889, "Shape_Leng": 62.926949889, "Empresa": 0, "PROYECTO": "", "DIAMETRO": 0}, "geometry": {"type": "LineString", "coordinates": [[-76.2508616, 3.270101], [-76.2508566, 3.269532]]}}, {"type": "Feature", "properties": {"OBJECTID": 319, "ID": 0, "DETALLE": 0.0, "SECTOR": 0.0, "ZONA": 0.0, "long": 105.936818634, "Shape_Leng": 105.936818634, "Empresa": 0, "PROYECTO": "", "DIAMETRO": 0}, "geometry": {"type": "LineString", "coordinates": [[-76.2519825, 3.2700048], [-76.2519639, 3.2709626]]}}, {"type": "Feature", "properties": {"OBJECTID": 320, "ID": 0, "DETALLE": 0.0, "SECTOR": 0.0, "ZONA": 0.0, "long": 152.689540525, "Shape_Leng": 152.689540525, "Empresa": 0, "PROYECTO": "", "DIAMETRO": 0}, "geometry": {"type": "LineString", "coordinates": [[-76.2519639, 3.2709625], [-76.2519697, 3.2723432]]}}, {"type": "Feature", "properties": {"OBJECTID": 321, "ID": 0, "DETALLE": 0.0, "SECTOR": 0.0, "ZONA": 0.0, "long": 145.01486877, "Shape_Leng": 145.01486877, "Empresa": 0, "PROYECTO": "", "DIAMETRO": 0}, "geometry": {"type": "LineString", "coordinates": [[-76.2508616, 3.270101], [-76.2508506, 3.2714122]]}}, {"type": "Feature", "properties": {"OBJECTID": 322, "ID": 0, "DETALLE": 0.0, "SECTOR": 0.0, "ZONA": 0.0, "long": 135.153716744, "Shape_Leng": 135.153716744, "Empresa": 0, "PROYECTO": "", "DIAMETRO": 0}, "geometry": {"type": "LineString", "coordinates": [[-76.2508506, 3.2714122], [-76.2508719, 3.2726342]]}}, {"type": "Feature", "properties": {"OBJECTID": 323, "ID": 0, "DETALLE": 0.0, "SECTOR": 0.0, "ZONA": 0.0, "long": 191.656490708, "Shape_Leng": 191.656490708, "Empresa": 0, "PROYECTO": "", "DIAMETRO": 0}, "geometry": {"type": "LineString", "coordinates": [[-76.2496722, 3.2704594], [-76.2496818, 3.2721924]]}}, {"type": "Feature", "properties": {"OBJECTID": 324, "ID": 0, "DETALLE": 0.0, "SECTOR": 0.0, "ZONA": 0.0, "long": 148.008097807, "Shape_Leng": 148.008097807, "Empresa": 0, "PROYECTO": "", "DIAMETRO": 0}, "geometry": {"type": "LineString", "coordinates": [[-76.2496818, 3.2721924], [-76.2496872, 3.273267], [-76.2499495, 3.2732701]]}}, {"type": "Feature", "properties": {"OBJECTID": 325, "ID": 0, "DETALLE": 0.0, "SECTOR": 0.0, "ZONA": 0.0, "long": 166.682778812, "Shape_Leng": 166.682778812, "Empresa": 0, "PROYECTO": "", "DIAMETRO": 0}, "geometry": {"type": "LineString", "coordinates": [[-76.2484839, 3.270793], [-76.2485047, 3.2723001]]}}, {"type": "Feature", "properties": {"OBJECTID": 326, "ID": 0, "DETALLE": 0.0, "SECTOR": 0.0, "ZONA": 0.0, "long": 158.704291626, "Shape_Leng": 158.704291626, "Empresa": 0, "PROYECTO": "", "DIAMETRO": 0}, "geometry": {"type": "LineString", "coordinates": [[-76.2485047, 3.2723001], [-76.2485271, 3.273735]]}}, {"type": "Feature", "properties": {"OBJECTID": 327, "ID": 0, "DETALLE": 0.0, "SECTOR": 0.0, "ZONA": 0.0, "long": 154.070502313, "Shape_Leng": 154.070502313, "Empresa": 0, "PROYECTO": "", "DIAMETRO": 0}, "geometry": {"type": "LineString", "coordinates": [[-76.2472747, 3.2711256], [-76.2472737, 3.2725187]]}}, {"type": "Feature", "properties": {"OBJECTID": 328, "ID": 0, "DETALLE": 0.0, "SECTOR": 0.0, "ZONA": 0.0, "long": 225.178281748, "Shape_Leng": 225.178281748, "Empresa": 0, "PROYECTO": "", "DIAMETRO": 0}, "geometry": {"type": "LineString", "coordinates": [[-76.2472737, 3.2725186], [-76.247271, 3.2738156], [-76.2480036, 3.2738803]]}}, {"type": "Feature", "properties": {"OBJECTID": 329, "ID": 0, "DETALLE": 0.0, "SECTOR": 0.0, "ZONA": 0.0, "long": 77.7602958244, "Shape_Leng": 77.7602958244, "Empresa": 0, "PROYECTO": "", "DIAMETRO": 0}, "geometry": {"type": "LineString", "coordinates": [[-76.2460189, 3.2714683], [-76.2460432, 3.272171]]}}, {"type": "Feature", "properties": {"OBJECTID": 330, "ID": 0, "DETALLE": 0.0, "SECTOR": 0.0, "ZONA": 0.0, "long": 155.073733264, "Shape_Leng": 155.073733264, "Empresa": 0, "PROYECTO": "", "DIAMETRO": 0}, "geometry": {"type": "LineString", "coordinates": [[-76.2460432, 3.272171], [-76.2460799, 3.2735728]]}}, {"type": "Feature", "properties": {"OBJECTID": 331, "ID": 0, "DETALLE": 0.0, "SECTOR": 0.0, "ZONA": 0.0, "long": 282.892484319, "Shape_Leng": 282.892484319, "Empresa": 0, "PROYECTO": "", "DIAMETRO": 0}, "geometry": {"type": "LineString", "coordinates": [[-76.2447492, 3.271817], [-76.2447467, 3.2736608], [-76.2448018, 3.2737222], [-76.2454301, 3.2737154]]}}, {"type": "Feature", "properties": {"OBJECTID": 332, "ID": 0, "DETALLE": 0.0, "SECTOR": 0.0, "ZONA": 0.0, "long": 300.434838163, "Shape_Leng": 300.434838163, "Empresa": 0, "PROYECTO": "", "DIAMETRO": 0}, "geometry": {"type": "LineString", "coordinates": [[-76.2460697, 3.269233], [-76.2462901, 3.2700306], [-76.2465544, 3.271091], [-76.2460118, 3.2712795], [-76.2460199, 3.271498], [-76.2460199, 3.2714979]]}}, {"type": "Feature", "properties": {"OBJECTID": 333, "ID": 0, "DETALLE": 0.0, "SECTOR": 0.0, "ZONA": 0.0, "long": 42.36853704, "Shape_Leng": 42.36853704, "Empresa": 0, "PROYECTO": "", "DIAMETRO": 0}, "geometry": {"type": "LineString", "coordinates": [[-76.2447492, 3.271817], [-76.2447523, 3.2714339]]}}, {"type": "Feature", "properties": {"OBJECTID": 334, "ID": 0, "DETALLE": 0.0, "SECTOR": 0.0, "ZONA": 0.0, "long": 123.607188135, "Shape_Leng": 123.607188135, "Empresa": 0, "PROYECTO": "", "DIAMETRO": 0}, "geometry": {"type": "LineString", "coordinates": [[-76.2447523, 3.2714339], [-76.24476, 3.2703162]]}}, {"type": "Feature", "properties": {"OBJECTID": 335, "ID": 0, "DETALLE": 0.0, "SECTOR": 0.0, "ZONA": 0.0, "long": 143.941058877, "Shape_Leng": 143.941058877, "Empresa": 0, "PROYECTO": "", "DIAMETRO": 0}, "geometry": {"type": "LineString", "coordinates": [[-76.24476, 3.2703162], [-76.2447693, 3.2690146]]}}, {"type": "Feature", "properties": {"OBJECTID": 336, "ID": 0, "DETALLE": 0.0, "SECTOR": 0.0, "ZONA": 0.0, "long": 262.389392057, "Shape_Leng": 262.389392057, "Empresa": 0, "PROYECTO": "", "DIAMETRO": 0}, "geometry": {"type": "LineString", "coordinates": [[-76.239472, 3.2720405], [-76.2396964, 3.2721992], [-76.2405609, 3.2722149], [-76.2417825, 3.2722273]]}}, {"type": "Feature", "properties": {"OBJECTID": 337, "ID": 0, "DETALLE": 0.0, "SECTOR": 0.0, "ZONA": 0.0, "long": 129.663378268, "Shape_Leng": 129.663378268, "Empresa": 0, "PROYECTO": "", "DIAMETRO": 0}, "geometry": {"type": "LineString", "coordinates": [[-76.2395809, 3.2713061], [-76.2407473, 3.2713263]]}}, {"type": "Feature", "properties": {"OBJECTID": 338, "ID": 0, "DETALLE": 0.0, "SECTOR": 0.0, "ZONA": 0.0, "long": 135.707293466, "Shape_Leng": 135.707293466, "Empresa": 0, "PROYECTO": "", "DIAMETRO": 0}, "geometry": {"type": "LineString", "coordinates": [[-76.2407473, 3.2713263], [-76.2419653, 3.2714117]]}}, {"type": "Feature", "properties": {"OBJECTID": 339, "ID": 0, "DETALLE": 0.0, "SECTOR": 0.0, "ZONA": 0.0, "long": 242.063399121, "Shape_Leng": 242.063399121, "Empresa": 0, "PROYECTO": "", "DIAMETRO": 0}, "geometry": {"type": "LineString", "coordinates": [[-76.242006, 3.2713717], [-76.2418477, 3.2716123], [-76.2417825, 3.2722273], [-76.2417377, 3.2726733], [-76.2418625, 3.2727121], [-76.2419659, 3.2728083], [-76.2419683, 3.2728845], [-76.2423492, 3.2731815]]}}, {"type": "Feature", "properties": {"OBJECTID": 340, "ID": 0, "DETALLE": 0.0, "SECTOR": 0.0, "ZONA": 0.0, "long": 236.502377791, "Shape_Leng": 236.502377791, "Empresa": 0, "PROYECTO": "", "DIAMETRO": 8}, "geometry": {"type": "LineString", "coordinates": [[-76.2643944, 3.2529222], [-76.2622669, 3.2529565]]}}, {"type": "Feature", "properties": {"OBJECTID": 341, "ID": 0, "DETALLE": 0.0, "SECTOR": 0.0, "ZONA": 0.0, "long": 253.706643789, "Shape_Leng": 253.706643789, "Empresa": 0, "PROYECTO": "", "DIAMETRO": 0}, "geometry": {"type": "LineString", "coordinates": [[-76.2767416, 3.2820038], [-76.2765368, 3.2821928], [-76.2758418, 3.2825533], [-76.2747523, 3.2831104]]}}, {"type": "Feature", "properties": {"OBJECTID": 342, "ID": 0, "DETALLE": 0.0, "SECTOR": 0.0, "ZONA": 0.0, "long": 28.0731687896, "Shape_Leng": 28.0731687896, "Empresa": 0, "PROYECTO": "", "DIAMETRO": 0}, "geometry": {"type": "LineString", "coordinates": [[-76.2747523, 3.2831104], [-76.2747584, 3.2833642]]}}, {"type": "Feature", "properties": {"OBJECTID": 343, "ID": 0, "DETALLE": 0.0, "SECTOR": 0.0, "ZONA": 0.0, "long": 153.984010745, "Shape_Leng": 153.984010745, "Empresa": 0, "PROYECTO": "", "DIAMETRO": 8}, "geometry": {"type": "LineString", "coordinates": [[-76.2673402, 3.2807205], [-76.2672685, 3.282111]]}}, {"type": "Feature", "properties": {"OBJECTID": 344, "ID": 0, "DETALLE": 0.0, "SECTOR": 0.0, "ZONA": 0.0, "long": 154.608924066, "Shape_Leng": 154.608924066, "Empresa": 0, "PROYECTO": "", "DIAMETRO": 0}, "geometry": {"type": "LineString", "coordinates": [[-76.2767416, 3.2820038], [-76.2768571, 3.2806106]]}}, {"type": "Feature", "properties": {"OBJECTID": 345, "ID": 0, "DETALLE": 0.0, "SECTOR": 0.0, "ZONA": 0.0, "long": 214.766300569, "Shape_Leng": 214.766300569, "Empresa": 0, "PROYECTO": "", "DIAMETRO": 6}, "geometry": {"type": "LineString", "coordinates": [[-76.2768571, 3.2806106], [-76.2750466, 3.2801287], [-76.2749878, 3.2801207]]}}, {"type": "Feature", "properties": {"OBJECTID": 347, "ID": 0, "DETALLE": 0.0, "SECTOR": 0.0, "ZONA": 0.0, "long": 144.17994266, "Shape_Leng": 144.17994266, "Empresa": 0, "PROYECTO": "", "DIAMETRO": 0}, "geometry": {"type": "LineString", "coordinates": [[-76.2731684, 3.279875], [-76.273274, 3.2785756]]}}, {"type": "Feature", "properties": {"OBJECTID": 348, "ID": 0, "DETALLE": 0.0, "SECTOR": 0.0, "ZONA": 0.0, "long": 258.240131664, "Shape_Leng": 258.240131664, "Empresa": 0, "PROYECTO": "", "DIAMETRO": 6}, "geometry": {"type": "LineString", "coordinates": [[-76.2629506, 3.2870235], [-76.2609319, 3.2881794]]}}, {"type": "Feature", "properties": {"OBJECTID": 349, "ID": 0, "DETALLE": 0.0, "SECTOR": 0.0, "ZONA": 0.0, "long": 5.77445146322, "Shape_Leng": 5.77445146322, "Empresa": 0, "PROYECTO": "", "DIAMETRO": 0}, "geometry": {"type": "LineString", "coordinates": [[-76.3687249, 3.3580052], [-76.3686916, 3.3580453]]}}, {"type": "Feature", "properties": {"OBJECTID": 350, "ID": 0, "DETALLE": 0.0, "SECTOR": 0.0, "ZONA": 0.0, "long": 8.06772391056, "Shape_Leng": 8.06772391056, "Empresa": 0, "PROYECTO": "", "DIAMETRO": 0}, "geometry": {"type": "LineString", "coordinates": [[-76.3676109, 3.356759], [-76.3676576, 3.3567032]]}}, {"type": "Feature", "properties": {"OBJECTID": 351, "ID": 0, "DETALLE": 0.0, "SECTOR": 0.0, "ZONA": 0.0, "long": 120.545161814, "Shape_Leng": 120.545161814, "Empresa": 0, "PROYECTO": "", "DIAMETRO": 0}, "geometry": {"type": "LineString", "coordinates": [[-76.2353354, 3.2743787], [-76.2356048, 3.2733228]]}}, {"type": "Feature", "properties": {"OBJECTID": 352, "ID": 0, "DETALLE": 0.0, "SECTOR": 0.0, "ZONA": 0.0, "long": 138.423817296, "Shape_Leng": 138.423817296, "Empresa": 0, "PROYECTO": "", "DIAMETRO": 0}, "geometry": {"type": "LineString", "coordinates": [[-76.2472747, 3.2711423], [-76.2472752, 3.2698906]]}}, {"type": "Feature", "properties": {"OBJECTID": 353, "ID": 0, "DETALLE": 0.0, "SECTOR": 0.0, "ZONA": 0.0, "long": 81.8309590569, "Shape_Leng": 81.8309590569, "Empresa": 0, "PROYECTO": "", "DIAMETRO": 0}, "geometry": {"type": "LineString", "coordinates": [[-76.2488475, 3.2706587], [-76.2487057, 3.2699326]]}}, {"type": "Feature", "properties": {"OBJECTID": 354, "ID": 0, "DETALLE": 0.0, "SECTOR": 0.0, "ZONA": 0.0, "long": 127.513416892, "Shape_Leng": 127.513416892, "Empresa": 0, "PROYECTO": "", "DIAMETRO": 0}, "geometry": {"type": "LineString", "coordinates": [[-76.2431538, 3.2712391], [-76.2420067, 3.2712502]]}}, {"type": "Feature", "properties": {"OBJECTID": 355, "ID": 0, "DETALLE": 0.0, "SECTOR": 0.0, "ZONA": 0.0, "long": 13.3340270182, "Shape_Leng": 13.3340270182, "Empresa": 0, "PROYECTO": "", "DIAMETRO": 0}, "geometry": {"type": "LineString", "coordinates": [[-76.2434197, 3.2745245], [-76.2434385, 3.2746436]]}}, {"type": "Feature", "properties": {"OBJECTID": 356, "ID": 0, "DETALLE": 0.0, "SECTOR": 0.0, "ZONA": 0.0, "long": 486.288342513, "Shape_Leng": 486.288342513, "Empresa": 0, "PROYECTO": "", "DIAMETRO": 0}, "geometry": {"type": "LineString", "coordinates": [[-76.2622669, 3.2693529], [-76.2622831, 3.2659919], [-76.2633134, 3.265957]]}}, {"type": "Feature", "properties": {"OBJECTID": 357, "ID": 0, "DETALLE": 0.0, "SECTOR": 0.0, "ZONA": 0.0, "long": 245.918297549, "Shape_Leng": 245.918297549, "Empresa": 0, "PROYECTO": "", "DIAMETRO": 0}, "geometry": {"type": "LineString", "coordinates": [[-76.2598498, 3.2694318], [-76.2598609, 3.2672082]]}}, {"type": "Feature", "properties": {"OBJECTID": 358, "ID": 0, "DETALLE": 0.0, "SECTOR": 0.0, "ZONA": 0.0, "long": 11.3027968904, "Shape_Leng": 11.3027968904, "Empresa": 0, "PROYECTO": "", "DIAMETRO": 0}, "geometry": {"type": "LineString", "coordinates": [[-76.2536732, 3.274282], [-76.2536529, 3.2743822]]}}, {"type": "Feature", "properties": {"OBJECTID": 359, "ID": 0, "DETALLE": 0.0, "SECTOR": 0.0, "ZONA": 0.0, "long": 18.5542582812, "Shape_Leng": 18.5542582812, "Empresa": 0, "PROYECTO": "", "DIAMETRO": 0}, "geometry": {"type": "LineString", "coordinates": [[-76.2522872, 3.2738819], [-76.2522423, 3.2740435]]}}, {"type": "Feature", "properties": {"OBJECTID": 371, "ID": 0, "DETALLE": 0.0, "SECTOR": 126.0, "ZONA": 0.0, "long": 441.286427368, "Shape_Leng": 441.286427368, "Empresa": 0, "PROYECTO": "", "DIAMETRO": 0}, "geometry": {"type": "LineString", "coordinates": [[-76.426049, 3.2718449], [-76.4262776, 3.2719139], [-76.4274285, 3.2720114], [-76.4289456, 3.2721396], [-76.4291313, 3.2722259], [-76.4294166, 3.2726567], [-76.4296307, 3.2729153]]}}, {"type": "Feature", "properties": {"OBJECTID": 372, "ID": 0, "DETALLE": 0.0, "SECTOR": 126.0, "ZONA": 0.0, "long": 409.947026579, "Shape_Leng": 409.947026579, "Empresa": 0, "PROYECTO": "", "DIAMETRO": 0}, "geometry": {"type": "LineString", "coordinates": [[-76.4234516, 3.2693096], [-76.4236515, 3.269267], [-76.4255798, 3.2717624], [-76.4258674, 3.2719454]]}}, {"type": "Feature", "properties": {"OBJECTID": 373, "ID": 0, "DETALLE": 0.0, "SECTOR": 126.0, "ZONA": 0.0, "long": 23.0389579621, "Shape_Leng": 23.0389579621, "Empresa": 0, "PROYECTO": "", "DIAMETRO": 0}, "geometry": {"type": "LineString", "coordinates": [[-76.4258674, 3.2719454], [-76.426049, 3.2718449]]}}, {"type": "Feature", "properties": {"OBJECTID": 374, "ID": 0, "DETALLE": 0.0, "SECTOR": 126.0, "ZONA": 0.0, "long": 180.051073115, "Shape_Leng": 180.051073115, "Empresa": 0, "PROYECTO": "", "DIAMETRO": 0}, "geometry": {"type": "LineString", "coordinates": [[-76.4300897, 3.2722835], [-76.4315389, 3.273011]]}}, {"type": "Feature", "properties": {"OBJECTID": 375, "ID": 0, "DETALLE": 0.0, "SECTOR": 126.0, "ZONA": 0.0, "long": 85.4512934856, "Shape_Leng": 85.4512934856, "Empresa": 0, "PROYECTO": "", "DIAMETRO": 0}, "geometry": {"type": "LineString", "coordinates": [[-76.429649, 3.2729166], [-76.4299028, 3.2725524], [-76.4300897, 3.2722835]]}}, {"type": "Feature", "properties": {"OBJECTID": 376, "ID": 0, "DETALLE": 0.0, "SECTOR": 126.0, "ZONA": 0.0, "long": 224.01390398, "Shape_Leng": 224.01390398, "Empresa": 0, "PROYECTO": "", "DIAMETRO": 0}, "geometry": {"type": "LineString", "coordinates": [[-76.4331997, 3.2676171], [-76.435056, 3.2684062]]}}, {"type": "Feature", "properties": {"OBJECTID": 377, "ID": 0, "DETALLE": 0.0, "SECTOR": 126.0, "ZONA": 0.0, "long": 621.337715413, "Shape_Leng": 621.337715413, "Empresa": 0, "PROYECTO": "", "DIAMETRO": 0}, "geometry": {"type": "LineString", "coordinates": [[-76.4300897, 3.2722835], [-76.4332097, 3.2676213]]}}, {"type": "Feature", "properties": {"OBJECTID": 378, "ID": 0, "DETALLE": 0.0, "SECTOR": 0.0, "ZONA": 0.0, "long": 501.324732141, "Shape_Leng": 501.324732141, "Empresa": 0, "PROYECTO": "", "DIAMETRO": 0}, "geometry": {"type": "LineString", "coordinates": [[-76.3761077, 3.358181], [-76.3749884, 3.3591489], [-76.3730457, 3.3568065]]}}, {"type": "Feature", "properties": {"OBJECTID": 379, "ID": 0, "DETALLE": 0.0, "SECTOR": 0.0, "ZONA": 0.0, "long": 293.994615794, "Shape_Leng": 293.994615794, "Empresa": 0, "PROYECTO": "", "DIAMETRO": 0}, "geometry": {"type": "LineString", "coordinates": [[-76.3730457, 3.3568065], [-76.37132, 3.3547917]]}}, {"type": "Feature", "properties": {"OBJECTID": 380, "ID": 0, "DETALLE": 0.0, "SECTOR": 0.0, "ZONA": 0.0, "long": 507.522568661, "Shape_Leng": 507.522568661, "Empresa": 0, "PROYECTO": "", "DIAMETRO": 0}, "geometry": {"type": "LineString", "coordinates": [[-76.3686915, 3.3645318], [-76.3657491, 3.3610222]]}}, {"type": "Feature", "properties": {"OBJECTID": 381, "ID": 0, "DETALLE": 0.0, "SECTOR": 0.0, "ZONA": 0.0, "long": 178.58094609, "Shape_Leng": 178.58094609, "Empresa": 0, "PROYECTO": "", "DIAMETRO": 0}, "geometry": {"type": "LineString", "coordinates": [[-76.3773236, 3.3532464], [-76.3784247, 3.3520703]]}}, {"type": "Feature", "properties": {"OBJECTID": 382, "ID": 0, "DETALLE": 0.0, "SECTOR": 0.0, "ZONA": 0.0, "long": 532.346548094, "Shape_Leng": 532.346548094, "Empresa": 0, "PROYECTO": "", "DIAMETRO": 0}, "geometry": {"type": "LineString", "coordinates": [[-76.3605789, 3.370701], [-76.3616512, 3.3703427], [-76.3629024, 3.3698433], [-76.3644227, 3.3680905]]}}, {"type": "Feature", "properties": {"OBJECTID": 383, "ID": 0, "DETALLE": 0.0, "SECTOR": 0.0, "ZONA": 0.0, "long": 174.91985007, "Shape_Leng": 174.91985007, "Empresa": 0, "PROYECTO": "", "DIAMETRO": 0}, "geometry": {"type": "LineString", "coordinates": [[-76.3559967, 3.3756419], [-76.3550363, 3.3768951]]}}, {"type": "Feature", "properties": {"OBJECTID": 384, "ID": 0, "DETALLE": 0.0, "SECTOR": 0.0, "ZONA": 0.0, "long": 122.622794273, "Shape_Leng": 122.622794273, "Empresa": 0, "PROYECTO": "", "DIAMETRO": 0}, "geometry": {"type": "LineString", "coordinates": [[-76.3561807, 3.3756762], [-76.3570472, 3.3763626]]}}, {"type": "Feature", "properties": {"OBJECTID": 385, "ID": 0, "DETALLE": 0.0, "SECTOR": 0.0, "ZONA": 0.0, "long": 1568.76581729, "Shape_Leng": 1568.76581729, "Empresa": 0, "PROYECTO": "", "DIAMETRO": 0}, "geometry": {"type": "LineString", "coordinates": [[-76.2731866, 3.3810167], [-76.2863826, 3.386053]]}}, {"type": "Feature", "properties": {"OBJECTID": 388, "ID": 0, "DETALLE": 0.0, "SECTOR": 0.0, "ZONA": 0.0, "long": 208.397842848, "Shape_Leng": 208.397842848, "Empresa": 0, "PROYECTO": "", "DIAMETRO": 0}, "geometry": {"type": "LineString", "coordinates": [[-76.2935297, 3.3846475], [-76.2917522, 3.3840472]]}}]}