{"type": "FeatureCollection", "name": "VIAS DE ACCESO", "crs": {"type": "name", "properties": {"name": "urn:ogc:def:crs:OGC:1.3:CRS84"}}, "features": [{"type": "Feature", "properties": {"OBJECTID": 1, "Shape_Leng": 54.7422974249, "RUTA": null}, "geometry": {"type": "LineString", "coordinates": [[-76.4885383, 3.013557], [-76.4886489, 3.0133082], [-76.4886399, 3.0132755], [-76.4885678, 3.013246], [-76.488465, 3.0132076]]}}, {"type": "Feature", "properties": {"OBJECTID": 2, "Shape_Leng": 134.38290685, "RUTA": null}, "geometry": {"type": "LineString", "coordinates": [[-76.4884867, 3.0131551], [-76.4886519, 3.0132181], [-76.4886748, 3.0132186], [-76.4887021, 3.0131942], [-76.4887245, 3.0131595], [-76.4888969, 3.0127577], [-76.4890192, 3.0124853], [-76.489021, 3.012461], [-76.4890052, 3.0124371], [-76.4889508, 3.0124093], [-76.4888698, 3.012383]]}}, {"type": "Feature", "properties": {"OBJECTID": 3, "Shape_Leng": 29.4984059045, "RUTA": null}, "geometry": {"type": "LineString", "coordinates": [[-76.4888835, 3.0123457], [-76.4889706, 3.0123779], [-76.489006, 3.012387], [-76.4890477, 3.0123857], [-76.4890859, 3.012367], [-76.4890953, 3.0123571], [-76.4891106, 3.012322]]}}, {"type": "Feature", "properties": {"OBJECTID": 4, "Shape_Leng": 142.377621379, "RUTA": null}, "geometry": {"type": "LineString", "coordinates": [[-76.4886043, 3.0135571], [-76.4886207, 3.0135203], [-76.4889112, 3.0128376], [-76.4890261, 3.0125964], [-76.4891423, 3.0123899]]}}, {"type": "Feature", "properties": {"OBJECTID": 5, "Shape_Leng": 2916.28409138, "RUTA": null}, "geometry": {"type": "LineString", "coordinates": [[-76.4704956, 3.0569207], [-76.4701427, 3.0570272], [-76.4699933, 3.0570897], [-76.4697019, 3.0572286], [-76.4690694, 3.0575535], [-76.4686982, 3.0577386], [-76.4686246, 3.0577643], [-76.4685964, 3.0577686], [-76.468526, 3.0577784], [-76.4684791, 3.0577825], [-76.4683142, 3.0577854], [-76.4674502, 3.0577983], [-76.4672874, 3.0577986], [-76.4672223, 3.0577973], [-76.4671313, 3.0577779], [-76.4670496, 3.0577454], [-76.4661153, 3.0572996], [-76.4654446, 3.0569471], [-76.4650888, 3.0567724], [-76.4650257, 3.0567535], [-76.4649497, 3.0567422], [-76.4648674, 3.0567536], [-76.4647939, 3.0567766], [-76.4647148, 3.0568017], [-76.464604, 3.0568003], [-76.4642836, 3.0566481], [-76.4642361, 3.0566073], [-76.4642226, 3.0565524], [-76.4642543, 3.0564685], [-76.4644972, 3.0559075], [-76.4647259, 3.0554109], [-76.4649613, 3.0549188], [-76.4652095, 3.054389], [-76.4652542, 3.0543335], [-76.4653253, 3.0542782], [-76.4657874, 3.0540473], [-76.4658238, 3.0540107], [-76.4658592, 3.0539293], [-76.4660711, 3.0531639], [-76.4660838, 3.0531265], [-76.4660784, 3.053048], [-76.4660438, 3.0529987], [-76.4658213, 3.0527867], [-76.4654617, 3.0524709], [-76.4653252, 3.05234], [-76.4652588, 3.0522595], [-76.4651983, 3.0521623], [-76.4647934, 3.0513231], [-76.4647556, 3.0512702], [-76.4646906, 3.0512078], [-76.4647359, 3.0511142], [-76.4647651, 3.0511272], [-76.4648048, 3.0511543], [-76.4648371, 3.0512032], [-76.4652558, 3.0520877], [-76.4653138, 3.0522028], [-76.465389, 3.0523056], [-76.4655095, 3.0524376], [-76.4655955, 3.0525302], [-76.4656955, 3.0526105], [-76.4657344, 3.0526444], [-76.4660559, 3.0529179], [-76.4661193, 3.0530006], [-76.4661417, 3.0530473], [-76.4661453, 3.0530886], [-76.4659118, 3.0539409], [-76.4658748, 3.0540372], [-76.4658475, 3.054074], [-76.4658102, 3.0541019], [-76.4654141, 3.0543015], [-76.4653498, 3.0543371], [-76.4652994, 3.054374], [-76.4652621, 3.0544266], [-76.4649724, 3.0549955], [-76.4646763, 3.0556248], [-76.4644478, 3.0561497], [-76.4644129, 3.0562453], [-76.4644042, 3.0562998], [-76.4644103, 3.0563424], [-76.4644276, 3.0563798], [-76.4644473, 3.0564048], [-76.4648767, 3.0566109], [-76.4659552, 3.0571493], [-76.4669845, 3.0576671], [-76.4670763, 3.0577017], [-76.4671621, 3.0577331], [-76.4672623, 3.0577468], [-76.4684259, 3.0577308], [-76.4685672, 3.0577242], [-76.468636, 3.0577159], [-76.4686986, 3.057684], [-76.4692507, 3.0574051], [-76.4700331, 3.0570064], [-76.4704957, 3.0568463]]}}, {"type": "Feature", "properties": {"OBJECTID": 10, "Shape_Leng": 1741.12431539, "RUTA": null}, "geometry": {"type": "LineString", "coordinates": [[-76.4472209, 3.0522562], [-76.4499385, 3.0538543], [-76.4503984, 3.0541321], [-76.450494, 3.0541862], [-76.4505839, 3.0542257], [-76.4507264, 3.0542739], [-76.4524349, 3.0548471], [-76.4541096, 3.0554211], [-76.4550417, 3.0557414], [-76.4561751, 3.0561275], [-76.4579872, 3.0567319], [-76.4595843, 3.0572677], [-76.459772, 3.0573441], [-76.4598871, 3.05739], [-76.4599939, 3.0574476], [-76.4601158, 3.057534], [-76.4601966, 3.057598], [-76.4611818, 3.0586589], [-76.4612704, 3.0587552]]}}, {"type": "Feature", "properties": {"OBJECTID": 11, "Shape_Leng": 1408.89094459, "RUTA": null}, "geometry": {"type": "LineString", "coordinates": [[-76.481535, 3.0451848], [-76.4832138, 3.0457534], [-76.4845571, 3.0462136], [-76.4862528, 3.0467798], [-76.48638, 3.0468369], [-76.4865929, 3.0469614], [-76.4867042, 3.0470593], [-76.4870328, 3.0474278], [-76.4872383, 3.0476378], [-76.4874788, 3.0477313], [-76.4874829, 3.0477324], [-76.4876835, 3.0477525], [-76.4878868, 3.0477386], [-76.4896219, 3.047269], [-76.4911138, 3.0468754], [-76.4912406, 3.0468104], [-76.4912752, 3.0467784], [-76.492698, 3.0455944], [-76.4928509, 3.0454671], [-76.4929523, 3.0454437], [-76.4929832, 3.0454498]]}}, {"type": "Feature", "properties": {"OBJECTID": 12, "Shape_Leng": 615.726833511, "RUTA": null}, "geometry": {"type": "LineString", "coordinates": [[-76.488754, 3.0306189], [-76.4884416, 3.029596], [-76.4881577, 3.0287152], [-76.487827, 3.0276779], [-76.487501, 3.0266304], [-76.4872715, 3.025917], [-76.4872178, 3.0257411], [-76.4870861, 3.0253095]]}}, {"type": "Feature", "properties": {"OBJECTID": 13, "Shape_Leng": 14.2527136013, "RUTA": null}, "geometry": {"type": "LineString", "coordinates": [[-76.4826476, 3.0235638], [-76.4827754, 3.0235743]]}}, {"type": "Feature", "properties": {"OBJECTID": 14, "Shape_Leng": 312.913476255, "RUTA": null}, "geometry": {"type": "LineString", "coordinates": [[-76.4834835, 3.0225044], [-76.4834714, 3.0224751], [-76.4834128, 3.0223703], [-76.4833478, 3.0223192], [-76.4832049, 3.0223012], [-76.4829889, 3.0222879], [-76.4829794, 3.0223545], [-76.4829688, 3.0223667], [-76.4829364, 3.0223702], [-76.4823782, 3.0223313], [-76.4823645, 3.0223344], [-76.4823563, 3.0223467], [-76.4823516, 3.0223684], [-76.4823196, 3.022827], [-76.4823116, 3.0228457], [-76.4823022, 3.0228898], [-76.4822702, 3.0233282], [-76.482275, 3.0233675], [-76.4822799, 3.0234064], [-76.4823123, 3.0234468], [-76.4823489, 3.0234539], [-76.4824386, 3.0234725], [-76.4826378, 3.0234842], [-76.4826428, 3.0234073]]}}, {"type": "Feature", "properties": {"OBJECTID": 15, "Shape_Leng": 53.3247565601, "RUTA": null}, "geometry": {"type": "LineString", "coordinates": [[-76.4835854, 3.0225071], [-76.4836077, 3.0224503], [-76.4836266, 3.0224208], [-76.483644, 3.0224036], [-76.4837013, 3.0223563], [-76.4837458, 3.022334], [-76.4837889, 3.0223293], [-76.4838393, 3.0223547], [-76.4838667, 3.0223991], [-76.4838813, 3.0224385], [-76.4838904, 3.0224799]]}}, {"type": "Feature", "properties": {"OBJECTID": 16, "Shape_Leng": 280.42145571, "RUTA": null}, "geometry": {"type": "LineString", "coordinates": [[-76.4830588, 3.0235664], [-76.4833427, 3.0235521], [-76.4834062, 3.0235538], [-76.4837783, 3.023571], [-76.4839566, 3.0235845], [-76.4839995, 3.0235925], [-76.4840586, 3.0236087], [-76.4841028, 3.0236295], [-76.4841498, 3.0236534], [-76.4841447, 3.0237239], [-76.4842449, 3.0237162], [-76.4842384, 3.0235933], [-76.484144, 3.0235901], [-76.4841354, 3.0235546], [-76.4841039, 3.0235346], [-76.4837584, 3.0235347], [-76.4834714, 3.0235111], [-76.4833944, 3.0234889], [-76.4833639, 3.0234629], [-76.483326, 3.0234158], [-76.4833011, 3.0233621], [-76.4833059, 3.0232787]]}}, {"type": "Feature", "properties": {"OBJECTID": 17, "Shape_Leng": 334.812342549, "RUTA": null}, "geometry": {"type": "LineString", "coordinates": [[-76.484019, 3.0225134], [-76.4840269, 3.0224875], [-76.4840363, 3.0224384], [-76.4840533, 3.0223992], [-76.4840887, 3.0223645], [-76.4841364, 3.022351], [-76.4842925, 3.0223593], [-76.4842976, 3.0222947], [-76.483043, 3.0222175], [-76.4825367, 3.0221954], [-76.4822448, 3.0221919], [-76.4822325, 3.02221], [-76.4822193, 3.022247], [-76.4821995, 3.0224577], [-76.4821801, 3.0224773], [-76.4821554, 3.0225018], [-76.4821101, 3.0225119], [-76.4820901, 3.0224999], [-76.4820645, 3.0224811], [-76.4820499, 3.0224618], [-76.4820389, 3.0224359], [-76.482032, 3.0224068]]}}, {"type": "Feature", "properties": {"OBJECTID": 18, "Shape_Leng": 199.511951348, "RUTA": null}, "geometry": {"type": "LineString", "coordinates": [[-76.4846198, 3.0179692], [-76.4846364, 3.0179801], [-76.4846704, 3.0179858], [-76.4847286, 3.0179532], [-76.4847467, 3.017922], [-76.4847785, 3.0178542], [-76.4849177, 3.0175198], [-76.4850103, 3.0173029], [-76.4851012, 3.0171175], [-76.4851597, 3.016986], [-76.4851674, 3.0169556], [-76.485178, 3.0169005], [-76.4851835, 3.0168359], [-76.4851672, 3.016793], [-76.4851111, 3.0167659], [-76.4850555, 3.0167449], [-76.4847666, 3.0166631]]}}, {"type": "Feature", "properties": {"OBJECTID": 19, "Shape_Leng": 167.302257003, "RUTA": null}, "geometry": {"type": "LineString", "coordinates": [[-76.484781, 3.0166157], [-76.4848942, 3.016647], [-76.485179, 3.0167299], [-76.4851958, 3.0167295], [-76.4852131, 3.016722], [-76.4852396, 3.0166973], [-76.4852609, 3.0166344], [-76.4852689, 3.0165649], [-76.4852917, 3.0162948], [-76.4853108, 3.0158519], [-76.4853197, 3.0156783]]}}, {"type": "Feature", "properties": {"OBJECTID": 20, "Shape_Leng": 173.143206346, "RUTA": null}, "geometry": {"type": "LineString", "coordinates": [[-76.4863364, 3.0160286], [-76.4863624, 3.0160478], [-76.4863745, 3.016063], [-76.4863687, 3.01609], [-76.4863566, 3.0161303], [-76.4862738, 3.0162918], [-76.4862613, 3.0163072], [-76.4862389, 3.0163155], [-76.4862061, 3.0163136], [-76.4859199, 3.0161987], [-76.4856072, 3.016059], [-76.4853829, 3.0159733], [-76.4853682, 3.0159561], [-76.4853557, 3.0159371], [-76.4853525, 3.0158962], [-76.4853661, 3.0156926]]}}, {"type": "Feature", "properties": {"OBJECTID": 21, "Shape_Leng": 919.12674358, "RUTA": null}, "geometry": {"type": "LineString", "coordinates": [[-76.4852956, 3.0204768], [-76.4853175, 3.0204779], [-76.4853381, 3.0204754], [-76.4853641, 3.0204658], [-76.485386, 3.0204509], [-76.4854194, 3.020418], [-76.4854541, 3.0203583], [-76.4857296, 3.0197652], [-76.4859324, 3.0193352], [-76.486086, 3.019026], [-76.4862528, 3.0186696], [-76.4864144, 3.0183103], [-76.4865313, 3.0180489], [-76.4867206, 3.0176539], [-76.4868972, 3.0172838], [-76.4870293, 3.0169824], [-76.4871107, 3.0168052], [-76.4871185, 3.016782], [-76.4871146, 3.0167529], [-76.4870921, 3.0167221], [-76.487071, 3.0167079], [-76.4869768, 3.0166649], [-76.4868071, 3.0166092], [-76.4866857, 3.0165642], [-76.4863952, 3.0164449], [-76.4861571, 3.0163364], [-76.4858542, 3.016206], [-76.4855505, 3.016078], [-76.485396, 3.0160294], [-76.4853811, 3.0160312], [-76.4853507, 3.0160425], [-76.4853413, 3.0160716], [-76.4853474, 3.0161126], [-76.4853321, 3.0163936], [-76.4853131, 3.016569], [-76.4853005, 3.0166858], [-76.4852778, 3.0167803], [-76.4852424, 3.0168821], [-76.4851786, 3.0170367], [-76.484969, 3.0174766], [-76.484825, 3.0178287], [-76.4847605, 3.0179703], [-76.4847424, 3.0179967], [-76.4847129, 3.0180252], [-76.4846966, 3.018037], [-76.4846767, 3.0180453], [-76.4846618, 3.0180576], [-76.4846559, 3.0180693]]}}, {"type": "Feature", "properties": {"OBJECTID": 22, "Shape_Leng": 267.279322459, "RUTA": null}, "geometry": {"type": "LineString", "coordinates": [[-76.486409, 3.0164027], [-76.4863296, 3.0163656], [-76.4863222, 3.0163514], [-76.4863156, 3.0163238], [-76.4863282, 3.0162926], [-76.486418, 3.01609], [-76.4864331, 3.0160794], [-76.4864668, 3.0160811], [-76.4865057, 3.0160967], [-76.4869933, 3.0162945], [-76.487239, 3.0164041], [-76.4872619, 3.0164175], [-76.4872714, 3.0164379], [-76.4872657, 3.0164649], [-76.4871735, 3.0166803], [-76.4871622, 3.0166889], [-76.4871102, 3.0166769], [-76.4867689, 3.0165506], [-76.486409, 3.0164027]]}}, {"type": "Feature", "properties": {"OBJECTID": 23, "Shape_Leng": 103.031854491, "RUTA": null}, "geometry": {"type": "LineString", "coordinates": [[-76.4873382, 3.0163161], [-76.4873252, 3.0163409], [-76.4873123, 3.0163546], [-76.4872847, 3.016362], [-76.487239, 3.0163552], [-76.4871505, 3.0163249], [-76.4866766, 3.016124], [-76.4865034, 3.0160481], [-76.486498, 3.0160412]]}}, {"type": "Feature", "properties": {"OBJECTID": 24, "Shape_Leng": 84.6803372293, "RUTA": null}, "geometry": {"type": "LineString", "coordinates": [[-76.4873441, 3.0157129], [-76.4874918, 3.0157734], [-76.4875255, 3.0157909], [-76.4875349, 3.0158161], [-76.4875317, 3.0158567], [-76.4875113, 3.0159295], [-76.4873382, 3.0163161]]}}, {"type": "Feature", "properties": {"OBJECTID": 25, "Shape_Leng": 34.7444401162, "RUTA": null}, "geometry": {"type": "LineString", "coordinates": [[-76.4876121, 3.0156673], [-76.4875769, 3.0157378], [-76.4875629, 3.0157423], [-76.4875298, 3.0157386], [-76.4874841, 3.015719], [-76.4873584, 3.0156658]]}}, {"type": "Feature", "properties": {"OBJECTID": 26, "Shape_Leng": 117.183774724, "RUTA": null}, "geometry": {"type": "LineString", "coordinates": [[-76.4877391, 3.0147976], [-76.4879178, 3.0148713], [-76.4879286, 3.0148882], [-76.487932, 3.0149084], [-76.487924, 3.0149459], [-76.4877305, 3.0153971], [-76.4876121, 3.0156673]]}}, {"type": "Feature", "properties": {"OBJECTID": 27, "Shape_Leng": 18.0015924852, "RUTA": null}, "geometry": {"type": "LineString", "coordinates": [[-76.4878659, 3.0143817], [-76.4880133, 3.014449]]}}, {"type": "Feature", "properties": {"OBJECTID": 28, "Shape_Leng": 11.7026002667, "RUTA": null}, "geometry": {"type": "LineString", "coordinates": [[-76.4879614, 3.0140682], [-76.4880572, 3.014112]]}}, {"type": "Feature", "properties": {"OBJECTID": 29, "Shape_Leng": 75.0892772622, "RUTA": null}, "geometry": {"type": "LineString", "coordinates": [[-76.4880133, 3.014449], [-76.488101, 3.0144927], [-76.4881097, 3.0145113], [-76.4881069, 3.0145336], [-76.4879875, 3.0147974], [-76.487978, 3.0148081], [-76.4879491, 3.0148038], [-76.4878705, 3.0147775], [-76.4877589, 3.0147326]]}}, {"type": "Feature", "properties": {"OBJECTID": 30, "Shape_Leng": 85.3642983738, "RUTA": null}, "geometry": {"type": "LineString", "coordinates": [[-76.4880572, 3.014112], [-76.4882332, 3.0141868], [-76.4882521, 3.0142006], [-76.4882499, 3.0142159], [-76.4882415, 3.0142381], [-76.4881513, 3.0144398], [-76.4881376, 3.0144458], [-76.4880844, 3.0144324], [-76.4878767, 3.0143461]]}}, {"type": "Feature", "properties": {"OBJECTID": 31, "Shape_Leng": 98.1852734492, "RUTA": null}, "geometry": {"type": "LineString", "coordinates": [[-76.4879724, 3.0140321], [-76.4882163, 3.0141333], [-76.4882521, 3.014149], [-76.4882755, 3.0141449], [-76.488289, 3.0141347], [-76.4882974, 3.0141138], [-76.4883877, 3.0139057], [-76.4883907, 3.0138754], [-76.4883707, 3.0138494], [-76.4883287, 3.0138307], [-76.4881601, 3.0137604]]}}, {"type": "Feature", "properties": {"OBJECTID": 32, "Shape_Leng": 55.1871326033, "RUTA": null}, "geometry": {"type": "LineString", "coordinates": [[-76.4881977, 3.0137143], [-76.4883542, 3.0137722], [-76.4883937, 3.0137861], [-76.4884192, 3.0137883], [-76.4884444, 3.0137681], [-76.4885383, 3.013557]]}}, {"type": "Feature", "properties": {"OBJECTID": 33, "Shape_Leng": 1024.52373108, "RUTA": null}, "geometry": {"type": "LineString", "coordinates": [[-76.4853197, 3.0206528], [-76.4853162, 3.0206302], [-76.4853213, 3.0206054], [-76.4853354, 3.020569], [-76.4853589, 3.0205426], [-76.4853963, 3.0205292], [-76.4854287, 3.020496], [-76.4857707, 3.0197811], [-76.485984, 3.0193559], [-76.4862295, 3.0188447], [-76.4865234, 3.0181742], [-76.4869297, 3.0173168], [-76.4871996, 3.0167283], [-76.4874042, 3.0162685], [-76.4876467, 3.0156941], [-76.4879888, 3.0149193], [-76.488002, 3.0148994], [-76.48803, 3.0148953], [-76.4883569, 3.0150368], [-76.4886533, 3.0151732], [-76.4886848, 3.0151165], [-76.4883015, 3.014968], [-76.4880511, 3.0148522], [-76.4880409, 3.0148363], [-76.4880436, 3.014806], [-76.4880644, 3.0147509], [-76.4883228, 3.0141869], [-76.4883477, 3.0141293], [-76.4886043, 3.0135571]]}}, {"type": "Feature", "properties": {"OBJECTID": 34, "Shape_Leng": 154.354115819, "RUTA": null}, "geometry": {"type": "LineString", "coordinates": [[-76.490997, 3.0149085], [-76.4912256, 3.0147376], [-76.4912458, 3.0147222], [-76.4912658, 3.0146979], [-76.4912769, 3.0146742], [-76.4912597, 3.0146322], [-76.4910277, 3.0142053], [-76.4907536, 3.0137949]]}}, {"type": "Feature", "properties": {"OBJECTID": 35, "Shape_Leng": 167.178375438, "RUTA": null}, "geometry": {"type": "LineString", "coordinates": [[-76.4913722, 3.0156267], [-76.4915607, 3.0154838], [-76.49167, 3.0153893], [-76.491677, 3.0153811], [-76.4916829, 3.015359], [-76.4916692, 3.0153148], [-76.4914932, 3.0150019], [-76.4913397, 3.0147627], [-76.4913239, 3.014752], [-76.4913032, 3.0147497], [-76.4912787, 3.0147598], [-76.4912627, 3.0147733], [-76.4911066, 3.0148821], [-76.4909992, 3.0149484]]}}, {"type": "Feature", "properties": {"OBJECTID": 36, "Shape_Leng": 254.458913527, "RUTA": null}, "geometry": {"type": "LineString", "coordinates": [[-76.4922034, 3.0169324], [-76.4924111, 3.0168214], [-76.4925102, 3.016757], [-76.4925114, 3.0167478], [-76.4925048, 3.0167178], [-76.4922648, 3.0163041], [-76.4919672, 3.0158362], [-76.4917572, 3.0155023], [-76.4917059, 3.0154353], [-76.4916835, 3.0154308], [-76.4916604, 3.0154517], [-76.4915146, 3.0155627], [-76.4913945, 3.0156583]]}}, {"type": "Feature", "properties": {"OBJECTID": 37, "Shape_Leng": 634.867257647, "RUTA": null}, "geometry": {"type": "LineString", "coordinates": [[-76.4920783, 3.0171533], [-76.4911558, 3.0177741], [-76.4905541, 3.018177], [-76.4903248, 3.01834], [-76.4903013, 3.0183536], [-76.4902746, 3.018374], [-76.4902338, 3.0184151], [-76.4902205, 3.0184629], [-76.4902279, 3.0185698], [-76.4902981, 3.0191262], [-76.490304, 3.0191472], [-76.4903182, 3.0191787], [-76.4903612, 3.0191992], [-76.4906589, 3.0192499], [-76.4908218, 3.019289], [-76.4908503, 3.0192894], [-76.490894, 3.0192672], [-76.4909309, 3.0192025], [-76.490985, 3.0191152], [-76.491068, 3.0189888], [-76.4911293, 3.0189165], [-76.491213, 3.0188327], [-76.4913008, 3.0187604], [-76.4917076, 3.0184955], [-76.4923051, 3.0180925], [-76.4925177, 3.0179482]]}}, {"type": "Feature", "properties": {"OBJECTID": 38, "Shape_Leng": 917.037848363, "RUTA": null}, "geometry": {"type": "LineString", "coordinates": [[-76.4920536, 3.0171114], [-76.49161, 3.017419], [-76.4910192, 3.0178212], [-76.4905787, 3.018114], [-76.4905489, 3.0181344], [-76.4905319, 3.0181412], [-76.4905095, 3.0181392], [-76.4904845, 3.0181379], [-76.490465, 3.0181208], [-76.4904413, 3.0180916], [-76.4901324, 3.017638], [-76.4900917, 3.0176791], [-76.4904328, 3.0181588], [-76.4904392, 3.0181775], [-76.4904355, 3.0181978], [-76.4904162, 3.0182171], [-76.4902563, 3.0183309], [-76.4902429, 3.0183332], [-76.4902159, 3.0183281], [-76.4901741, 3.018272], [-76.4899061, 3.0178885], [-76.489878, 3.0179549], [-76.4900651, 3.0182135], [-76.4901405, 3.018351], [-76.4901576, 3.0183938], [-76.4901599, 3.018436], [-76.4902013, 3.0188583], [-76.4902358, 3.0191978], [-76.4902471, 3.019218], [-76.4902765, 3.0192287], [-76.490316, 3.0192425], [-76.4906707, 3.0193067], [-76.4908534, 3.0193358], [-76.4908942, 3.0193267], [-76.4909253, 3.019308], [-76.4909588, 3.0192703], [-76.4909926, 3.0192224], [-76.491095, 3.0190264], [-76.4911203, 3.0189902], [-76.4911562, 3.0189437], [-76.4912041, 3.0188888], [-76.4912842, 3.0188369], [-76.4914494, 3.0187195], [-76.4919166, 3.0184128], [-76.4923342, 3.0181378], [-76.4925847, 3.0179762]]}}, {"type": "Feature", "properties": {"OBJECTID": 39, "Shape_Leng": 96.2931857428, "RUTA": null}, "geometry": {"type": "LineString", "coordinates": [[-76.4929143, 3.0184927], [-76.4927347, 3.0187887], [-76.4925876, 3.0189514], [-76.4925597, 3.0189788], [-76.4925229, 3.0190227], [-76.4924915, 3.0190754], [-76.4924854, 3.0191175], [-76.4925075, 3.0191769], [-76.4925389, 3.0192017]]}}, {"type": "Feature", "properties": {"OBJECTID": 40, "Shape_Leng": 93.5898123824, "RUTA": null}, "geometry": {"type": "LineString", "coordinates": [[-76.4929427, 3.0185164], [-76.4928006, 3.0187414], [-76.4926821, 3.0189017], [-76.4926499, 3.0189366], [-76.4926077, 3.0189772], [-76.4925898, 3.0190101], [-76.4926027, 3.019041], [-76.4926188, 3.0190536], [-76.4927126, 3.0189497], [-76.4927394, 3.0189819]]}}, {"type": "Feature", "properties": {"OBJECTID": 41, "Shape_Leng": 184.932875772, "RUTA": null}, "geometry": {"type": "LineString", "coordinates": [[-76.4927337, 3.0178084], [-76.4929206, 3.0176657], [-76.4930554, 3.0175648], [-76.4930619, 3.017554], [-76.4930626, 3.017515], [-76.493026, 3.0174547], [-76.4927523, 3.0170898], [-76.4925659, 3.0168186], [-76.4925554, 3.016809], [-76.4925479, 3.0168019], [-76.4925207, 3.0167976], [-76.4924994, 3.0168055], [-76.4923592, 3.0169018], [-76.492263, 3.0169597]]}}, {"type": "Feature", "properties": {"OBJECTID": 42, "Shape_Leng": 261.509481772, "RUTA": null}, "geometry": {"type": "LineString", "coordinates": [[-76.4934977, 3.0190376], [-76.4935331, 3.0190204], [-76.4935884, 3.0189865], [-76.4938028, 3.0188361], [-76.493902, 3.0187741], [-76.4939135, 3.0187441], [-76.4939139, 3.0187059], [-76.4938947, 3.0186753], [-76.493582, 3.0182354], [-76.4932901, 3.017817], [-76.4931266, 3.0175939], [-76.4930979, 3.0175995], [-76.493062, 3.0176125], [-76.492892, 3.0177398], [-76.4927559, 3.0178296]]}}, {"type": "Feature", "properties": {"OBJECTID": 43, "Shape_Leng": 215.776501793, "RUTA": null}, "geometry": {"type": "LineString", "coordinates": [[-76.4940405, 3.0198961], [-76.4940726, 3.0198869], [-76.4941282, 3.0198496], [-76.4944157, 3.0196163], [-76.4944288, 3.0196012], [-76.4944297, 3.0195823], [-76.4944045, 3.0195331], [-76.4941813, 3.0191565], [-76.4939866, 3.0188263], [-76.4939668, 3.0188106], [-76.4939391, 3.0188028], [-76.4938988, 3.0188239], [-76.4938246, 3.0188747], [-76.4936507, 3.0189941], [-76.4935231, 3.0190907]]}}, {"type": "Feature", "properties": {"OBJECTID": 44, "Shape_Leng": 306.402038085, "RUTA": null}, "geometry": {"type": "LineString", "coordinates": [[-76.495194, 3.0209621], [-76.4951931, 3.0209618], [-76.4951542, 3.0209722], [-76.4951026, 3.0210033], [-76.4949077, 3.0211327], [-76.4948128, 3.0211311], [-76.4951666, 3.0209125], [-76.4951727, 3.020892], [-76.4951711, 3.0208684], [-76.4951609, 3.0208445], [-76.4949168, 3.020401], [-76.494613, 3.019866], [-76.4944825, 3.0196741], [-76.4944655, 3.0196673], [-76.4944453, 3.0196796], [-76.4944052, 3.0196995], [-76.4942108, 3.0198327], [-76.4940758, 3.0199369]]}}, {"type": "Feature", "properties": {"OBJECTID": 45, "Shape_Leng": 1426.62752023, "RUTA": null}, "geometry": {"type": "LineString", "coordinates": [[-76.4907888, 3.0137394], [-76.4912142, 3.0144231], [-76.4913265, 3.0146135], [-76.4913405, 3.0146226], [-76.4913679, 3.0146238], [-76.4914114, 3.0146061], [-76.4917217, 3.0144434], [-76.4919581, 3.0143161], [-76.4919799, 3.0143594], [-76.4916306, 3.0145409], [-76.4913975, 3.0146599], [-76.4913848, 3.0146712], [-76.4913774, 3.0146984], [-76.4913839, 3.0147268], [-76.4914397, 3.0148338], [-76.4915191, 3.0149525], [-76.4915504, 3.015004], [-76.4915662, 3.0150253], [-76.4915873, 3.0150238], [-76.4916413, 3.014996], [-76.491894, 3.0148769], [-76.4919125, 3.0149123], [-76.4916789, 3.0150404], [-76.491621, 3.015074], [-76.4916132, 3.0150868], [-76.4916117, 3.0151102], [-76.4916284, 3.0151417], [-76.4918483, 3.0155458], [-76.4918639, 3.0155697], [-76.4918914, 3.0155837], [-76.4919216, 3.0155785], [-76.4919442, 3.0155695], [-76.4922397, 3.0153848], [-76.4924305, 3.0152661], [-76.4924592, 3.0153186], [-76.4921059, 3.0155101], [-76.4919276, 3.0156271], [-76.491918, 3.0156481], [-76.4919261, 3.0156785], [-76.4920147, 3.015817], [-76.4920343, 3.0158417], [-76.4920649, 3.0158402], [-76.4922923, 3.0156891], [-76.4925652, 3.0155407], [-76.4925882, 3.0155803], [-76.492317, 3.0157252], [-76.4921227, 3.0158696], [-76.4921086, 3.0158827], [-76.4921018, 3.0159101], [-76.4921041, 3.0159428], [-76.4921774, 3.0160774], [-76.4925747, 3.0167196], [-76.4929428, 3.0172517], [-76.4933269, 3.0177752], [-76.4938611, 3.0185492], [-76.4942184, 3.0191148], [-76.4947013, 3.0199024], [-76.4949887, 3.0203994], [-76.4952234, 3.0208654]]}}, {"type": "Feature", "properties": {"OBJECTID": 46, "Shape_Leng": 274.548221672, "RUTA": null}, "geometry": {"type": "LineString", "coordinates": [[-76.5066152, 3.035395], [-76.506576, 3.0354047], [-76.5065494, 3.0354182], [-76.5064517, 3.035553], [-76.5067195, 3.0357247], [-76.5061504, 3.0366302], [-76.5058464, 3.0364182], [-76.5058629, 3.0363859], [-76.5058734, 3.0363379], [-76.5058391, 3.0362538], [-76.5058131, 3.0362095], [-76.5059646, 3.0360048]]}}, {"type": "Feature", "properties": {"OBJECTID": 47, "Shape_Leng": 249.437161532, "RUTA": null}, "geometry": {"type": "LineString", "coordinates": [[-76.5097069, 3.0375757], [-76.5097251, 3.0376028], [-76.5097388, 3.037629], [-76.5097449, 3.0376657], [-76.50974, 3.0376947], [-76.5096851, 3.0377857], [-76.5096719, 3.0377965], [-76.5096541, 3.0378106], [-76.5096049, 3.0378214], [-76.5095611, 3.0378158], [-76.5095218, 3.037792], [-76.5089064, 3.0373519], [-76.5088954, 3.0373369], [-76.5088829, 3.0373165], [-76.5088878, 3.03729], [-76.5088999, 3.0372683], [-76.5089653, 3.0371736], [-76.5090023, 3.0371555], [-76.5090488, 3.0371602], [-76.5091196, 3.0371927], [-76.5092026, 3.0372488], [-76.5097069, 3.0375757]]}}, {"type": "Feature", "properties": {"OBJECTID": 48, "Shape_Leng": 804.372650855, "RUTA": null}, "geometry": {"type": "LineString", "coordinates": [[-76.5098923, 3.0374072], [-76.5099014, 3.03744], [-76.5098997, 3.0374789], [-76.5098786, 3.0375346], [-76.5098525, 3.0375508], [-76.5098283, 3.0375563], [-76.509757, 3.0375225], [-76.5091124, 3.0371094], [-76.50907, 3.0371021], [-76.5090096, 3.037096], [-76.5089563, 3.0371145], [-76.508896, 3.0371527], [-76.5088463, 3.0372124], [-76.508816, 3.0372497], [-76.5087917, 3.0372704], [-76.5087467, 3.0372755], [-76.5083138, 3.0369839], [-76.5082994, 3.0369605], [-76.508282, 3.0369288], [-76.5082717, 3.0368957], [-76.5082939, 3.0368452], [-76.5083783, 3.0367312], [-76.508318, 3.0366984], [-76.5078457, 3.0373858], [-76.5077145, 3.0372991], [-76.5076988, 3.0373244], [-76.5077095, 3.0373357], [-76.5077073, 3.0373494], [-76.5076908, 3.0373769], [-76.5076422, 3.037445], [-76.5077622, 3.0375197], [-76.5078223, 3.0374413], [-76.5078646, 3.037468], [-76.5080782, 3.037156], [-76.5080907, 3.0371522], [-76.5081212, 3.0371667], [-76.508171, 3.0372021], [-76.5089119, 3.0377032], [-76.5089679, 3.0376311], [-76.5090826, 3.0377073], [-76.5089975, 3.0378283], [-76.5095417, 3.0381966], [-76.5097634, 3.0378632], [-76.5098559, 3.0377124], [-76.5099133, 3.0377468], [-76.5100291, 3.0375596], [-76.5099645, 3.0375372], [-76.5099744, 3.0375028], [-76.50998, 3.0374862], [-76.5099974, 3.0374703], [-76.5100148, 3.0374609]]}}, {"type": "Feature", "properties": {"OBJECTID": 49, "Shape_Leng": 438.118725047, "RUTA": null}, "geometry": {"type": "LineString", "coordinates": [[-76.4704957, 3.0568463], [-76.4706109, 3.0568064], [-76.4706591, 3.0567826], [-76.4707089, 3.0567793], [-76.4707893, 3.0567864], [-76.4708634, 3.0568002], [-76.4718212, 3.0570456], [-76.472966, 3.0573328], [-76.4738035, 3.0575303], [-76.4743186, 3.0576599]]}}, {"type": "Feature", "properties": {"OBJECTID": 50, "Shape_Leng": 440.626117834, "RUTA": null}, "geometry": {"type": "LineString", "coordinates": [[-76.4743521, 3.0577184], [-76.4737232, 3.0575637], [-76.4727606, 3.0573515], [-76.4722674, 3.0572413], [-76.4718354, 3.057132], [-76.4711317, 3.0569401], [-76.4708495, 3.0568707], [-76.4708063, 3.0568679], [-76.4707348, 3.056866], [-76.4706728, 3.0568771], [-76.4706113, 3.0568931], [-76.4705303, 3.0569103], [-76.4704956, 3.0569207]]}}, {"type": "Feature", "properties": {"OBJECTID": 51, "Shape_Leng": 166.153519322, "RUTA": null}, "geometry": {"type": "LineString", "coordinates": [[-76.4820045, 3.02292], [-76.4820433, 3.0228245], [-76.4820873, 3.0227185], [-76.4821248, 3.0226348], [-76.4821648, 3.0225616], [-76.4822048, 3.022553], [-76.4822359, 3.0225828], [-76.4822522, 3.0226448], [-76.4821887, 3.0234632], [-76.4821926, 3.0234714], [-76.4822153, 3.0234893], [-76.4822583, 3.0235077], [-76.4823102, 3.0235243]]}}, {"type": "Feature", "properties": {"OBJECTID": 52, "Shape_Leng": 432.56230623, "RUTA": null}, "geometry": {"type": "LineString", "coordinates": [[-76.4820468, 3.024275], [-76.4836744, 3.0243735], [-76.4843601, 3.024416], [-76.484548, 3.024437], [-76.48465, 3.0244485], [-76.4847964, 3.0244944], [-76.4850759, 3.024577], [-76.4857479, 3.0248068], [-76.4858127, 3.0248355], [-76.4858615, 3.0248639]]}}, {"type": "Feature", "properties": {"OBJECTID": 53, "Shape_Leng": 207.032261779, "RUTA": null}, "geometry": {"type": "LineString", "coordinates": [[-76.4922293, 3.0276122], [-76.4925494, 3.028621], [-76.4927357, 3.0292022], [-76.4928039, 3.0293929]]}}, {"type": "Feature", "properties": {"OBJECTID": 54, "Shape_Leng": 916.693093306, "RUTA": null}, "geometry": {"type": "LineString", "coordinates": [[-76.4859494, 3.0249152], [-76.4859499, 3.0249155], [-76.4860455, 3.0249535], [-76.4861592, 3.0250003], [-76.487157, 3.0252972], [-76.4882613, 3.0256516], [-76.488901, 3.0258563], [-76.4891192, 3.025922], [-76.4892254, 3.0259384], [-76.489281, 3.0259255], [-76.4893454, 3.0258792], [-76.4896615, 3.0256245], [-76.4898727, 3.0255061], [-76.4899557, 3.0254875], [-76.4900445, 3.0254768], [-76.4901666, 3.0254586], [-76.4903585, 3.0254112], [-76.4905123, 3.0253258], [-76.4905953, 3.0252724], [-76.4907381, 3.0251415], [-76.4909845, 3.024889], [-76.4912712, 3.0246083], [-76.4913473, 3.0245208], [-76.4913702, 3.0244708], [-76.4913977, 3.0243852], [-76.4913991, 3.0243141], [-76.491406, 3.0238789], [-76.4914434, 3.0232899], [-76.491467, 3.0231782], [-76.4914925, 3.0231161], [-76.4915187, 3.0230511], [-76.4915675, 3.0229857], [-76.4916322, 3.0229108], [-76.4920424, 3.0225667]]}}, {"type": "Feature", "properties": {"OBJECTID": 55, "Shape_Leng": 333.20975848, "RUTA": null}, "geometry": {"type": "LineString", "coordinates": [[-76.4920424, 3.0225667], [-76.4927629, 3.0219262], [-76.4934869, 3.0212688], [-76.4938156, 3.0209878], [-76.4940749, 3.0207654], [-76.4941928, 3.0206682], [-76.4942613, 3.020618], [-76.4943086, 3.0206008]]}}, {"type": "Feature", "properties": {"OBJECTID": 56, "Shape_Leng": 390.691456099, "RUTA": null}, "geometry": {"type": "LineString", "coordinates": [[-76.488819, 3.0308541], [-76.4892049, 3.0320732], [-76.4895986, 3.0333375], [-76.4898933, 3.0342179]]}}, {"type": "Feature", "properties": {"OBJECTID": 57, "Shape_Leng": 1897.12085777, "RUTA": null}, "geometry": {"type": "LineString", "coordinates": [[-76.4941826, 3.029051], [-76.4946248, 3.0304557], [-76.4953132, 3.032645], [-76.4956218, 3.0335977], [-76.4956139, 3.0336191], [-76.4955866, 3.0336478], [-76.4955514, 3.0336769], [-76.4935257, 3.0348875], [-76.4915626, 3.0360614], [-76.4910437, 3.0363698], [-76.4901738, 3.0368938], [-76.4899254, 3.0370763], [-76.4896403, 3.0373272], [-76.4894853, 3.0374737], [-76.4894352, 3.0375139], [-76.4893945, 3.0375302], [-76.4893459, 3.0375401], [-76.4892683, 3.0375013], [-76.4893412, 3.037758], [-76.4898017, 3.0392047], [-76.4902571, 3.0407165], [-76.4906593, 3.0421298]]}}, {"type": "Feature", "properties": {"OBJECTID": 58, "Shape_Leng": 271.26468678, "RUTA": null}, "geometry": {"type": "LineString", "coordinates": [[-76.4898933, 3.0342179], [-76.4899431, 3.0343347], [-76.4899875, 3.0344022], [-76.4901418, 3.034578], [-76.4905285, 3.0349899], [-76.4906114, 3.035101], [-76.4906666, 3.0352158], [-76.4907399, 3.0353841], [-76.4909398, 3.0360705], [-76.4909426, 3.0360797], [-76.4910228, 3.0363366]]}}, {"type": "Feature", "properties": {"OBJECTID": 59, "Shape_Leng": 239.718109173, "RUTA": null}, "geometry": {"type": "LineString", "coordinates": [[-76.5034585, 3.0289151], [-76.5034478, 3.0285354], [-76.503434, 3.0280466], [-76.5034079, 3.0272774], [-76.5034018, 3.0268132], [-76.5034083, 3.0267485]]}}, {"type": "Feature", "properties": {"OBJECTID": 60, "Shape_Leng": 192.614757278, "RUTA": null}, "geometry": {"type": "LineString", "coordinates": [[-76.4896604, 3.0285166], [-76.4899664, 3.0295006], [-76.4901851, 3.0301766]]}}, {"type": "Feature", "properties": {"OBJECTID": 61, "Shape_Leng": 1557.91382946, "RUTA": null}, "geometry": {"type": "LineString", "coordinates": [[-76.4997615, 3.0292575], [-76.4997869, 3.02927], [-76.4998238, 3.0292919], [-76.4998882, 3.0293321], [-76.499935, 3.0293766], [-76.500212, 3.0296784], [-76.5003444, 3.0298138], [-76.5004447, 3.0299081], [-76.5007087, 3.0301599], [-76.5008875, 3.0303242], [-76.5009312, 3.03035], [-76.5009929, 3.0303696], [-76.5010375, 3.0303739], [-76.5010967, 3.0303648], [-76.5011658, 3.0303455], [-76.5012209, 3.0303163], [-76.5012934, 3.0302547], [-76.5013492, 3.03021], [-76.5014077, 3.0301871], [-76.5015012, 3.0301865], [-76.5016452, 3.0301922], [-76.5018415, 3.0301961], [-76.5020024, 3.0301328], [-76.5021891, 3.030015], [-76.5024738, 3.0297904], [-76.5026558, 3.02959], [-76.5030163, 3.0291848], [-76.5030934, 3.0290933], [-76.5031489, 3.0290598], [-76.5032595, 3.0290042], [-76.5039636, 3.0288368], [-76.5043976, 3.0287054], [-76.504568, 3.0286778], [-76.5046722, 3.0286622], [-76.5055358, 3.0286421], [-76.5063477, 3.0285262], [-76.5070116, 3.0284179], [-76.5076138, 3.0282961], [-76.5077329, 3.0282889], [-76.5079121, 3.0282915], [-76.5080342, 3.0283089], [-76.5081814, 3.0283387], [-76.5083365, 3.0284011], [-76.5085731, 3.0285513], [-76.5089433, 3.0287787], [-76.5092171, 3.0288929], [-76.5093199, 3.0289205], [-76.5094321, 3.0289453], [-76.5097532, 3.0290029], [-76.510022, 3.0290901], [-76.5103001, 3.0292113], [-76.5105485, 3.0293264], [-76.5108589, 3.0294893], [-76.5109718, 3.0295676], [-76.5110347, 3.0296271], [-76.511082, 3.0296749], [-76.5111424, 3.0297626], [-76.5112253, 3.0299094], [-76.5113102, 3.0300304], [-76.5113796, 3.0301122], [-76.5114646, 3.0302001], [-76.5115408, 3.0302712], [-76.5116731, 3.0303695], [-76.5117388, 3.0304104], [-76.5118423, 3.0304628], [-76.5119542, 3.030504], [-76.5120666, 3.0305407]]}}, {"type": "Feature", "properties": {"OBJECTID": 62, "Shape_Leng": 423.746408111, "RUTA": null}, "geometry": {"type": "LineString", "coordinates": [[-76.4819616, 3.0261419], [-76.4821481, 3.0262383], [-76.4825727, 3.0265007], [-76.4828293, 3.0266561], [-76.4828863, 3.0266735], [-76.4829854, 3.0266949], [-76.4830623, 3.0266944], [-76.4831253, 3.0266634], [-76.4831878, 3.0266233], [-76.4832475, 3.026546], [-76.4833104, 3.026432], [-76.483464, 3.0261263], [-76.483674, 3.0256966], [-76.4839202, 3.0251759], [-76.4842055, 3.0246076], [-76.4842169, 3.0245847], [-76.484256, 3.0244962], [-76.4842722, 3.0244493]]}}, {"type": "Feature", "properties": {"OBJECTID": 63, "Shape_Leng": 2107.57984377, "RUTA": null}, "geometry": {"type": "LineString", "coordinates": [[-76.4956449, 3.0587761], [-76.4958139, 3.0582155], [-76.4960899, 3.0573498], [-76.496171, 3.0570425], [-76.4962312, 3.0567305], [-76.4964349, 3.0555289], [-76.4964558, 3.0553805], [-76.4966409, 3.0544027], [-76.4969227, 3.0528152], [-76.4971291, 3.0516561], [-76.4971319, 3.051202], [-76.4971261, 3.0511201], [-76.4970999, 3.0508291], [-76.4970284, 3.0504991], [-76.496856, 3.0500931], [-76.4966381, 3.04977], [-76.4957886, 3.0487463], [-76.495049, 3.0478605], [-76.4940826, 3.0467003], [-76.4933455, 3.0458258], [-76.4929276, 3.0453277], [-76.4922127, 3.0444858], [-76.4913019, 3.0434259], [-76.4911324, 3.0432071], [-76.4909538, 3.0429654], [-76.4908632, 3.0427881], [-76.4907537, 3.0424747], [-76.4906593, 3.0421298]]}}, {"type": "Feature", "properties": {"OBJECTID": 64, "Shape_Leng": 345.267041222, "RUTA": null}, "geometry": {"type": "LineString", "coordinates": [[-76.4912916, 3.0246357], [-76.4914001, 3.0249676], [-76.4914285, 3.0250544], [-76.4916969, 3.0259032], [-76.4920508, 3.0270351], [-76.4922293, 3.0276122]]}}, {"type": "Feature", "properties": {"OBJECTID": 66, "Shape_Leng": 386.704582112, "RUTA": null}, "geometry": {"type": "LineString", "coordinates": [[-76.5210045, 3.0516053], [-76.5210125, 3.0515964], [-76.5210407, 3.0515668], [-76.5210699, 3.0515399], [-76.5210998, 3.0515107], [-76.5211322, 3.0514822], [-76.5211704, 3.0514502], [-76.5212123, 3.0514219], [-76.5212521, 3.0513968], [-76.521287, 3.0513765], [-76.5213147, 3.0513588], [-76.5213528, 3.0513281], [-76.5213926, 3.0512903], [-76.5214247, 3.0512592], [-76.5214615, 3.0512256], [-76.5215046, 3.0511874], [-76.5215503, 3.0511462], [-76.521598, 3.0511056], [-76.521639, 3.0510706], [-76.521673, 3.0510388], [-76.5217023, 3.0510107], [-76.5217309, 3.0509811], [-76.5217613, 3.0509495], [-76.5217865, 3.050924], [-76.5218081, 3.0509038], [-76.5218261, 3.050889], [-76.521858, 3.050862], [-76.5218763, 3.0508472], [-76.5218982, 3.0508271], [-76.521922, 3.0508076], [-76.5219535, 3.0507826], [-76.5219884, 3.0507561], [-76.522022, 3.0507267], [-76.5220508, 3.0507022], [-76.5220706, 3.0506822], [-76.5221044, 3.0506556], [-76.522126, 3.050638], [-76.5221476, 3.0506178], [-76.5221718, 3.0505984], [-76.5221995, 3.0505737], [-76.5222219, 3.0505544], [-76.5222455, 3.0505322], [-76.5222681, 3.0505098], [-76.5222854, 3.0504929], [-76.5223037, 3.0504743], [-76.5223422, 3.0504402], [-76.5223709, 3.0504056], [-76.5223919, 3.0503859], [-76.5224134, 3.0503689], [-76.5224347, 3.0503505], [-76.5224549, 3.0503363], [-76.5224776, 3.0503286], [-76.5224997, 3.0503203], [-76.5225243, 3.0503127], [-76.5225631, 3.0503046], [-76.5225951, 3.0503005], [-76.5226379, 3.0502964], [-76.5226625, 3.050295], [-76.5226867, 3.0502954], [-76.5227092, 3.050297], [-76.5227507, 3.050304], [-76.5227791, 3.0503097], [-76.5228071, 3.0503164], [-76.522829, 3.0503248], [-76.5228537, 3.0503323], [-76.522894, 3.0503417], [-76.5229409, 3.0503539], [-76.5229666, 3.05036], [-76.5229925, 3.0503656], [-76.5230284, 3.0503758], [-76.5230618, 3.0503859], [-76.5230925, 3.0503966], [-76.5231176, 3.0504048], [-76.5231488, 3.0504136], [-76.5231814, 3.0504222], [-76.5232161, 3.0504321], [-76.5232468, 3.0504383], [-76.5232761, 3.0504454], [-76.5233159, 3.0504582], [-76.5233373, 3.0504664], [-76.5233606, 3.0504741], [-76.5233925, 3.0504841], [-76.5234277, 3.0505002], [-76.5234509, 3.0505085], [-76.5234938, 3.0505285], [-76.5235236, 3.0505467], [-76.5235579, 3.0505626], [-76.5235788, 3.0505724], [-76.5236012, 3.0505837], [-76.5236225, 3.0505942], [-76.5236443, 3.0506052], [-76.5236701, 3.0506132], [-76.5236913, 3.0506218], [-76.5237181, 3.050633], [-76.5237492, 3.050647], [-76.5237754, 3.0506557], [-76.5238143, 3.0506677], [-76.5238537, 3.0506842], [-76.5238824, 3.0506943], [-76.5239052, 3.0507007], [-76.5239294, 3.0507076]]}}, {"type": "Feature", "properties": {"OBJECTID": 67, "Shape_Leng": 1607.60701981, "RUTA": null}, "geometry": {"type": "LineString", "coordinates": [[-76.523463, 3.0520418], [-76.5236283, 3.0519432], [-76.5237193, 3.0518593], [-76.5237591, 3.051765], [-76.523759, 3.0516595], [-76.5237475, 3.0515238], [-76.5237351, 3.0513917], [-76.5237141, 3.0512425], [-76.5237262, 3.0511031], [-76.523795, 3.0509319], [-76.5239457, 3.0507276], [-76.5241504, 3.0505367], [-76.5242864, 3.0504317], [-76.5244089, 3.0503581], [-76.5253617, 3.0498761], [-76.5254341, 3.0498526], [-76.5255351, 3.0498422], [-76.5256142, 3.0498477], [-76.5257205, 3.0498867], [-76.5261563, 3.0501705], [-76.5264345, 3.0503559], [-76.526552, 3.0504314], [-76.5266541, 3.0504905], [-76.5267822, 3.0505653], [-76.5269009, 3.0506532], [-76.5270151, 3.050811], [-76.52714, 3.051048], [-76.5272092, 3.05131], [-76.5272787, 3.0516785], [-76.5273397, 3.0520481], [-76.5274007, 3.0523888], [-76.5275152, 3.0527774], [-76.5275693, 3.0529293], [-76.5276505, 3.0530471], [-76.5277035, 3.0530954], [-76.528239, 3.0535847], [-76.5286119, 3.054005], [-76.5286734, 3.0540588], [-76.5287666, 3.0541228], [-76.5288703, 3.0541856], [-76.5290406, 3.0542785], [-76.5293243, 3.0543957], [-76.5294149, 3.0544199], [-76.5295173, 3.0544357], [-76.529881, 3.0544456], [-76.5299713, 3.0544664], [-76.5300959, 3.0545222], [-76.5302063, 3.054607], [-76.5303082, 3.0546874], [-76.5307142, 3.0550133], [-76.5309121, 3.0551728], [-76.5310239, 3.0553446], [-76.5311228, 3.0555184], [-76.5313997, 3.0558776], [-76.531778, 3.0564392], [-76.5322382, 3.0570841], [-76.5324551, 3.0574012], [-76.532555, 3.0575387], [-76.5326231, 3.0576223]]}}, {"type": "Feature", "properties": {"OBJECTID": 69, "Shape_Leng": 649.113261096, "RUTA": null}, "geometry": {"type": "LineString", "coordinates": [[-76.403006, 3.0934641], [-76.4030053, 3.0934681], [-76.402999, 3.0934929], [-76.402992, 3.0935164], [-76.4029853, 3.0935414], [-76.4029796, 3.0935683], [-76.4029746, 3.0935957], [-76.4029691, 3.093621], [-76.4029625, 3.0936457], [-76.4029561, 3.0936696], [-76.4029512, 3.0936935], [-76.4029467, 3.0937195], [-76.4029413, 3.0937486], [-76.4029362, 3.0937761], [-76.4029309, 3.0938034], [-76.402926, 3.0938297], [-76.4029198, 3.0938563], [-76.4029119, 3.093884], [-76.4029012, 3.093915], [-76.4028855, 3.0939507], [-76.4028722, 3.0939749], [-76.4028596, 3.0939949], [-76.4028417, 3.0940213], [-76.402825, 3.0940466], [-76.4028041, 3.0940777], [-76.4027814, 3.0941087], [-76.402765, 3.0941291], [-76.4027496, 3.0941495], [-76.4027345, 3.0941716], [-76.4027127, 3.0942045], [-76.4027005, 3.0942237], [-76.4026881, 3.0942426], [-76.4026673, 3.0942757], [-76.4026515, 3.0943002], [-76.4026372, 3.0943234], [-76.4026216, 3.0943496], [-76.4026044, 3.0943804], [-76.4025892, 3.0944102], [-76.4025765, 3.094437], [-76.4025658, 3.0944623], [-76.4025559, 3.0944867], [-76.4025455, 3.0945132], [-76.4025331, 3.0945418], [-76.4025211, 3.0945701], [-76.4025102, 3.094596], [-76.402499, 3.0946202], [-76.4024875, 3.0946423], [-76.4024768, 3.0946649], [-76.4024665, 3.0946905], [-76.4024543, 3.0947238], [-76.402445, 3.0947516], [-76.402437, 3.0947764], [-76.4024295, 3.0948004], [-76.4024223, 3.094829], [-76.4024168, 3.0948562], [-76.4024089, 3.0948881], [-76.402401, 3.0949191], [-76.4023952, 3.0949458], [-76.4023898, 3.0949712], [-76.4023837, 3.0949983], [-76.4023768, 3.0950274], [-76.4023673, 3.0950605], [-76.4023564, 3.0950947], [-76.402348, 3.0951237], [-76.4023399, 3.0951521], [-76.4023309, 3.0951851], [-76.4023209, 3.0952185], [-76.4023106, 3.0952549], [-76.4023036, 3.0952858], [-76.4022972, 3.0953185], [-76.4022918, 3.0953465], [-76.4022884, 3.0953738], [-76.4022848, 3.0954028], [-76.4022793, 3.0954342], [-76.4022732, 3.0954667], [-76.4022685, 3.0954953], [-76.4022651, 3.0955214], [-76.4022608, 3.0955484], [-76.4022567, 3.0955757], [-76.4022511, 3.0956044], [-76.4022446, 3.0956332], [-76.4022386, 3.0956615], [-76.4022349, 3.0956883], [-76.4022321, 3.0957144], [-76.4022301, 3.0957414], [-76.4022288, 3.0957724], [-76.4022288, 3.0957998], [-76.4022285, 3.0958329], [-76.4022276, 3.0958601], [-76.4022268, 3.0958857], [-76.4022265, 3.0959097], [-76.4022266, 3.0959329], [-76.4022252, 3.0959561], [-76.4022234, 3.0959838], [-76.4022204, 3.096011], [-76.4022157, 3.0960433], [-76.4022142, 3.0960756], [-76.4022153, 3.0961039], [-76.4022206, 3.096127], [-76.4022296, 3.0961596], [-76.4022345, 3.0961908], [-76.4022368, 3.0962182], [-76.4022387, 3.0962412], [-76.4022417, 3.096265], [-76.4022418, 3.0962931], [-76.402242, 3.0963208], [-76.4022428, 3.0963469], [-76.4022442, 3.0963751], [-76.4022434, 3.0963992], [-76.4022433, 3.0964289], [-76.4022432, 3.0964563], [-76.4022435, 3.0964871], [-76.4022406, 3.0965167], [-76.4022393, 3.0965444], [-76.4022389, 3.0965734], [-76.40224, 3.0965994], [-76.4022428, 3.0966243], [-76.4022461, 3.0966482], [-76.4022543, 3.0966801], [-76.4022637, 3.0967125], [-76.4022703, 3.0967414], [-76.4022736, 3.0967652], [-76.4022769, 3.0967921], [-76.4022784, 3.0968149], [-76.4022765, 3.0968434], [-76.4022759, 3.0968683], [-76.402274, 3.0968983], [-76.4022697, 3.0969296], [-76.4022636, 3.0969567], [-76.4022565, 3.0969885], [-76.4022503, 3.0970201], [-76.4022456, 3.0970434], [-76.4022398, 3.0970668], [-76.4022327, 3.0970911], [-76.4022262, 3.0971219], [-76.4022186, 3.0971561], [-76.4022105, 3.097185], [-76.4022007, 3.0972149], [-76.4021905, 3.0972447], [-76.4021778, 3.0972768], [-76.4021666, 3.0973038], [-76.4021564, 3.0973367], [-76.4021489, 3.0973671], [-76.4021419, 3.0973993], [-76.4021379, 3.0974228], [-76.4021347, 3.0974455], [-76.4021309, 3.0974687], [-76.402126, 3.0974927], [-76.4021206, 3.0975161], [-76.4021151, 3.0975432], [-76.4021086, 3.0975785], [-76.4021013, 3.0976094], [-76.4020953, 3.0976371], [-76.4020886, 3.0976656], [-76.4020836, 3.0976882], [-76.4020787, 3.0977139], [-76.4020732, 3.0977404], [-76.402067, 3.0977648], [-76.4020581, 3.0977979], [-76.4020518, 3.0978203], [-76.4020479, 3.0978514], [-76.4020474, 3.0978832], [-76.4020485, 3.0979148], [-76.4020513, 3.0979436], [-76.4020557, 3.0979743], [-76.4020612, 3.0980059], [-76.4020646, 3.0980379], [-76.4020678, 3.0980605], [-76.402071, 3.0980917], [-76.4020751, 3.0981263], [-76.4020812, 3.0981482], [-76.4020896, 3.0981694], [-76.4020986, 3.0981905], [-76.4021073, 3.098213], [-76.4021169, 3.0982385], [-76.4021265, 3.0982655], [-76.402136, 3.098293], [-76.4021444, 3.0983153], [-76.402155, 3.0983412], [-76.4021693, 3.0983768], [-76.4021772, 3.0983998], [-76.4021874, 3.098424], [-76.4021988, 3.0984456], [-76.4022105, 3.0984754], [-76.4022206, 3.0984997], [-76.4022332, 3.0985258], [-76.4022466, 3.0985531], [-76.4022588, 3.0985795], [-76.4022705, 3.0986033], [-76.4022828, 3.0986262], [-76.4022943, 3.098649], [-76.4023058, 3.0986718], [-76.4023197, 3.0987046], [-76.4023304, 3.098728], [-76.4023414, 3.0987498], [-76.4023564, 3.0987742], [-76.4023684, 3.098795], [-76.4023803, 3.0988174], [-76.4023908, 3.0988396], [-76.4024018, 3.0988622], [-76.4024133, 3.0988853], [-76.4024262, 3.0989092], [-76.4024371, 3.0989327], [-76.4024472, 3.098956], [-76.4024619, 3.0989852], [-76.4024738, 3.0990053], [-76.402471, 3.099033], [-76.4024704, 3.099047]]}}, {"type": "Feature", "properties": {"OBJECTID": 70, "Shape_Leng": 731.585047041, "RUTA": null}, "geometry": {"type": "LineString", "coordinates": [[-76.3747177, 3.098693], [-76.3742636, 3.0992592], [-76.3707664, 3.1036187], [-76.3706259, 3.1037939], [-76.3705843, 3.1038351], [-76.3705815, 3.103838]]}}, {"type": "Feature", "properties": {"OBJECTID": 71, "Shape_Leng": 11.7818590532, "RUTA": null}, "geometry": {"type": "LineString", "coordinates": [[-76.3705815, 3.103838], [-76.3705326, 3.1038871], [-76.3705024, 3.1039084]]}}, {"type": "Feature", "properties": {"OBJECTID": 72, "Shape_Leng": 862.410213483, "RUTA": null}, "geometry": {"type": "LineString", "coordinates": [[-76.3899232, 3.0935042], [-76.3899088, 3.0932365], [-76.3898966, 3.0931729], [-76.3898454, 3.0930412], [-76.3897785, 3.0928777], [-76.3887207, 3.0909389], [-76.3886749, 3.0909001], [-76.3880965, 3.0897892], [-76.3875155, 3.0887087], [-76.3871136, 3.08791], [-76.387043, 3.0878105], [-76.3866765, 3.0870901], [-76.386518, 3.0865454]]}}, {"type": "Feature", "properties": {"OBJECTID": 73, "Shape_Leng": 764.416878813, "RUTA": null}, "geometry": {"type": "LineString", "coordinates": [[-76.4024704, 3.099047], [-76.4024698, 3.0990603], [-76.40247, 3.0990846], [-76.402471, 3.0991111], [-76.4024711, 3.0991403], [-76.4024704, 3.0991731], [-76.4024683, 3.0992056], [-76.4024661, 3.0992355], [-76.402464, 3.0992637], [-76.4024629, 3.0992862], [-76.4024628, 3.0992868], [-76.402461, 3.0993096], [-76.4024592, 3.0993398], [-76.4024581, 3.0993792], [-76.4024597, 3.0994134], [-76.4024615, 3.0994407], [-76.4024633, 3.0994729], [-76.4024649, 3.0994984], [-76.4024669, 3.0995273], [-76.4024675, 3.0995577], [-76.4024664, 3.0995904], [-76.4024639, 3.0996222], [-76.4024619, 3.0996468], [-76.4024591, 3.0996774], [-76.4024572, 3.0997078], [-76.4024563, 3.0997372], [-76.4024557, 3.0997677], [-76.4024532, 3.0998023], [-76.4024511, 3.0998359], [-76.4024504, 3.0998613], [-76.4024482, 3.0998888], [-76.4024459, 3.0999214], [-76.4024439, 3.0999484], [-76.4024407, 3.0999715], [-76.4024338, 3.1000028], [-76.4024261, 3.1000324], [-76.4024185, 3.1000583], [-76.4024098, 3.1000835], [-76.4024015, 3.1001076], [-76.4023934, 3.100133], [-76.4023827, 3.1001632], [-76.4023715, 3.100196], [-76.4023626, 3.1002245], [-76.4023541, 3.1002531], [-76.4023462, 3.1002816], [-76.4023347, 3.1003194], [-76.4023227, 3.1003561], [-76.4023124, 3.1003901], [-76.4023041, 3.1004208], [-76.4022958, 3.1004493], [-76.4022876, 3.100478], [-76.4022776, 3.1005116], [-76.4022649, 3.1005476], [-76.4022549, 3.1005776], [-76.4022458, 3.1006057], [-76.4022377, 3.1006335], [-76.4022299, 3.100661], [-76.4022212, 3.1006899], [-76.4022119, 3.10072], [-76.402203, 3.1007472], [-76.4021918, 3.1007779], [-76.4021796, 3.1008089], [-76.4021699, 3.100836], [-76.402158, 3.1008721], [-76.4021482, 3.1009026], [-76.4021389, 3.1009291], [-76.4021295, 3.1009534], [-76.4021212, 3.1009776], [-76.4021132, 3.1010041], [-76.4021043, 3.1010326], [-76.4020949, 3.1010597], [-76.4020865, 3.1010845], [-76.4020785, 3.1011097], [-76.402071, 3.101132], [-76.4020625, 3.1011543], [-76.4020531, 3.101176], [-76.4020425, 3.1011972], [-76.4020304, 3.101218], [-76.4020139, 3.101244], [-76.402001, 3.1012638], [-76.4019841, 3.1012893], [-76.4019697, 3.1013107], [-76.4019569, 3.1013303], [-76.4019437, 3.101351], [-76.4019301, 3.1013719], [-76.4019156, 3.1013931], [-76.4019022, 3.1014119], [-76.4018849, 3.1014347], [-76.4018693, 3.1014547], [-76.4018497, 3.1014798], [-76.4018308, 3.1015035], [-76.4018131, 3.1015243], [-76.4017938, 3.1015435], [-76.4017756, 3.1015595], [-76.4017575, 3.1015753], [-76.4017375, 3.1015923], [-76.4017162, 3.1016108], [-76.401693, 3.1016322], [-76.4016689, 3.1016545], [-76.4016479, 3.101673], [-76.4016268, 3.1016899], [-76.4016065, 3.1017065], [-76.4015863, 3.1017249], [-76.4015643, 3.1017461], [-76.4015416, 3.101767], [-76.4015188, 3.1017858], [-76.4014974, 3.1018006], [-76.4014762, 3.1018153], [-76.4014562, 3.1018307], [-76.4014357, 3.1018485], [-76.4014147, 3.1018678], [-76.4013928, 3.1018872], [-76.4013724, 3.1019029], [-76.4013493, 3.1019191], [-76.4013283, 3.101934], [-76.4013071, 3.1019495], [-76.4012845, 3.1019676], [-76.401261, 3.1019882], [-76.4012383, 3.1020098], [-76.4012178, 3.1020282], [-76.4011988, 3.1020452], [-76.4011746, 3.1020657], [-76.4011539, 3.1020842], [-76.4011331, 3.1021062], [-76.4011128, 3.1021301], [-76.4010951, 3.1021495], [-76.4010722, 3.1021725], [-76.4010555, 3.1021893], [-76.4010394, 3.1022071], [-76.4010157, 3.1022349], [-76.4010002, 3.102252], [-76.4009813, 3.1022707], [-76.4009639, 3.1022853], [-76.400943, 3.1023019], [-76.4009229, 3.1023208], [-76.4009042, 3.1023404], [-76.4008813, 3.1023673], [-76.4008668, 3.1023852], [-76.4008484, 3.1024081], [-76.4008294, 3.10243], [-76.40081, 3.1024525], [-76.4007909, 3.1024742], [-76.4007694, 3.1024978], [-76.4007486, 3.1025175], [-76.4007284, 3.1025356], [-76.4007037, 3.1025569], [-76.4006839, 3.102574], [-76.4006628, 3.1025917], [-76.4006446, 3.1026073], [-76.4006201, 3.1026291], [-76.4006, 3.1026456], [-76.4005759, 3.1026651], [-76.4005508, 3.1026833], [-76.400524, 3.1027013], [-76.4005039, 3.1027156], [-76.4004774, 3.102734], [-76.400452, 3.1027485], [-76.4004309, 3.1027587], [-76.4004018, 3.1027735], [-76.4003784, 3.1027867], [-76.4003547, 3.102801], [-76.4003337, 3.1028116], [-76.4003061, 3.1028271], [-76.4002762, 3.1028432], [-76.4002513, 3.1028555], [-76.4002269, 3.1028655], [-76.4002029, 3.1028771], [-76.4001794, 3.1028845], [-76.4001554, 3.1028891], [-76.4001301, 3.1028975], [-76.4001064, 3.1029069], [-76.4000834, 3.1029144], [-76.4000537, 3.1029248], [-76.4000282, 3.1029357], [-76.4000064, 3.1029452], [-76.3999831, 3.1029525], [-76.3999523, 3.1029633], [-76.3999292, 3.1029716], [-76.3999016, 3.1029804], [-76.3998705, 3.1029914], [-76.3998446, 3.1030012], [-76.3998216, 3.103009], [-76.3997981, 3.1030171], [-76.3997724, 3.1030213], [-76.399744, 3.1030274], [-76.3997203, 3.1030277], [-76.3996914, 3.1030312], [-76.3996625, 3.1030393], [-76.3996346, 3.1030524], [-76.3996077, 3.1030648], [-76.3995839, 3.1030775], [-76.3995616, 3.1030885], [-76.3995369, 3.1030991], [-76.3995156, 3.1031099], [-76.3994945, 3.1031227], [-76.3994704, 3.1031374], [-76.3994491, 3.1031491], [-76.399425, 3.1031612], [-76.3994017, 3.1031775], [-76.3993794, 3.1031944], [-76.3993582, 3.1032097], [-76.3993369, 3.1032258], [-76.3993194, 3.1032403], [-76.3992959, 3.1032611], [-76.3992771, 3.1032769], [-76.3992537, 3.103297], [-76.3992358, 3.1033118], [-76.3992138, 3.103331], [-76.399196, 3.103346], [-76.3991714, 3.1033663], [-76.3991531, 3.1033805], [-76.3991273, 3.1033991], [-76.3991085, 3.1034125], [-76.3990853, 3.1034296], [-76.3990644, 3.103444], [-76.399042, 3.1034612], [-76.3990237, 3.103475], [-76.3989952, 3.1034931], [-76.3989678, 3.1035098], [-76.3989468, 3.1035247], [-76.3989234, 3.103542], [-76.3989, 3.1035591], [-76.3988804, 3.1035731], [-76.398855, 3.1035929], [-76.3988364, 3.1036065], [-76.3988126, 3.1036238], [-76.3987935, 3.1036375], [-76.3987613, 3.1036575], [-76.3987387, 3.1036715], [-76.3987172, 3.1036847], [-76.3986876, 3.103704], [-76.3986593, 3.1037243], [-76.3986273, 3.1037436], [-76.3986069, 3.103754], [-76.3985812, 3.1037699], [-76.398562, 3.1037831], [-76.3985318, 3.1038053], [-76.3985097, 3.1038207], [-76.3984904, 3.103833], [-76.3984669, 3.1038484], [-76.3984444, 3.1038628], [-76.3984217, 3.1038766], [-76.3983959, 3.1038921], [-76.3983749, 3.1039056], [-76.3983542, 3.1039198], [-76.3983421, 3.1039281]]}}, {"type": "Feature", "properties": {"OBJECTID": 74, "Shape_Leng": 1224.22176948, "RUTA": null}, "geometry": {"type": "LineString", "coordinates": [[-76.3426311, 3.0941548], [-76.342769, 3.094317], [-76.3429192, 3.094577], [-76.3432072, 3.0952763], [-76.3432827, 3.0954629], [-76.3434607, 3.0958071], [-76.3436968, 3.0962772], [-76.3438729, 3.0966088], [-76.343987, 3.0967551], [-76.344507, 3.0972824], [-76.3445999, 3.0974017], [-76.3447557, 3.0975968], [-76.3453093, 3.0983543], [-76.34535, 3.0984845], [-76.3453466, 3.0985671], [-76.3453204, 3.0989868], [-76.3453587, 3.0990977], [-76.3454014, 3.0991464], [-76.345667, 3.0994153], [-76.3457339, 3.0995052], [-76.3462295, 3.1003533], [-76.3463034, 3.1005511], [-76.3463781, 3.1007359], [-76.3468049, 3.101456], [-76.3469197, 3.1017565], [-76.3469533, 3.1022185], [-76.3470606, 3.102761], [-76.3471947, 3.1033245], [-76.3472216, 3.1035229], [-76.3472091, 3.1036017], [-76.3471591, 3.1038913]]}}, {"type": "Feature", "properties": {"OBJECTID": 77, "Shape_Leng": 559.817940169, "RUTA": null}, "geometry": {"type": "LineString", "coordinates": [[-76.3898224, 3.1039221], [-76.3898216, 3.1039205], [-76.3882085, 3.1022852], [-76.3881942, 3.1022779], [-76.3875491, 3.1024687], [-76.3874315, 3.1024607], [-76.3861242, 3.1019743], [-76.3860563, 3.10196], [-76.3855967, 3.1018457]]}}, {"type": "Feature", "properties": {"OBJECTID": 78, "Shape_Leng": 756.872281922, "RUTA": null}, "geometry": {"type": "LineString", "coordinates": [[-76.3938636, 3.0990619], [-76.3926083, 3.0968843], [-76.3924561, 3.0966613], [-76.3905663, 3.0942943], [-76.3899301, 3.0935227], [-76.3899232, 3.0935042]]}}, {"type": "Feature", "properties": {"OBJECTID": 79, "Shape_Leng": 577.919265839, "RUTA": null}, "geometry": {"type": "LineString", "coordinates": [[-76.378763, 3.0979669], [-76.3778126, 3.0968065], [-76.3777252, 3.0967763], [-76.3776537, 3.0967933], [-76.3756237, 3.0978416], [-76.3753018, 3.0980277], [-76.3751773, 3.0981397], [-76.3747177, 3.098693]]}}, {"type": "Feature", "properties": {"OBJECTID": 80, "Shape_Leng": 504.752607146, "RUTA": null}, "geometry": {"type": "LineString", "coordinates": [[-76.3800599, 3.1023409], [-76.3800279, 3.1022192], [-76.379755, 3.1012648], [-76.378763, 3.0979669]]}}, {"type": "Feature", "properties": {"OBJECTID": 81, "Shape_Leng": 174.998228774, "RUTA": null}, "geometry": {"type": "LineString", "coordinates": [[-76.3802186, 3.1039153], [-76.3800599, 3.1023409]]}}, {"type": "Feature", "properties": {"OBJECTID": 82, "Shape_Leng": 159.585847834, "RUTA": null}, "geometry": {"type": "LineString", "coordinates": [[-76.3860846, 3.0851118], [-76.3864826, 3.0864983]]}}, {"type": "Feature", "properties": {"OBJECTID": 83, "Shape_Leng": 718.022686699, "RUTA": null}, "geometry": {"type": "LineString", "coordinates": [[-76.3825072, 3.0799465], [-76.3825643, 3.0799783], [-76.3825871, 3.0799909], [-76.3826086, 3.0800008], [-76.3826366, 3.080008], [-76.3826602, 3.0800101], [-76.3826914, 3.0800098], [-76.382723, 3.0800093], [-76.3827504, 3.0800092], [-76.3827767, 3.080008], [-76.3828009, 3.0800078], [-76.3828239, 3.0800097], [-76.382847, 3.0800109], [-76.3828711, 3.0800121], [-76.3829019, 3.0800155], [-76.3829373, 3.0800222], [-76.3829598, 3.0800284], [-76.3829907, 3.0800414], [-76.3830127, 3.0800531], [-76.383034, 3.0800668], [-76.3830552, 3.0800821], [-76.3830755, 3.0800979], [-76.3830956, 3.0801157], [-76.3831157, 3.0801363], [-76.3831346, 3.0801562], [-76.3831511, 3.0801768], [-76.3831682, 3.0802061], [-76.3831823, 3.0802332], [-76.3831922, 3.0802614], [-76.3832015, 3.0802889], [-76.3832119, 3.0803146], [-76.3832211, 3.0803398], [-76.3832288, 3.0803648], [-76.3832364, 3.080391], [-76.3832431, 3.0804194], [-76.3832509, 3.08045], [-76.3832587, 3.0804787], [-76.3832659, 3.0805025], [-76.3832716, 3.0805281], [-76.3832817, 3.0805556], [-76.3832932, 3.0805835], [-76.3833036, 3.0806073], [-76.3833159, 3.0806336], [-76.3833298, 3.0806595], [-76.3833423, 3.080687], [-76.3833563, 3.080717], [-76.3833713, 3.0807473], [-76.3833883, 3.0807767], [-76.3834065, 3.0808055], [-76.3834275, 3.0808355], [-76.3834409, 3.0808537], [-76.3834664, 3.0808892], [-76.3834872, 3.0809182], [-76.3835074, 3.0809466], [-76.3835244, 3.0809698], [-76.3835398, 3.0809934], [-76.3835576, 3.0810241], [-76.3835744, 3.0810559], [-76.3835875, 3.0810815], [-76.3836011, 3.0811061], [-76.3836183, 3.0811372], [-76.3836377, 3.0811706], [-76.3836496, 3.0811908], [-76.3836687, 3.0812232], [-76.3836847, 3.0812483], [-76.3837042, 3.0812781], [-76.383724, 3.0813103], [-76.3837441, 3.0813439], [-76.3837592, 3.0813723], [-76.3837745, 3.0814064], [-76.3837873, 3.0814328], [-76.383803, 3.0814634], [-76.3838214, 3.0814946], [-76.3838418, 3.0815261], [-76.3838612, 3.0815567], [-76.383878, 3.0815847], [-76.3838948, 3.0816119], [-76.3839108, 3.0816379], [-76.3839264, 3.0816645], [-76.383941, 3.08169], [-76.3839571, 3.0817164], [-76.3839739, 3.0817464], [-76.38399, 3.0817748], [-76.384007, 3.0818008], [-76.3840268, 3.0818259], [-76.3840521, 3.0818565], [-76.3840719, 3.0818829], [-76.3840902, 3.0819079], [-76.3841085, 3.0819329], [-76.3841265, 3.0819584], [-76.3841467, 3.0819861], [-76.3841657, 3.0820156], [-76.3841826, 3.0820435], [-76.3841988, 3.0820694], [-76.3842158, 3.0820982], [-76.3842326, 3.0821294], [-76.3842515, 3.0821619], [-76.3842717, 3.0821934], [-76.3842917, 3.0822248], [-76.3843107, 3.0822556], [-76.384329, 3.0822851], [-76.3843507, 3.0823148], [-76.3843721, 3.0823458], [-76.3843913, 3.0823763], [-76.3844094, 3.0824059], [-76.3844259, 3.0824339], [-76.3844416, 3.0824631], [-76.3844585, 3.0824948], [-76.3844741, 3.0825219], [-76.3844899, 3.0825479], [-76.3845073, 3.0825763], [-76.3845242, 3.0826032], [-76.38454, 3.0826269], [-76.3845602, 3.0826565], [-76.3845771, 3.0826816], [-76.3845929, 3.0827057], [-76.3846102, 3.0827333], [-76.3846237, 3.0827565], [-76.3846397, 3.0827845], [-76.3846533, 3.0828076], [-76.3846691, 3.082838], [-76.3846814, 3.0828647], [-76.3846953, 3.0828959], [-76.3847088, 3.0829248], [-76.3847204, 3.0829534], [-76.3847332, 3.0829831], [-76.384745, 3.0830076], [-76.3847591, 3.0830345], [-76.3847732, 3.0830598], [-76.3847869, 3.0830828], [-76.3848036, 3.0831093], [-76.3848199, 3.0831322], [-76.3848342, 3.0831516], [-76.384854, 3.0831767], [-76.3848728, 3.083199], [-76.3848929, 3.0832213], [-76.3849123, 3.083242], [-76.3849315, 3.0832637], [-76.3849501, 3.0832874], [-76.3849718, 3.0833141], [-76.3849982, 3.0833479], [-76.3850203, 3.0833796], [-76.3850374, 3.0834038], [-76.3850532, 3.0834275], [-76.3850692, 3.0834515], [-76.3850865, 3.0834765], [-76.385102, 3.0834979], [-76.3851195, 3.0835212], [-76.3851368, 3.0835446], [-76.3851501, 3.0835659], [-76.3851621, 3.0835866], [-76.3851747, 3.0836074], [-76.3851894, 3.0836278], [-76.3852083, 3.0836513], [-76.3852241, 3.0836694], [-76.3852419, 3.0836942], [-76.3852511, 3.0837172], [-76.3852621, 3.0837487], [-76.3852763, 3.0837767], [-76.3852938, 3.0838016], [-76.3853106, 3.0838238], [-76.3853272, 3.0838472], [-76.385341, 3.0838674], [-76.3853566, 3.083891], [-76.3853702, 3.083911], [-76.3853835, 3.0839322], [-76.3853978, 3.0839566], [-76.385417, 3.0839877], [-76.3854356, 3.0840172], [-76.3854505, 3.0840416], [-76.385464, 3.0840655], [-76.3854804, 3.0840951], [-76.3854963, 3.0841205], [-76.3855127, 3.0841456], [-76.385528, 3.0841697], [-76.3855445, 3.0841965], [-76.3855619, 3.0842223], [-76.3855792, 3.0842476], [-76.3855984, 3.0842741], [-76.3856158, 3.0842973], [-76.3856364, 3.084327], [-76.3856521, 3.0843515], [-76.3856692, 3.0843796], [-76.385683, 3.0844038], [-76.3857002, 3.084436], [-76.3857223, 3.0844699], [-76.3857431, 3.0844999], [-76.3857604, 3.0845259], [-76.3857738, 3.084547], [-76.3857906, 3.0845737], [-76.3858067, 3.0846008], [-76.3858242, 3.0846293], [-76.3858438, 3.0846603], [-76.3858602, 3.0846898], [-76.3858743, 3.084719], [-76.3858884, 3.0847472], [-76.3859052, 3.0847775], [-76.3859241, 3.0848078], [-76.3859413, 3.0848342], [-76.3859558, 3.0848572], [-76.3859695, 3.0848785], [-76.3859844, 3.084901], [-76.3860033, 3.0849291], [-76.3860168, 3.0849524], [-76.3860299, 3.0849762], [-76.3860416, 3.0849986], [-76.3860522, 3.0850195], [-76.3860657, 3.0850477], [-76.386073, 3.08507], [-76.3860846, 3.0851118]]}}, {"type": "Feature", "properties": {"OBJECTID": 84, "Shape_Leng": 672.755708979, "RUTA": null}, "geometry": {"type": "LineString", "coordinates": [[-76.3973621, 3.1039274], [-76.3967856, 3.1032853], [-76.3963878, 3.102837], [-76.3960793, 3.102417], [-76.3958722, 3.1021118], [-76.3957751, 3.1020345], [-76.3957277, 3.1020178], [-76.3955579, 3.1019413], [-76.3954384, 3.1018372], [-76.3953413, 3.1017395], [-76.3952604, 3.1015492], [-76.3952486, 3.1014968], [-76.3952137, 3.1013976], [-76.3945914, 3.1003153], [-76.3938636, 3.0990619]]}}, {"type": "Feature", "properties": {"OBJECTID": 85, "Shape_Leng": 2923.77989833, "RUTA": null}, "geometry": {"type": "LineString", "coordinates": [[-76.3333244, 3.1313763], [-76.3333422, 3.1312992], [-76.3333423, 3.1312279], [-76.3333376, 3.1312135], [-76.3332134, 3.1308304], [-76.3331805, 3.1307795], [-76.3330621, 3.1306706], [-76.3329877, 3.1306263], [-76.332837, 3.1305892], [-76.3319673, 3.1305547], [-76.3319475, 3.1305575], [-76.3318416, 3.130538], [-76.3301167, 3.1293979], [-76.3283871, 3.1282976], [-76.327453, 3.1276625], [-76.32487, 3.1260246], [-76.322776, 3.1246645], [-76.3209478, 3.1234207], [-76.3207819, 3.1233262], [-76.3205695, 3.1232178], [-76.3204486, 3.1231751], [-76.3203188, 3.1231576], [-76.3202915, 3.1230381], [-76.3202544, 3.1229384], [-76.3201617, 3.1228811], [-76.3199643, 3.1228144], [-76.3198494, 3.1227492], [-76.3197458, 3.1226602], [-76.319686, 3.1224929], [-76.3196378, 3.1222386], [-76.319583, 3.1220957], [-76.319462, 3.1219647], [-76.3190819, 3.1216238], [-76.318917, 3.1214396], [-76.3188272, 3.1212526], [-76.3187835, 3.1210027], [-76.3187062, 3.1208766], [-76.3185469, 3.1207657], [-76.3179605, 3.1203606], [-76.3178319, 3.1202327], [-76.3177743, 3.1199966], [-76.3177523, 3.1198209], [-76.3176916, 3.1196437], [-76.3175563, 3.1195295], [-76.3173383, 3.1193379], [-76.3170529, 3.1191096], [-76.3169798, 3.1190049], [-76.3169136, 3.1188137], [-76.3168797, 3.1186732], [-76.3168579, 3.118551], [-76.3168335, 3.1184591], [-76.3167588, 3.1184011], [-76.3166282, 3.1183431], [-76.3161724, 3.1181429], [-76.3159678, 3.1179908], [-76.3158655, 3.1178881], [-76.3157541, 3.1177283], [-76.3155974, 3.1174831], [-76.3150747, 3.1168347], [-76.3149779, 3.1166475], [-76.3149161, 3.1164871], [-76.3147709, 3.1159017], [-76.3147442, 3.1156908], [-76.3147678, 3.1155282], [-76.3148495, 3.1152765], [-76.3149009, 3.1151216], [-76.3149141, 3.1150822], [-76.3149555, 3.1149161]]}}, {"type": "Feature", "properties": {"OBJECTID": 86, "Shape_Leng": 1041.87267082, "RUTA": null}, "geometry": {"type": "LineString", "coordinates": [[-76.3244979, 3.1397418], [-76.3245473, 3.1398756], [-76.324559, 3.139935], [-76.3250154, 3.1422378], [-76.3250119, 3.1423484], [-76.325121, 3.1470952], [-76.3251317, 3.1479744], [-76.3251291, 3.148135], [-76.3251229, 3.1482311], [-76.3252984, 3.1490882]]}}, {"type": "Feature", "properties": {"OBJECTID": 87, "Shape_Leng": 1467.19955015, "RUTA": null}, "geometry": {"type": "LineString", "coordinates": [[-76.3053195, 3.1248222], [-76.3054257, 3.1250179], [-76.3059023, 3.125896], [-76.3066551, 3.127309], [-76.3067009, 3.1274381], [-76.3067035, 3.1275112], [-76.3066901, 3.1276336], [-76.3066617, 3.1278094], [-76.3065806, 3.1281556], [-76.3066112, 3.1283988], [-76.3066889, 3.1286291], [-76.3067805, 3.1288149], [-76.3070548, 3.1292188], [-76.3077629, 3.1301443], [-76.3087105, 3.1313877], [-76.3092144, 3.1320838], [-76.3093234, 3.1321941], [-76.309431, 3.1322752], [-76.3095853, 3.1323869], [-76.3102983, 3.1327758], [-76.3116485, 3.1334368], [-76.3120267, 3.1336587], [-76.312194, 3.1337569], [-76.3123309, 3.1337987], [-76.3125156, 3.1338694], [-76.3127463, 3.1339768], [-76.3129671, 3.1341091], [-76.3131785, 3.1342882], [-76.3133118, 3.1344607]]}}, {"type": "Feature", "properties": {"OBJECTID": 88, "Shape_Leng": 1871.34887771, "RUTA": null}, "geometry": {"type": "LineString", "coordinates": [[-76.3312014, 3.1334488], [-76.3267687, 3.1376072], [-76.3246215, 3.1395579], [-76.3244652, 3.1397285], [-76.3243192, 3.1397915], [-76.3242932, 3.1397979], [-76.3242665, 3.139804], [-76.3242442, 3.1398093], [-76.3242222, 3.1398155], [-76.3241999, 3.13982], [-76.3241767, 3.1398233], [-76.3241522, 3.1398266], [-76.3241267, 3.1398301], [-76.3241005, 3.1398324], [-76.3240724, 3.1398336], [-76.324043, 3.1398369], [-76.3240146, 3.139841], [-76.3239776, 3.1398461], [-76.3239479, 3.1398517], [-76.3239163, 3.1398585], [-76.3238898, 3.1398636], [-76.3238664, 3.1398661], [-76.3238421, 3.1398678], [-76.3238179, 3.1398692], [-76.32379, 3.1398719], [-76.3237569, 3.1398756], [-76.3237299, 3.1398791], [-76.3237068, 3.1398815], [-76.3236828, 3.139883], [-76.3236584, 3.1398836], [-76.3236279, 3.1398853], [-76.3236026, 3.1398862], [-76.3235771, 3.1398859], [-76.3235543, 3.1398861], [-76.323527, 3.1398867], [-76.3235036, 3.1398855], [-76.3234791, 3.139883], [-76.3234528, 3.1398792], [-76.3234215, 3.1398752], [-76.3233947, 3.1398728], [-76.3233685, 3.139871], [-76.3233394, 3.1398707], [-76.3233166, 3.1398706], [-76.323289, 3.1398699], [-76.3232653, 3.1398691], [-76.3232414, 3.1398692], [-76.3232182, 3.1398696], [-76.3231908, 3.1398701], [-76.3231588, 3.1398702], [-76.3231291, 3.1398726], [-76.3231063, 3.1398759], [-76.323076, 3.1398793], [-76.32304, 3.1398852], [-76.3230094, 3.1398898], [-76.3229768, 3.1398962], [-76.3229476, 3.1399043], [-76.3229199, 3.1399142], [-76.3228985, 3.1399225], [-76.3228698, 3.1399314], [-76.3228412, 3.1399379], [-76.3228166, 3.1399425], [-76.3227858, 3.1399483], [-76.3227615, 3.139953], [-76.3227303, 3.1399575], [-76.3227047, 3.1399595], [-76.3226735, 3.1399607], [-76.322643, 3.1399603], [-76.3226169, 3.1399576], [-76.3225933, 3.1399536], [-76.3225687, 3.1399482], [-76.3225389, 3.1399407], [-76.3225146, 3.139934], [-76.322491, 3.1399276], [-76.3224583, 3.1399191], [-76.3224308, 3.139913], [-76.3224072, 3.1399074], [-76.322382, 3.1399004], [-76.322351, 3.1398917], [-76.3223261, 3.1398851], [-76.3223029, 3.1398781], [-76.3222809, 3.1398722], [-76.3222482, 3.1398642], [-76.3222175, 3.1398571], [-76.3221872, 3.1398506], [-76.3221559, 3.1398445], [-76.3221253, 3.1398394], [-76.3220967, 3.1398359], [-76.3220688, 3.1398327], [-76.322039, 3.1398293], [-76.3220081, 3.1398251], [-76.3219784, 3.1398213], [-76.3219489, 3.1398178], [-76.3219216, 3.1398149], [-76.3218979, 3.1398131], [-76.3218739, 3.1398116], [-76.3218465, 3.1398088], [-76.3218171, 3.1398067], [-76.3217886, 3.1398094], [-76.3217598, 3.1398135], [-76.3217324, 3.1398177], [-76.3217076, 3.1398215], [-76.3216842, 3.1398264], [-76.3216615, 3.1398317], [-76.3216308, 3.1398384], [-76.3216053, 3.1398454], [-76.3215838, 3.1398543], [-76.321562, 3.1398666], [-76.3215411, 3.1398797], [-76.321522, 3.1398952], [-76.3215027, 3.1399136], [-76.3214833, 3.1399351], [-76.3214658, 3.1399571], [-76.3214499, 3.1399786], [-76.3214336, 3.1399989], [-76.3214173, 3.1400193], [-76.3214003, 3.1400415], [-76.3213822, 3.1400645], [-76.3213641, 3.1400849], [-76.3213464, 3.1401032], [-76.3213287, 3.1401192], [-76.3213094, 3.1401335], [-76.3212886, 3.1401462], [-76.3212663, 3.1401571], [-76.321244, 3.1401647], [-76.3212144, 3.1401725], [-76.3211891, 3.140177], [-76.3211655, 3.140179], [-76.3211405, 3.140179], [-76.321111, 3.1401744], [-76.3210817, 3.1401687], [-76.3210554, 3.1401631], [-76.3210301, 3.1401561], [-76.3210027, 3.1401464], [-76.3209718, 3.1401356], [-76.3209377, 3.1401247], [-76.3209009, 3.140113], [-76.3208684, 3.1401053], [-76.3208366, 3.1400993], [-76.3208039, 3.1400906], [-76.3207696, 3.1400791], [-76.3207339, 3.1400664], [-76.3207012, 3.1400549], [-76.3206734, 3.1400454], [-76.3206444, 3.1400343], [-76.3206139, 3.1400218], [-76.3205816, 3.1400084], [-76.3205481, 3.1399938], [-76.3205205, 3.1399818], [-76.3204953, 3.139971], [-76.3204687, 3.1399588], [-76.3204453, 3.139948], [-76.3204208, 3.1399365], [-76.3203911, 3.1399227], [-76.320368, 3.1399124], [-76.3203384, 3.1398995], [-76.3203142, 3.1398891], [-76.3202922, 3.1398802], [-76.3202693, 3.1398713], [-76.3202411, 3.1398619], [-76.3202183, 3.1398553], [-76.3201872, 3.1398459], [-76.3201563, 3.1398375], [-76.3201282, 3.1398318], [-76.3200973, 3.1398292], [-76.3200733, 3.1398309], [-76.3200443, 3.139834], [-76.3200133, 3.1398399], [-76.3199854, 3.1398479], [-76.3199556, 3.1398598], [-76.3199334, 3.1398714], [-76.3199059, 3.1398892], [-76.3198837, 3.1399032], [-76.3198547, 3.13992], [-76.3198257, 3.1399368], [-76.3198028, 3.1399516], [-76.3197828, 3.1399642], [-76.3197612, 3.1399762], [-76.3197335, 3.1399898], [-76.3197101, 3.139999], [-76.3196858, 3.1400071], [-76.3196623, 3.1400153], [-76.3196352, 3.1400246], [-76.3196136, 3.1400314], [-76.3195775, 3.1400393], [-76.3195451, 3.1400418], [-76.3195225, 3.1400411], [-76.319494, 3.140038], [-76.3194702, 3.1400355], [-76.319447, 3.1400326], [-76.3194239, 3.1400288], [-76.3193948, 3.1400243], [-76.3193692, 3.1400201], [-76.3193416, 3.1400139], [-76.3193064, 3.1400049], [-76.3192765, 3.1399973], [-76.3192449, 3.1399904], [-76.3192215, 3.1399864], [-76.3191988, 3.1399823], [-76.3191684, 3.1399754], [-76.3191404, 3.1399679], [-76.3191116, 3.1399598], [-76.319085, 3.1399517], [-76.3190562, 3.1399437], [-76.3190243, 3.1399342], [-76.319001, 3.139926], [-76.3189713, 3.1399153], [-76.3189437, 3.1399049], [-76.3189155, 3.1398939], [-76.3188871, 3.1398839], [-76.3188559, 3.1398736], [-76.3188272, 3.1398646], [-76.3187944, 3.1398556], [-76.3187606, 3.139846], [-76.3187272, 3.1398354], [-76.3186994, 3.1398265], [-76.3186726, 3.1398176], [-76.3186436, 3.1398057], [-76.3186116, 3.139792], [-76.3185791, 3.1397789], [-76.3185479, 3.1397664], [-76.3185195, 3.1397554], [-76.3184888, 3.1397439], [-76.3184543, 3.1397313], [-76.3184197, 3.1397184], [-76.3183861, 3.1397068], [-76.3183575, 3.1396985], [-76.3183305, 3.1396897], [-76.3183015, 3.1396786], [-76.3182707, 3.1396668], [-76.3182391, 3.1396547], [-76.3182091, 3.1396429], [-76.3181822, 3.1396321], [-76.3181554, 3.1396223], [-76.3181262, 3.1396124], [-76.3180959, 3.139603], [-76.3180637, 3.1395946], [-76.3180317, 3.1395883], [-76.3180038, 3.1395845], [-76.3179779, 3.139582], [-76.3179509, 3.139579], [-76.3179223, 3.1395766], [-76.3178932, 3.1395742], [-76.3178654, 3.1395711], [-76.3178381, 3.1395697], [-76.3178111, 3.1395701], [-76.317786, 3.1395703], [-76.3177628, 3.139569], [-76.3177392, 3.1395667], [-76.3177164, 3.139567], [-76.3176863, 3.1395739], [-76.3176618, 3.1395806], [-76.317634, 3.1395905], [-76.317608, 3.139601], [-76.3175805, 3.1396134], [-76.3175583, 3.1396233], [-76.3175324, 3.1396357], [-76.3175053, 3.1396481], [-76.3174844, 3.1396566], [-76.3174562, 3.1396669], [-76.3174322, 3.1396735], [-76.3174047, 3.1396803], [-76.3173787, 3.1396853], [-76.3173553, 3.1396875], [-76.3173266, 3.1396889], [-76.317298, 3.1396885], [-76.3172738, 3.1396854], [-76.317253, 3.1396753], [-76.3172356, 3.1396586], [-76.3172138, 3.1396471]]}}, {"type": "Feature", "properties": {"OBJECTID": 89, "Shape_Leng": 177.832249919, "RUTA": null}, "geometry": {"type": "LineString", "coordinates": [[-76.2940876, 3.1490636], [-76.2941839, 3.1486773], [-76.2944032, 3.1477804], [-76.2944764, 3.1475037]]}}, {"type": "Feature", "properties": {"OBJECTID": 90, "Shape_Leng": 410.605734653, "RUTA": null}, "geometry": {"type": "LineString", "coordinates": [[-76.296611, 3.1490656], [-76.2971099, 3.1483542], [-76.2971347, 3.1483288], [-76.2971604, 3.1483139], [-76.297209, 3.1483036], [-76.2972681, 3.1483057], [-76.2990023, 3.1488282], [-76.2998114, 3.1490682]]}}, {"type": "Feature", "properties": {"OBJECTID": 91, "Shape_Leng": 737.842697635, "RUTA": null}, "geometry": {"type": "LineString", "coordinates": [[-76.3172138, 3.1396471], [-76.3132075, 3.1343276]]}}, {"type": "Feature", "properties": {"OBJECTID": 92, "Shape_Leng": 662.733524301, "RUTA": null}, "geometry": {"type": "LineString", "coordinates": [[-76.3312014, 3.1334488], [-76.3325036, 3.1322221], [-76.335513, 3.1293101]]}}, {"type": "Feature", "properties": {"OBJECTID": 93, "Shape_Leng": 1996.52113347, "RUTA": null}, "geometry": {"type": "LineString", "coordinates": [[-76.3363982, 3.1284536], [-76.3364965, 3.1281691], [-76.3337262, 3.1253858], [-76.3317767, 3.1234287], [-76.3303847, 3.1209659], [-76.3286085, 3.1177578], [-76.3279828, 3.1165021], [-76.3272161, 3.1150057], [-76.3271075, 3.1148698], [-76.3270435, 3.1148636], [-76.3270155, 3.1148819], [-76.3260628, 3.1155744]]}}, {"type": "Feature", "properties": {"OBJECTID": 94, "Shape_Leng": 1453.13737628, "RUTA": null}, "geometry": {"type": "LineString", "coordinates": [[-76.3634378, 3.149117], [-76.363528, 3.1462106], [-76.3635609, 3.1460949], [-76.3635833, 3.1460622], [-76.3647283, 3.1448434], [-76.3647869, 3.1447178], [-76.3647951, 3.1446357], [-76.364937, 3.140639], [-76.3649391, 3.1405262], [-76.3649553, 3.140342], [-76.3652035, 3.1399208], [-76.3653991, 3.1394726], [-76.3655393, 3.1390038], [-76.3655615, 3.1389029], [-76.3657134, 3.1380869], [-76.3657547, 3.1380006], [-76.3658235, 3.1379313], [-76.3659164, 3.1379127], [-76.3668126, 3.1379429], [-76.3669109, 3.1378994], [-76.3669446, 3.1378747], [-76.3669775, 3.1378406], [-76.3670387, 3.1377773]]}}, {"type": "Feature", "properties": {"OBJECTID": 95, "Shape_Leng": 1931.46563012, "RUTA": null}, "geometry": {"type": "LineString", "coordinates": [[-76.371698, 3.1156668], [-76.3718232, 3.1157072], [-76.3722066, 3.1158309], [-76.3723453, 3.1158549], [-76.3725717, 3.115869], [-76.3726031, 3.1158662], [-76.3733112, 3.1157367], [-76.3752039, 3.1152994], [-76.375259, 3.1152907], [-76.3755483, 3.1152781], [-76.3756882, 3.1152291], [-76.3757433, 3.1151892], [-76.3763762, 3.1146014], [-76.3776416, 3.1137082], [-76.3784585, 3.1130167], [-76.3787328, 3.1127139], [-76.3796571, 3.1117293], [-76.3798304, 3.1115082], [-76.3799034, 3.1113509], [-76.3806556, 3.1090005], [-76.3806666, 3.1088412], [-76.3806608, 3.1088046], [-76.3802355, 3.1040838], [-76.3802186, 3.1039153]]}}, {"type": "Feature", "properties": {"OBJECTID": 96, "Shape_Leng": 992.987345343, "RUTA": null}, "geometry": {"type": "LineString", "coordinates": [[-76.4006199, 3.1212828], [-76.4006068, 3.1212905], [-76.4000633, 3.1215373], [-76.3992809, 3.1218299], [-76.3981301, 3.1222618], [-76.3973661, 3.1225761], [-76.396697, 3.1228175], [-76.396421, 3.1229754], [-76.3961436, 3.1231754], [-76.3959312, 3.1233888], [-76.3957973, 3.1235985], [-76.395608, 3.1239809], [-76.3954344, 3.1243789], [-76.3953492, 3.1246924], [-76.3952817, 3.1249093], [-76.3952073, 3.1250493], [-76.3950918, 3.1251782], [-76.3950326, 3.1252186], [-76.3949524, 3.1252565], [-76.3947081, 3.1253042], [-76.3945931, 3.1253445], [-76.3944919, 3.1254264], [-76.394439, 3.1255336], [-76.3943454, 3.1258233], [-76.394276, 3.1261675], [-76.3942663, 3.1263191], [-76.394336, 3.1265012]]}}, {"type": "Feature", "properties": {"OBJECTID": 97, "Shape_Leng": 379.04644038, "RUTA": null}, "geometry": {"type": "LineString", "coordinates": [[-76.4007114, 3.1212735], [-76.4013381, 3.1214684], [-76.4015372, 3.121559], [-76.4017915, 3.1217599], [-76.402761, 3.1227702], [-76.4028147, 3.1229302], [-76.4028837, 3.1232816], [-76.4029551, 3.1235082], [-76.4029855, 3.1235539]]}}, {"type": "Feature", "properties": {"OBJECTID": 98, "Shape_Leng": 528.191137514, "RUTA": null}, "geometry": {"type": "LineString", "coordinates": [[-76.3914678, 3.1084027], [-76.3914407, 3.1083288], [-76.3898335, 3.1039429], [-76.3898224, 3.1039221]]}}, {"type": "Feature", "properties": {"OBJECTID": 99, "Shape_Leng": 1883.07775497, "RUTA": null}, "geometry": {"type": "LineString", "coordinates": [[-76.3914275, 3.1085515], [-76.3914422, 3.108629], [-76.3916345, 3.1096482], [-76.3918423, 3.1108143], [-76.3919063, 3.1110036], [-76.3920168, 3.1110868], [-76.3920727, 3.1111067], [-76.3929511, 3.1113774], [-76.3930828, 3.1115136], [-76.3931157, 3.1115657], [-76.3938456, 3.1127154], [-76.3940026, 3.1128567], [-76.3968065, 3.1147211], [-76.3969194, 3.1148069], [-76.3970391, 3.1149577], [-76.3971754, 3.115251], [-76.3972557, 3.1157026], [-76.3976336, 3.1179876], [-76.3978893, 3.1194288], [-76.3979725, 3.1195435], [-76.3980624, 3.1196021], [-76.4003407, 3.1210204], [-76.4006264, 3.1212329]]}}, {"type": "Feature", "properties": {"OBJECTID": 100, "Shape_Leng": 57.2977004101, "RUTA": null}, "geometry": {"type": "LineString", "coordinates": [[-76.3977075, 3.104312], [-76.3976757, 3.1042766], [-76.3973621, 3.1039274]]}}, {"type": "Feature", "properties": {"OBJECTID": 101, "Shape_Leng": 1279.94729113, "RUTA": null}, "geometry": {"type": "LineString", "coordinates": [[-76.3887109, 3.1102455], [-76.3888722, 3.1101704], [-76.390419, 3.1091577], [-76.3914331, 3.1085019], [-76.39145, 3.1084818], [-76.3914799, 3.1084417], [-76.394156, 3.106701], [-76.3941748, 3.1066893], [-76.3941955, 3.1066745], [-76.3942179, 3.1066571], [-76.3942443, 3.1066368], [-76.3942658, 3.106621], [-76.3942861, 3.1066068], [-76.3943099, 3.1065915], [-76.394329, 3.1065795], [-76.3943537, 3.1065632], [-76.3943743, 3.1065494], [-76.3943948, 3.1065347], [-76.3944206, 3.1065163], [-76.3944408, 3.1065031], [-76.3944605, 3.10649], [-76.394483, 3.1064749], [-76.394503, 3.1064622], [-76.3945238, 3.106449], [-76.3945493, 3.1064313], [-76.3945702, 3.1064169], [-76.3945905, 3.1064033], [-76.394614, 3.1063882], [-76.3946334, 3.1063757], [-76.3946524, 3.1063635], [-76.3946717, 3.1063502], [-76.3946961, 3.1063324], [-76.3947154, 3.1063171], [-76.394734, 3.1063022], [-76.3947649, 3.1062811], [-76.3947921, 3.1062636], [-76.3948138, 3.1062499], [-76.3948324, 3.1062363], [-76.3948553, 3.1062193], [-76.394874, 3.1062064], [-76.3949026, 3.1061886], [-76.3949261, 3.1061745], [-76.3949449, 3.1061622], [-76.3949711, 3.1061455], [-76.3949993, 3.1061261], [-76.3950231, 3.1061118], [-76.3950491, 3.1060953], [-76.3950712, 3.1060797], [-76.3950957, 3.106062], [-76.3951179, 3.1060468], [-76.3951393, 3.1060319], [-76.3951641, 3.1060148], [-76.3951905, 3.1059974], [-76.3952116, 3.105982], [-76.395235, 3.105965], [-76.3952548, 3.1059499], [-76.3952727, 3.1059361], [-76.3952963, 3.1059187], [-76.3953152, 3.1059038], [-76.3953346, 3.1058883], [-76.3953596, 3.1058698], [-76.3953843, 3.1058531], [-76.3954119, 3.1058339], [-76.3954352, 3.105817], [-76.3954548, 3.1058036], [-76.3954799, 3.1057863], [-76.3955046, 3.1057699], [-76.3955253, 3.1057567], [-76.3955465, 3.1057444], [-76.3955768, 3.1057274], [-76.3955973, 3.1057159], [-76.3956184, 3.1057035], [-76.3956401, 3.1056898], [-76.3956612, 3.1056766], [-76.3956812, 3.1056646], [-76.3956999, 3.1056515], [-76.3957195, 3.1056368], [-76.3957423, 3.105621], [-76.3957619, 3.1056085], [-76.395787, 3.1055897], [-76.3958084, 3.105576], [-76.3958365, 3.1055634], [-76.3958618, 3.105552], [-76.3958874, 3.1055393], [-76.3959116, 3.1055247], [-76.3959327, 3.1055036], [-76.3959589, 3.1054903], [-76.3959844, 3.1054777], [-76.3960076, 3.1054643], [-76.3960319, 3.1054482], [-76.3960592, 3.1054291], [-76.3960864, 3.1054096], [-76.3961123, 3.1053917], [-76.3961375, 3.1053762], [-76.396167, 3.1053583], [-76.3961916, 3.1053426], [-76.3962167, 3.1053242], [-76.3962426, 3.1053043], [-76.3962663, 3.1052855], [-76.3962887, 3.1052694], [-76.3963113, 3.1052536], [-76.3963339, 3.1052384], [-76.396359, 3.1052225], [-76.3963856, 3.1052051], [-76.396411, 3.1051877], [-76.3964345, 3.1051722], [-76.3964561, 3.1051584], [-76.396478, 3.105145], [-76.3964998, 3.1051314], [-76.3965249, 3.1051141], [-76.396551, 3.105095], [-76.3965773, 3.1050757], [-76.396602, 3.1050594], [-76.3966253, 3.1050449], [-76.3966506, 3.1050292], [-76.3966778, 3.1050113], [-76.3967068, 3.1049896], [-76.3967353, 3.104968], [-76.396761, 3.1049491], [-76.3967863, 3.1049331], [-76.3968127, 3.1049174], [-76.3968395, 3.1049001], [-76.3968677, 3.10488], [-76.3968957, 3.1048603], [-76.3969211, 3.1048447], [-76.3969466, 3.1048311], [-76.3969733, 3.1048169], [-76.397001, 3.1047993], [-76.3970314, 3.1047783], [-76.3970615, 3.104758], [-76.3970891, 3.1047408], [-76.3971143, 3.1047261], [-76.3971392, 3.1047121], [-76.397165, 3.104698], [-76.3971919, 3.1046805], [-76.3972178, 3.1046635], [-76.3972422, 3.1046473], [-76.3972657, 3.1046328], [-76.3972902, 3.1046185], [-76.3973156, 3.1046037], [-76.397342, 3.1045864], [-76.3973695, 3.1045669], [-76.397396, 3.104549], [-76.3974213, 3.1045342], [-76.3974446, 3.10452], [-76.3974675, 3.1045047], [-76.3974896, 3.1044897], [-76.3975129, 3.1044738], [-76.3975373, 3.1044597], [-76.3975614, 3.1044466], [-76.3975843, 3.104433], [-76.3976063, 3.1044198], [-76.3976288, 3.1044066], [-76.3976508, 3.104395], [-76.3976724, 3.1043825], [-76.3976957, 3.104367], [-76.3977186, 3.1043507], [-76.3977429, 3.104338], [-76.3977649, 3.1043244], [-76.3977811, 3.1043046], [-76.3978039, 3.1042885], [-76.3978234, 3.1042719], [-76.3978412, 3.104258], [-76.3978644, 3.1042433], [-76.3978841, 3.1042313], [-76.3979104, 3.1042152], [-76.3979325, 3.1042008], [-76.3979573, 3.1041827], [-76.3979755, 3.104169], [-76.3979963, 3.1041541], [-76.3980177, 3.1041389], [-76.3980385, 3.1041242], [-76.3980595, 3.1041092], [-76.3980789, 3.1040948], [-76.3980991, 3.1040794], [-76.3981201, 3.1040648], [-76.3981477, 3.1040469], [-76.3981719, 3.1040312], [-76.398196, 3.1040169], [-76.3982195, 3.1040026], [-76.3982417, 3.1039895], [-76.3982633, 3.1039767], [-76.398289, 3.1039624], [-76.3983109, 3.103949], [-76.3983328, 3.1039344], [-76.3983421, 3.1039281]]}}, {"type": "Feature", "properties": {"OBJECTID": 102, "Shape_Leng": 948.110836108, "RUTA": null}, "geometry": {"type": "LineString", "coordinates": [[-76.3471591, 3.1038913], [-76.3471286, 3.104068], [-76.3471401, 3.1042828], [-76.3472043, 3.1044418], [-76.34724, 3.104492], [-76.3476453, 3.1048694], [-76.3478039, 3.1051435], [-76.3479954, 3.1059393], [-76.3479991, 3.1061048], [-76.3479731, 3.1062014], [-76.3479324, 3.1063863], [-76.3479549, 3.1065166], [-76.3480097, 3.1066717], [-76.3480538, 3.1068114], [-76.3480011, 3.1071139], [-76.3478649, 3.1074645], [-76.3477761, 3.1078029], [-76.3477129, 3.108225], [-76.3476987, 3.1085057], [-76.347623, 3.1087776], [-76.3475803, 3.1089546], [-76.3475863, 3.1090602], [-76.3476714, 3.1096827], [-76.3477357, 3.1102795], [-76.3478019, 3.1104164], [-76.3480617, 3.1106442], [-76.3483747, 3.110953], [-76.3485725, 3.1110833], [-76.3486917, 3.1111321], [-76.3488545, 3.1112402], [-76.3489405, 3.1113266], [-76.3490618, 3.1114734]]}}, {"type": "Feature", "properties": {"OBJECTID": 104, "Shape_Leng": 594.877372338, "RUTA": null}, "geometry": {"type": "LineString", "coordinates": [[-76.3705024, 3.1039084], [-76.3693363, 3.1047298], [-76.3692911, 3.1047481], [-76.3692038, 3.1047835], [-76.3688393, 3.1049769], [-76.368193, 3.1053859], [-76.3681414, 3.1054801], [-76.3681425, 3.1055752], [-76.3681603, 3.1056431], [-76.3684532, 3.1060661], [-76.3684429, 3.1062201], [-76.3684389, 3.1062344], [-76.3683717, 3.1063121], [-76.3682764, 3.1064018], [-76.3680701, 3.1064629], [-76.3679631, 3.1064736], [-76.3676976, 3.1064837], [-76.3674408, 3.1065524], [-76.3672304, 3.1066598], [-76.3669595, 3.106855]]}}, {"type": "Feature", "properties": {"OBJECTID": 105, "Shape_Leng": 333.585531658, "RUTA": null}, "geometry": {"type": "LineString", "coordinates": [[-76.397046, 3.1491412], [-76.3970489, 3.1491372], [-76.3972695, 3.1487726], [-76.3974747, 3.1483954], [-76.3978876, 3.1475578], [-76.3983912, 3.1464476]]}}, {"type": "Feature", "properties": {"OBJECTID": 106, "Shape_Leng": 282.447243444, "RUTA": null}, "geometry": {"type": "LineString", "coordinates": [[-76.4029879, 3.1201117], [-76.4027291, 3.1202481], [-76.4017769, 3.1206937], [-76.4007641, 3.1211974], [-76.4007052, 3.1212323]]}}, {"type": "Feature", "properties": {"OBJECTID": 108, "Shape_Leng": 2133.63206192, "RUTA": null}, "geometry": {"type": "LineString", "coordinates": [[-76.4124877, 3.0786611], [-76.4120384, 3.0787804], [-76.4119339, 3.0788298], [-76.4117614, 3.0790219], [-76.4114844, 3.079471], [-76.4108466, 3.080603], [-76.4102426, 3.0817008], [-76.4101153, 3.0819766], [-76.4100741, 3.0821508], [-76.410073, 3.0822007], [-76.4101122, 3.0827598], [-76.4100878, 3.0830043], [-76.4100291, 3.0831859], [-76.4099045, 3.0834044], [-76.4097325, 3.0835875], [-76.4097058, 3.0836093], [-76.4093808, 3.0839248], [-76.4093084, 3.0840239], [-76.4092771, 3.0841231], [-76.4092787, 3.0841528], [-76.4092885, 3.0843506], [-76.4092967, 3.0845159], [-76.4093005, 3.0846114], [-76.4093101, 3.0846889], [-76.4093677, 3.0847387], [-76.4097836, 3.0851026], [-76.4099471, 3.0852961], [-76.4099685, 3.0853924], [-76.4099326, 3.0854843], [-76.409902, 3.0855143], [-76.4087114, 3.0865955], [-76.4065458, 3.0885864], [-76.4062172, 3.0888641], [-76.4061026, 3.0889381], [-76.4060337, 3.0889553], [-76.405819, 3.0889815], [-76.4056277, 3.0890548], [-76.4055257, 3.0891242], [-76.4050914, 3.0895061], [-76.4047519, 3.0898653], [-76.4043451, 3.0903959], [-76.403931, 3.0909545], [-76.4038048, 3.0911211], [-76.4037809, 3.0911527], [-76.4035205, 3.0915122], [-76.4033826, 3.091763], [-76.4033452, 3.0918619], [-76.403158, 3.0923702], [-76.4031535, 3.0923996], [-76.4031474, 3.0924243], [-76.4031427, 3.0924513], [-76.4031381, 3.0924761], [-76.4031337, 3.0925013], [-76.4031284, 3.0925376], [-76.4031231, 3.0925656], [-76.4031178, 3.0925904], [-76.4031117, 3.0926179], [-76.4031061, 3.0926432], [-76.4031012, 3.0926668], [-76.403096, 3.0926947], [-76.4030907, 3.0927266], [-76.4030864, 3.0927493], [-76.4030782, 3.0927856], [-76.4030733, 3.0928236], [-76.4030715, 3.0928514], [-76.4030689, 3.0928794], [-76.403067, 3.0929067], [-76.403065, 3.0929341], [-76.4030634, 3.0929637], [-76.4030612, 3.0929881], [-76.4030585, 3.0930166], [-76.4030551, 3.0930435], [-76.4030477, 3.0930797], [-76.4030423, 3.0931102], [-76.4030378, 3.0931345], [-76.4030326, 3.0931683], [-76.4030294, 3.0931972], [-76.403028, 3.0932264], [-76.403027, 3.0932544], [-76.4030263, 3.0932835], [-76.4030255, 3.0933127], [-76.403022, 3.0933504], [-76.403018, 3.0933834], [-76.4030144, 3.0934132], [-76.4030104, 3.0934408], [-76.403006, 3.0934641]]}}, {"type": "Feature", "properties": {"OBJECTID": 109, "Shape_Leng": 37.7466846498, "RUTA": null}, "geometry": {"type": "LineString", "coordinates": [[-76.4051446, 3.1036262], [-76.4051585, 3.1036566], [-76.4051693, 3.1036785], [-76.4051853, 3.103712], [-76.4051984, 3.1037369], [-76.4052144, 3.1037691], [-76.4052272, 3.1037958], [-76.4052419, 3.1038237], [-76.4052534, 3.1038452], [-76.4052645, 3.1038662], [-76.4052779, 3.1038948], [-76.4052866, 3.103916], [-76.4052933, 3.1039329]]}}, {"type": "Feature", "properties": {"OBJECTID": 122, "Shape_Leng": 1953.07497634, "RUTA": null}, "geometry": {"type": "LineString", "coordinates": [[-76.4651611, 3.0840044], [-76.4634051, 3.0832834], [-76.4623218, 3.0828593], [-76.4611944, 3.0824321], [-76.461042, 3.0823821], [-76.4608998, 3.0823358], [-76.4606192, 3.0822887], [-76.4604079, 3.0822607], [-76.4602762, 3.0822315], [-76.4601626, 3.0821888], [-76.4595847, 3.0819013], [-76.4594653, 3.0818214], [-76.4593998, 3.081724], [-76.4593475, 3.0816056], [-76.4592828, 3.0815211], [-76.4592151, 3.0814694], [-76.458529, 3.0809837], [-76.4578028, 3.0804352], [-76.457672, 3.0803592], [-76.4575783, 3.0803318], [-76.4574648, 3.0803188], [-76.4573681, 3.0803055], [-76.4565606, 3.0802169], [-76.4557838, 3.0801419], [-76.4552861, 3.080092], [-76.4551636, 3.0800641], [-76.4550791, 3.0800341], [-76.4549567, 3.0799812], [-76.4547056, 3.0798697], [-76.4537785, 3.0794707], [-76.452675, 3.0789934], [-76.451921, 3.078655], [-76.4515298, 3.0784729], [-76.4514146, 3.0784217], [-76.4512887, 3.0783909], [-76.4511944, 3.0783979], [-76.4503749, 3.0784192], [-76.4489197, 3.078463]]}}, {"type": "Feature", "properties": {"OBJECTID": 123, "Shape_Leng": 677.783459797, "RUTA": null}, "geometry": {"type": "LineString", "coordinates": [[-76.4651604, 3.0840091], [-76.4671403, 3.0847811], [-76.4675512, 3.0849807], [-76.4679133, 3.0852247], [-76.4687434, 3.0857716], [-76.4693317, 3.0861702], [-76.4699022, 3.0865584], [-76.4702628, 3.0867989], [-76.4704773, 3.0869423]]}}, {"type": "Feature", "properties": {"OBJECTID": 124, "Shape_Leng": 1160.25817003, "RUTA": null}, "geometry": {"type": "LineString", "coordinates": [[-76.4612704, 3.0587552], [-76.4621, 3.0596567], [-76.4621873, 3.0597332], [-76.4622881, 3.0598133], [-76.4624172, 3.0598957], [-76.4631174, 3.060255], [-76.4643708, 3.0608374], [-76.4660291, 3.0616347], [-76.4669117, 3.0620441], [-76.4678286, 3.0624469], [-76.4684152, 3.0626975], [-76.4690153, 3.0629171], [-76.4697552, 3.0631885], [-76.4704917, 3.0634365]]}}, {"type": "Feature", "properties": {"OBJECTID": 126, "Shape_Leng": 531.151519014, "RUTA": null}, "geometry": {"type": "LineString", "coordinates": [[-76.5235216, 3.0687057], [-76.5200215, 3.0687064], [-76.5188572, 3.068693], [-76.5187437, 3.0686917]]}}, {"type": "Feature", "properties": {"OBJECTID": 127, "Shape_Leng": 1476.11015219, "RUTA": null}, "geometry": {"type": "LineString", "coordinates": [[-76.5182973, 3.0641125], [-76.5184941, 3.0643035], [-76.5187568, 3.064648], [-76.5188496, 3.0649344], [-76.5189154, 3.0653929], [-76.5189542, 3.0655522], [-76.5189361, 3.0655985], [-76.518899, 3.0656663], [-76.5188427, 3.065718], [-76.5187537, 3.065795], [-76.5187023, 3.0658472], [-76.5186933, 3.0658991], [-76.5187254, 3.0659511], [-76.5190046, 3.0661788], [-76.5190536, 3.0662246], [-76.5190665, 3.0663184], [-76.5190584, 3.0663647], [-76.5189949, 3.0665385], [-76.5189552, 3.0666972], [-76.5189359, 3.0668099], [-76.5189769, 3.0672286], [-76.5190499, 3.0675544], [-76.5190903, 3.067695], [-76.5190629, 3.0677974], [-76.5187085, 3.0684578], [-76.5186852, 3.0685177], [-76.5186738, 3.068547], [-76.518698, 3.0686549], [-76.5187061, 3.0686913], [-76.5187898, 3.0688743], [-76.5188832, 3.0690115], [-76.5189331, 3.0690661], [-76.5190117, 3.0691242], [-76.5191261, 3.0692085], [-76.519211, 3.0693073], [-76.5194996, 3.0700869], [-76.5198266, 3.0709984], [-76.5198784, 3.0710356], [-76.5199906, 3.0710682], [-76.5201527, 3.071085], [-76.5210035, 3.0711147], [-76.5223854, 3.0711113], [-76.5224167, 3.0711076], [-76.5224808, 3.0710818], [-76.5225257, 3.0710492], [-76.522746, 3.0708243], [-76.5228641, 3.0707379], [-76.5230651, 3.0706551], [-76.5234171, 3.0705857], [-76.5235356, 3.0705905], [-76.5235132, 3.0695568], [-76.5235438, 3.0689458]]}}, {"type": "Feature", "properties": {"OBJECTID": 128, "Shape_Leng": 2223.82850496, "RUTA": null}, "geometry": {"type": "LineString", "coordinates": [[-76.5241882, 3.0686987], [-76.5247289, 3.0687081], [-76.5271291, 3.0687096], [-76.5272269, 3.0687111], [-76.5272787, 3.0687214], [-76.5287702, 3.0691805], [-76.5288826, 3.0692443], [-76.5289207, 3.0692821], [-76.5296902, 3.0704402], [-76.5297661, 3.0705299], [-76.529918, 3.0706555], [-76.5326182, 3.0723945], [-76.5328336, 3.0725293], [-76.533003, 3.0725971], [-76.5331766, 3.0726306], [-76.533307, 3.0726058], [-76.5335289, 3.0725339], [-76.5342028, 3.0722593], [-76.534463, 3.0721349], [-76.5345694, 3.0720554], [-76.5355584, 3.0713026], [-76.5355902, 3.0712515], [-76.5356118, 3.0711445], [-76.5356149, 3.0710803], [-76.5355361, 3.0697607], [-76.5354562, 3.0685345], [-76.5354343, 3.0682264], [-76.5354457, 3.068159], [-76.5354894, 3.0680629], [-76.5358237, 3.0676633], [-76.5358759, 3.067614], [-76.5359995, 3.0675147], [-76.5372886, 3.0666807], [-76.5373702, 3.0666157], [-76.5374205, 3.066544], [-76.537888, 3.0656353], [-76.5379567, 3.0654945]]}}, {"type": "Feature", "properties": {"OBJECTID": 129, "Shape_Leng": 307.311609085, "RUTA": null}, "geometry": {"type": "LineString", "coordinates": [[-76.4952681, 3.0615179], [-76.4953505, 3.0602556], [-76.4953944, 3.0597781], [-76.4954846, 3.0593077], [-76.4956449, 3.0587761]]}}, {"type": "Feature", "properties": {"OBJECTID": 130, "Shape_Leng": 1535.50278273, "RUTA": null}, "geometry": {"type": "LineString", "coordinates": [[-76.5012589, 3.0731926], [-76.4999349, 3.071574], [-76.4997914, 3.0714361], [-76.499752, 3.0714101], [-76.4993938, 3.071214], [-76.499326, 3.0711878], [-76.4985782, 3.0706954], [-76.4981886, 3.070446], [-76.4980741, 3.0703295], [-76.4980739, 3.0703293], [-76.4977057, 3.0696524], [-76.4968014, 3.0678303], [-76.4959245, 3.0660788], [-76.4954882, 3.0652118], [-76.4952197, 3.0647228], [-76.4951321, 3.0644467], [-76.495109, 3.0642957], [-76.4951388, 3.0636819], [-76.495191, 3.0628846], [-76.4952363, 3.0622308], [-76.4952681, 3.0615179], [-76.4952594, 3.0615158]]}}, {"type": "Feature", "properties": {"OBJECTID": 133, "Shape_Leng": 475.176844022, "RUTA": null}, "geometry": {"type": "LineString", "coordinates": [[-76.4739284, 3.0893411], [-76.4738901, 3.088328], [-76.4738646, 3.0874348], [-76.4738416, 3.0869639], [-76.4737354, 3.086338], [-76.47365, 3.0862221], [-76.4725645, 3.0858957]]}}, {"type": "Feature", "properties": {"OBJECTID": 136, "Shape_Leng": 1916.44262331, "RUTA": null}, "geometry": {"type": "LineString", "coordinates": [[-76.5072967, 3.0797765], [-76.5079066, 3.0796206], [-76.5080188, 3.0795934], [-76.5081066, 3.0795613], [-76.5082089, 3.0794501], [-76.508331, 3.0792317], [-76.5084559, 3.0790369], [-76.508598, 3.078934], [-76.5088001, 3.0788096], [-76.5089075, 3.0787598], [-76.5094856, 3.0785333], [-76.5096376, 3.0784535], [-76.5097533, 3.0783615], [-76.5100235, 3.0781634], [-76.5101186, 3.0781287], [-76.5102677, 3.0781037], [-76.5105276, 3.0780063], [-76.5106713, 3.0779135], [-76.511468, 3.0774428], [-76.5122421, 3.0769982], [-76.5125276, 3.0768759], [-76.5127085, 3.0768223], [-76.5129712, 3.0767591], [-76.5132013, 3.0766615], [-76.513394, 3.0766269], [-76.5140496, 3.0761505], [-76.5140721, 3.0761245], [-76.5141072, 3.0760732], [-76.5141365, 3.0759823], [-76.5141612, 3.0758677], [-76.5142341, 3.075727], [-76.5143301, 3.0755947], [-76.5144881, 3.0754546], [-76.5148551, 3.0751757], [-76.5153681, 3.0748239], [-76.5155656, 3.0746825], [-76.5158549, 3.0745309], [-76.5159713, 3.0745024], [-76.517166, 3.074233], [-76.5173022, 3.0741974], [-76.5175174, 3.0741612], [-76.5177989, 3.0741233], [-76.5180909, 3.0740587], [-76.5183184, 3.0739798], [-76.5184715, 3.0739146], [-76.5186379, 3.0738062], [-76.518925, 3.07364], [-76.5190297, 3.0735918], [-76.5192367, 3.073559], [-76.5206041, 3.0732621], [-76.5208083, 3.0732718], [-76.5213718, 3.0733442], [-76.5219253, 3.0735022], [-76.5219473, 3.0728553]]}}, {"type": "Feature", "properties": {"OBJECTID": 137, "Shape_Leng": 522.845030766, "RUTA": null}, "geometry": {"type": "LineString", "coordinates": [[-76.4704917, 3.0634365], [-76.4710417, 3.0636217], [-76.4722435, 3.0640254], [-76.4730057, 3.0642805], [-76.4742911, 3.0646999], [-76.4746493, 3.0648395], [-76.4747578, 3.0648744], [-76.4748311, 3.0648913], [-76.4749312, 3.0649095], [-76.4749575, 3.0649102]]}}, {"type": "Feature", "properties": {"OBJECTID": 138, "Shape_Leng": 1703.400582, "RUTA": null}, "geometry": {"type": "LineString", "coordinates": [[-76.5100668, 3.085641], [-76.5097423, 3.0852526], [-76.509527, 3.0850225], [-76.5094521, 3.0849339], [-76.509364, 3.084789], [-76.508982, 3.0841129], [-76.5086739, 3.0835316], [-76.5081493, 3.0826494], [-76.5080574, 3.0825266], [-76.5078997, 3.0823215], [-76.5075424, 3.0818358], [-76.5072089, 3.0813598], [-76.5068054, 3.0807705], [-76.5067328, 3.0806363], [-76.5066589, 3.0804706], [-76.50655, 3.0802858], [-76.5064215, 3.0801538], [-76.5062631, 3.0800062], [-76.5057628, 3.0793982], [-76.5054069, 3.078976], [-76.5053449, 3.078842], [-76.5052292, 3.0784472], [-76.5051497, 3.0780897], [-76.5050944, 3.077942], [-76.5049182, 3.0776849], [-76.5045255, 3.0771065], [-76.5042697, 3.0768026], [-76.5041744, 3.0767302], [-76.5040281, 3.0766152], [-76.5035153, 3.0761325], [-76.5032702, 3.0758609], [-76.5030842, 3.0755786], [-76.5026548, 3.0749922], [-76.501776, 3.0738628], [-76.5012589, 3.0731926]]}}, {"type": "Feature", "properties": {"OBJECTID": 139, "Shape_Leng": 2123.61729298, "RUTA": null}, "geometry": {"type": "LineString", "coordinates": [[-76.5100668, 3.085641], [-76.5103399, 3.0860324], [-76.5104324, 3.0862156], [-76.5106336, 3.0866315], [-76.5107067, 3.0867543], [-76.5107795, 3.0868496], [-76.5111757, 3.0873209], [-76.5112266, 3.087398], [-76.5112717, 3.0874894], [-76.5115386, 3.0880828], [-76.5115783, 3.08812], [-76.5117074, 3.0882312], [-76.5118526, 3.088344], [-76.5127361, 3.0889486], [-76.5132517, 3.0893013], [-76.5138391, 3.0896984], [-76.5139497, 3.0898012], [-76.5140748, 3.0899214], [-76.5141481, 3.0900069], [-76.5142082, 3.0901149], [-76.5142548, 3.0902346], [-76.5142807, 3.090393], [-76.5142709, 3.0906534], [-76.514254, 3.0908076], [-76.5142574, 3.0909402], [-76.5143034, 3.0910296], [-76.5144382, 3.0911428], [-76.5146038, 3.091219], [-76.5148356, 3.0913036], [-76.515034, 3.0914151], [-76.5157805, 3.09196], [-76.5176049, 3.0933366], [-76.5177555, 3.0934353], [-76.5179011, 3.0935276], [-76.5180161, 3.0935833], [-76.5182011, 3.0936556], [-76.5184665, 3.093766], [-76.5190179, 3.0940208], [-76.5194188, 3.0942146], [-76.5196332, 3.0942955], [-76.5197844, 3.0943656], [-76.5199102, 3.094457], [-76.5200309, 3.0945675], [-76.5203426, 3.09491], [-76.5206579, 3.0953082], [-76.5207719, 3.0953926], [-76.5208736, 3.0954499], [-76.5210483, 3.0955106], [-76.5220931, 3.0957432], [-76.5228724, 3.0959099], [-76.5234082, 3.0960251], [-76.5235939, 3.0960838], [-76.5237959, 3.0961727], [-76.5239596, 3.0962759], [-76.5241249, 3.0964046], [-76.5242444, 3.0965298], [-76.524322, 3.0966245], [-76.5244182, 3.0967631], [-76.5244774, 3.0968071]]}}, {"type": "Feature", "properties": {"OBJECTID": 142, "Shape_Leng": 724.516195012, "RUTA": null}, "geometry": {"type": "LineString", "coordinates": [[-76.4053064, 3.1039653], [-76.4053171, 3.1039919], [-76.4053277, 3.1040182], [-76.4053379, 3.1040423], [-76.4053475, 3.1040652], [-76.4053574, 3.1040878], [-76.4053676, 3.10411], [-76.4053789, 3.1041394], [-76.4053909, 3.1041668], [-76.4054013, 3.104188], [-76.405412, 3.1042116], [-76.4054217, 3.1042336], [-76.4054327, 3.1042559], [-76.4054435, 3.1042811], [-76.405454, 3.1043021], [-76.4054649, 3.1043228], [-76.4054763, 3.1043472], [-76.4054906, 3.1043797], [-76.4055016, 3.104403], [-76.405514, 3.1044253], [-76.4055271, 3.1044474], [-76.4055406, 3.10447], [-76.4055554, 3.1044937], [-76.4055693, 3.1045185], [-76.4055839, 3.1045441], [-76.4055976, 3.104569], [-76.4056113, 3.1045932], [-76.4056248, 3.1046177], [-76.405639, 3.104644], [-76.4056583, 3.1046753], [-76.4056765, 3.1047014], [-76.4056934, 3.1047262], [-76.4057082, 3.1047499], [-76.4057223, 3.1047726], [-76.4057359, 3.1047938], [-76.4057513, 3.1048153], [-76.4057684, 3.1048384], [-76.405784, 3.1048611], [-76.405799, 3.1048836], [-76.4058147, 3.1049061], [-76.4058287, 3.1049278], [-76.4058433, 3.104948], [-76.4058593, 3.1049679], [-76.405876, 3.1049887], [-76.4058916, 3.1050105], [-76.4059064, 3.1050335], [-76.405924, 3.1050615], [-76.4059406, 3.1050877], [-76.4059536, 3.1051085], [-76.4059681, 3.10513], [-76.4059846, 3.1051528], [-76.4060038, 3.1051776], [-76.4060222, 3.1052014], [-76.4060363, 3.1052207], [-76.4060511, 3.1052394], [-76.4060664, 3.1052587], [-76.4060815, 3.1052786], [-76.4060973, 3.1052994], [-76.4061151, 3.1053211], [-76.4061309, 3.1053422], [-76.4061458, 3.1053627], [-76.406162, 3.105387], [-76.4061736, 3.105409], [-76.4061857, 3.1054312], [-76.4062006, 3.1054521], [-76.4062185, 3.1054745], [-76.4062344, 3.1054956], [-76.4062486, 3.1055161], [-76.4062615, 3.1055359], [-76.4062748, 3.1055549], [-76.4062908, 3.105575], [-76.4063116, 3.1055981], [-76.4063272, 3.1056179], [-76.4063443, 3.1056459], [-76.4063577, 3.1056671], [-76.4063718, 3.1056875], [-76.4063855, 3.1057067], [-76.4064028, 3.1057314], [-76.4064228, 3.1057591], [-76.4064447, 3.105788], [-76.4064679, 3.1058171], [-76.4064903, 3.1058436], [-76.4065102, 3.1058644], [-76.4065276, 3.1058814], [-76.406547, 3.1058996], [-76.406569, 3.10592], [-76.4065866, 3.105937], [-76.4066061, 3.1059564], [-76.4066247, 3.1059746], [-76.4066434, 3.1059906], [-76.4066634, 3.1060049], [-76.4066853, 3.1060185], [-76.4067047, 3.1060303], [-76.4067252, 3.1060429], [-76.4067454, 3.1060561], [-76.4067681, 3.1060706], [-76.4067975, 3.1060896], [-76.4068259, 3.1061082], [-76.4068522, 3.106126], [-76.4068742, 3.1061409], [-76.4069003, 3.1061586], [-76.4069235, 3.1061743], [-76.4069452, 3.1061893], [-76.4069663, 3.1062034], [-76.4069854, 3.1062165], [-76.4070119, 3.106234], [-76.4070383, 3.1062517], [-76.4070634, 3.1062687], [-76.4070872, 3.1062844], [-76.4071103, 3.1062995], [-76.4071309, 3.1063126], [-76.4071586, 3.1063305], [-76.4071846, 3.1063482], [-76.4072068, 3.1063646], [-76.4072307, 3.1063825], [-76.4072544, 3.1063991], [-76.4072745, 3.1064123], [-76.4072972, 3.1064271], [-76.4073199, 3.1064421], [-76.4073436, 3.106457], [-76.4073747, 3.106476], [-76.407395, 3.1064879], [-76.4074157, 3.1064986], [-76.4074386, 3.1065098], [-76.4074648, 3.1065234], [-76.4074912, 3.1065381], [-76.4075162, 3.1065516], [-76.4075428, 3.1065636], [-76.4075714, 3.1065752], [-76.4075963, 3.1065845], [-76.4076239, 3.1065943], [-76.4076479, 3.1066034], [-76.4076717, 3.1066115], [-76.4077011, 3.1066218], [-76.4077238, 3.1066295], [-76.4077519, 3.1066372], [-76.4077783, 3.1066453], [-76.4078019, 3.1066546], [-76.4078266, 3.1066662], [-76.4078545, 3.1066802], [-76.4078794, 3.1066929], [-76.4079061, 3.1067068], [-76.4079313, 3.1067207], [-76.4079589, 3.1067371], [-76.4079805, 3.1067505], [-76.4080024, 3.1067652], [-76.4080242, 3.10678], [-76.4080483, 3.1067959], [-76.4080718, 3.1068112], [-76.4080913, 3.1068243], [-76.4081134, 3.1068386], [-76.4081346, 3.1068527], [-76.4081557, 3.1068668], [-76.4081754, 3.10688], [-76.4081999, 3.1068966], [-76.408221, 3.1069121], [-76.4082404, 3.1069271], [-76.4082609, 3.1069432], [-76.4082804, 3.1069598], [-76.4082988, 3.106977], [-76.4083164, 3.1069944], [-76.4083312, 3.107012], [-76.4083451, 3.1070308], [-76.4083624, 3.10705], [-76.4083825, 3.1070704], [-76.4084034, 3.1070903], [-76.4084243, 3.1071091], [-76.4084425, 3.1071263], [-76.4084671, 3.107151], [-76.408484, 3.1071671], [-76.408509, 3.1071886], [-76.4085301, 3.1072068], [-76.4085544, 3.1072278], [-76.4085785, 3.1072471], [-76.408607, 3.1072674], [-76.4086272, 3.1072801], [-76.4086489, 3.107294], [-76.4086722, 3.1073096], [-76.4086917, 3.1073227], [-76.4087121, 3.1073369], [-76.4087362, 3.1073542], [-76.4087543, 3.107369], [-76.4087767, 3.1073903], [-76.4087979, 3.1074101], [-76.4088154, 3.1074269], [-76.4088349, 3.107448], [-76.4088565, 3.1074735], [-76.4088726, 3.1074924], [-76.4088878, 3.1075111], [-76.4089108, 3.107542], [-76.408926, 3.1075631], [-76.4089431, 3.1075887], [-76.4089561, 3.1076105], [-76.408968, 3.107631], [-76.4089819, 3.107653], [-76.4089991, 3.1076793], [-76.4090142, 3.1077023], [-76.4090283, 3.1077233], [-76.4090466, 3.1077523], [-76.4090609, 3.1077764], [-76.4090744, 3.1077988], [-76.4090867, 3.1078193], [-76.4090982, 3.1078389], [-76.4091179, 3.1078676], [-76.4091347, 3.1078911], [-76.4091518, 3.1079156], [-76.4091677, 3.1079396], [-76.4091816, 3.1079624], [-76.4091994, 3.1079936], [-76.40922, 3.1080264], [-76.409234, 3.1080474], [-76.4092488, 3.108068], [-76.4092636, 3.1080874], [-76.409281, 3.108109], [-76.4092981, 3.1081292], [-76.4093141, 3.1081474], [-76.4093374, 3.1081725], [-76.4093586, 3.1081956], [-76.4093774, 3.1082153], [-76.4093961, 3.108235], [-76.4094174, 3.108258], [-76.4094397, 3.1082837], [-76.4094588, 3.1083056], [-76.4094767, 3.1083239], [-76.4094999, 3.1083475], [-76.4095082, 3.1083561], [-76.4095207, 3.1083689], [-76.4095381, 3.1083872], [-76.4095602, 3.1084076], [-76.4095801, 3.1084236], [-76.4095991, 3.1084387], [-76.4096179, 3.1084553], [-76.4096329, 3.1084678], [-76.4096352, 3.1084697], [-76.4096574, 3.108487], [-76.4096753, 3.1085028], [-76.4096938, 3.1085217], [-76.4097337, 3.108562]]}}, {"type": "Feature", "properties": {"OBJECTID": 146, "Shape_Leng": 37.6239884381, "RUTA": null}, "geometry": {"type": "LineString", "coordinates": [[-76.4032876, 3.1199537], [-76.4029879, 3.1201117]]}}, {"type": "Feature", "properties": {"OBJECTID": 148, "Shape_Leng": 3.86806211818, "RUTA": null}, "geometry": {"type": "LineString", "coordinates": [[-76.4052933, 3.1039329], [-76.4052972, 3.1039425], [-76.4053064, 3.1039653]]}}, {"type": "Feature", "properties": {"OBJECTID": 149, "Shape_Leng": 817.440530003, "RUTA": null}, "geometry": {"type": "LineString", "coordinates": [[-76.4093414, 3.1162161], [-76.4092159, 3.1168537], [-76.4091214, 3.1169954], [-76.4090299, 3.1170708], [-76.4070311, 3.1180967], [-76.4055343, 3.1188263], [-76.4036268, 3.1197749], [-76.4032876, 3.1199537]]}}, {"type": "Feature", "properties": {"OBJECTID": 150, "Shape_Leng": 349.67467795, "RUTA": null}, "geometry": {"type": "LineString", "coordinates": [[-76.4100406, 3.1131456], [-76.4100246, 3.1132223], [-76.4098557, 3.1137932], [-76.4097145, 3.1142009], [-76.4097005, 3.1143277], [-76.4096216, 3.1145687], [-76.4095476, 3.1149187], [-76.4094439, 3.1152999], [-76.409391, 3.1157983], [-76.4093894, 3.1158363], [-76.4093414, 3.1162161]]}}, {"type": "Feature", "properties": {"OBJECTID": 152, "Shape_Leng": 51.0696393396, "RUTA": null}, "geometry": {"type": "LineString", "coordinates": [[-76.4029855, 3.1235539], [-76.4030067, 3.1235857], [-76.4033194, 3.1238695]]}}, {"type": "Feature", "properties": {"OBJECTID": 247, "Shape_Leng": 152.886715072, "RUTA": null}, "geometry": {"type": "LineString", "coordinates": [[-76.2674765, 3.238177], [-76.2674227, 3.2382188], [-76.2673648, 3.2382941], [-76.2673024, 3.2384372], [-76.2672949, 3.2384666], [-76.2670404, 3.2394667]]}}, {"type": "Feature", "properties": {"OBJECTID": 248, "Shape_Leng": 607.507068103, "RUTA": null}, "geometry": {"type": "LineString", "coordinates": [[-76.2642796, 3.2328867], [-76.2634668, 3.2330897], [-76.2633783, 3.2331165], [-76.2632182, 3.2331548], [-76.262758, 3.2332968], [-76.2625982, 3.2333541], [-76.2624401, 3.2334342], [-76.2622833, 3.2335387], [-76.2613416, 3.2342651], [-76.2611636, 3.2344028], [-76.26104, 3.2345486], [-76.2605621, 3.2351876], [-76.2600816, 3.2358249], [-76.2600653, 3.2358504], [-76.2600594, 3.2358621], [-76.260038, 3.2359048], [-76.26003, 3.2359512], [-76.2600316, 3.2359751]]}}, {"type": "Feature", "properties": {"OBJECTID": 249, "Shape_Leng": 743.600340692, "RUTA": null}, "geometry": {"type": "LineString", "coordinates": [[-76.2496235, 3.2340024], [-76.2495816, 3.234015], [-76.2495337, 3.2340515], [-76.2494807, 3.2341213], [-76.2494442, 3.2341843], [-76.2494366, 3.2341973], [-76.2490581, 3.2349094], [-76.2489658, 3.235056], [-76.2488725, 3.2351814], [-76.2484622, 3.2356776], [-76.2476393, 3.2365582], [-76.2468866, 3.2374616], [-76.2461327, 3.238407], [-76.2455954, 3.2390798], [-76.2455484, 3.2391476], [-76.2455145, 3.239205], [-76.2454887, 3.2392488]]}}, {"type": "Feature", "properties": {"OBJECTID": 250, "Shape_Leng": 1177.21808681, "RUTA": null}, "geometry": {"type": "LineString", "coordinates": [[-76.2410901, 3.2317536], [-76.2410443, 3.2318841], [-76.2406178, 3.2330998], [-76.2402943, 3.2339251], [-76.2399926, 3.2348105], [-76.239994, 3.2348491], [-76.2399984, 3.234889], [-76.2400375, 3.2349363], [-76.2401177, 3.2349742], [-76.242099, 3.2357261], [-76.2439938, 3.236465], [-76.2459705, 3.2372115], [-76.2466186, 3.2374685], [-76.2467769, 3.2375313]]}}, {"type": "Feature", "properties": {"OBJECTID": 253, "Shape_Leng": 672.69774321, "RUTA": null}, "geometry": {"type": "LineString", "coordinates": [[-76.2411242, 3.2317622], [-76.2411032, 3.231718], [-76.2402111, 3.2312992], [-76.23885, 3.2352789], [-76.2385684, 3.2360655]]}}, {"type": "Feature", "properties": {"OBJECTID": 254, "Shape_Leng": 966.783113764, "RUTA": null}, "geometry": {"type": "LineString", "coordinates": [[-76.231414, 3.2341177], [-76.2317462, 3.234173], [-76.2325496, 3.2342724], [-76.2334538, 3.2343502], [-76.2335895, 3.2343586], [-76.2336382, 3.2343884], [-76.2337896, 3.2345567], [-76.23383, 3.2345791], [-76.2338929, 3.2345829], [-76.2339438, 3.2345372], [-76.2339909, 3.2345161], [-76.2340497, 3.2345323], [-76.2346089, 3.2350141], [-76.2346836, 3.2351111], [-76.2351615, 3.2362262], [-76.2356717, 3.2373383], [-76.2357749, 3.2375631], [-76.2357901, 3.2376101], [-76.235293, 3.2381987], [-76.2343745, 3.2393298], [-76.2343415, 3.239378], [-76.2343161, 3.2394131], [-76.2342951, 3.2394383]]}}, {"type": "Feature", "properties": {"OBJECTID": 255, "Shape_Leng": 108.039704244, "RUTA": null}, "geometry": {"type": "LineString", "coordinates": [[-76.2456581, 3.222569], [-76.2456939, 3.2226354], [-76.2456952, 3.2226961], [-76.2456834, 3.2227553], [-76.2456777, 3.2227843], [-76.2456958, 3.2228811], [-76.2457551, 3.2229394], [-76.2460162, 3.2230525], [-76.2460809, 3.2230742], [-76.2460964, 3.2230658], [-76.2461197, 3.2230533], [-76.2461504, 3.2230317], [-76.2462145, 3.2230234], [-76.2462503, 3.2230367], [-76.2462586, 3.2230567], [-76.2462596, 3.2230642]]}}, {"type": "Feature", "properties": {"OBJECTID": 257, "Shape_Leng": 2470.74461153, "RUTA": null}, "geometry": {"type": "LineString", "coordinates": [[-76.2304583, 3.2087593], [-76.2305733, 3.2089053], [-76.2308026, 3.2091937], [-76.2311693, 3.2096205], [-76.2314939, 3.2099514], [-76.2318525, 3.2103327], [-76.2322386, 3.2107231], [-76.2328378, 3.2113369], [-76.233235, 3.211752], [-76.2336094, 3.2121234], [-76.234119, 3.2126672], [-76.23483, 3.213399], [-76.2352725, 3.2138569], [-76.2354543, 3.2140307], [-76.2355958, 3.2141686], [-76.2359057, 3.2143929], [-76.236808, 3.2150627], [-76.2368707, 3.215136], [-76.2369087, 3.2151811], [-76.2369316, 3.2152905], [-76.2370436, 3.2161304], [-76.237174, 3.2171925], [-76.2371692, 3.2173073], [-76.2371603, 3.2173901], [-76.2371547, 3.2175835], [-76.2371563, 3.2177043], [-76.2371794, 3.2178024], [-76.2372298, 3.2178727], [-76.2373183, 3.2179395], [-76.2376492, 3.218127], [-76.2388457, 3.2187595], [-76.2399675, 3.2193618], [-76.2413497, 3.2201329], [-76.242677, 3.2208783], [-76.2436315, 3.2214071], [-76.2444456, 3.2218534], [-76.2454347, 3.2224058], [-76.2462216, 3.2228611], [-76.2463406, 3.2229299]]}}, {"type": "Feature", "properties": {"OBJECTID": 260, "Shape_Leng": 3620.7221007, "RUTA": null}, "geometry": {"type": "LineString", "coordinates": [[-76.2370182, 3.229447], [-76.2371385, 3.2296556], [-76.2372117, 3.2297826], [-76.2372643, 3.2298547], [-76.2373493, 3.2299194], [-76.2374932, 3.2299858], [-76.2390642, 3.2307372], [-76.239996, 3.2311861], [-76.2411032, 3.231718], [-76.2419547, 3.2321346], [-76.242068, 3.2321695], [-76.242173, 3.2321984], [-76.2423356, 3.2322189], [-76.2439901, 3.2323901], [-76.2460252, 3.2326275], [-76.2461672, 3.2326517], [-76.2462592, 3.2326842], [-76.2464139, 3.2327443], [-76.2479491, 3.2333377], [-76.2495162, 3.2339276], [-76.2495774, 3.2339549], [-76.2496622, 3.2339682], [-76.2497435, 3.2339768], [-76.250077, 3.2340066], [-76.2509705, 3.2341606], [-76.2543839, 3.2347746], [-76.2558435, 3.2350809], [-76.2572527, 3.2354322], [-76.2598072, 3.2360358], [-76.2598915, 3.2360241], [-76.2599528, 3.2360145], [-76.2600507, 3.2360104], [-76.260175, 3.2360391], [-76.2617641, 3.2365538], [-76.264009, 3.2373038], [-76.2659678, 3.2379451], [-76.2668722, 3.2382182], [-76.2670097, 3.2382391], [-76.2671237, 3.2382283], [-76.2672848, 3.2381987], [-76.2674497, 3.2381456], [-76.267745, 3.2380193], [-76.2679555, 3.2379442]]}}, {"type": "Feature", "properties": {"OBJECTID": 261, "Shape_Leng": 599.151121801, "RUTA": null}, "geometry": {"type": "LineString", "coordinates": [[-76.237084, 3.2361134], [-76.237265, 3.2362866], [-76.2374034, 3.2364192], [-76.2376597, 3.2366946], [-76.237772, 3.2368095], [-76.2378041, 3.2368849], [-76.2378372, 3.2369372], [-76.2380519, 3.2373327], [-76.2381145, 3.2373626], [-76.2382125, 3.2373639], [-76.2384824, 3.2373989], [-76.2385556, 3.2374222], [-76.2386277, 3.2374812], [-76.2386925, 3.2376682], [-76.2387931, 3.2379075], [-76.2388479, 3.2379971], [-76.2389136, 3.2380435], [-76.2390036, 3.2380994], [-76.2403239, 3.2388884], [-76.2405982, 3.2390707], [-76.2409389, 3.2393324], [-76.2410714, 3.2394443]]}}, {"type": "Feature", "properties": {"OBJECTID": 265, "Shape_Leng": 1536.74284416, "RUTA": null}, "geometry": {"type": "LineString", "coordinates": [[-76.2247014, 3.2126925], [-76.2246275, 3.2128704], [-76.2246188, 3.212939], [-76.2246093, 3.2130111], [-76.2246082, 3.213113], [-76.2245819, 3.2134763], [-76.2245958, 3.2138352], [-76.2246246, 3.2139613], [-76.2246453, 3.2140285], [-76.2246797, 3.2140749], [-76.2247437, 3.2141593], [-76.224957, 3.2143993], [-76.2250502, 3.2145425], [-76.2251485, 3.2147273], [-76.2252804, 3.2149731], [-76.225332, 3.2150644], [-76.2253675, 3.215099], [-76.2254562, 3.2151585], [-76.2255344, 3.2151614], [-76.2256196, 3.2151735], [-76.2256929, 3.2151974], [-76.2257329, 3.2152485], [-76.2257633, 3.2153575], [-76.2258439, 3.2156178], [-76.2259067, 3.2157278], [-76.2260247, 3.2158573], [-76.2261296, 3.2159903], [-76.2261707, 3.2160932], [-76.2262011, 3.2162511], [-76.2262147, 3.2164455], [-76.2262469, 3.2166927], [-76.2263672, 3.2172535], [-76.2263942, 3.2174271], [-76.2264359, 3.21754], [-76.2264884, 3.2176636], [-76.2265761, 3.2178055], [-76.2266888, 3.2179589], [-76.2268668, 3.2181497], [-76.226961, 3.2182706], [-76.2270287, 3.2183559], [-76.2271133, 3.2184038], [-76.2272738, 3.218466], [-76.2273835, 3.2185385], [-76.2275223, 3.2186933], [-76.2276095, 3.2189536], [-76.2276313, 3.2190903], [-76.2276289, 3.2191922], [-76.2276225, 3.2192591], [-76.2275996, 3.2193653], [-76.227586, 3.2195079], [-76.2275931, 3.2196143], [-76.2276056, 3.2197077], [-76.2276913, 3.2200322], [-76.227748, 3.220192], [-76.2278203, 3.2203262], [-76.2278637, 3.2204405], [-76.2278812, 3.2205697], [-76.2279109, 3.2209725], [-76.2278966, 3.2210884], [-76.2278748, 3.2212359], [-76.2278276, 3.2214517], [-76.2278293, 3.2216455], [-76.2278397, 3.2218159], [-76.2278569, 3.2218695], [-76.2278747, 3.2219276], [-76.2279254, 3.2220178], [-76.2280319, 3.2221258], [-76.2281105, 3.2222045], [-76.2281521, 3.2222542], [-76.2282011, 3.2223013], [-76.2282332, 3.2223687], [-76.2282442, 3.2224448], [-76.2282425, 3.2227475], [-76.2282415, 3.2229179], [-76.228239, 3.2231103], [-76.2281972, 3.2235073], [-76.2281156, 3.2238565], [-76.2280528, 3.2242492], [-76.2280008, 3.2245379], [-76.2279959, 3.2245964], [-76.2279992, 3.2246311], [-76.228002, 3.2246537], [-76.2279089, 3.2246246], [-76.2277058, 3.2245648], [-76.2274771, 3.2245021]]}}, {"type": "Feature", "properties": {"OBJECTID": 266, "Shape_Leng": 1765.25064232, "RUTA": null}, "geometry": {"type": "LineString", "coordinates": [[-76.2248427, 3.2125602], [-76.224709, 3.2127785], [-76.2246757, 3.212846], [-76.2246573, 3.2128979], [-76.224651, 3.2131221], [-76.2246397, 3.2132648], [-76.2246304, 3.2137028], [-76.2246487, 3.2138833], [-76.2246567, 3.2139375], [-76.2246719, 3.213972], [-76.2246861, 3.214006], [-76.2247103, 3.2140413], [-76.2247633, 3.2141193], [-76.2248346, 3.2141968], [-76.2249862, 3.2143659], [-76.2250196, 3.2144048], [-76.225073, 3.2144923], [-76.2251231, 3.2145613], [-76.2251563, 3.2146095], [-76.225195, 3.2146884], [-76.2253037, 3.2149261], [-76.2253489, 3.2150071], [-76.2253723, 3.2150422], [-76.2254019, 3.2150679], [-76.2254445, 3.2150925], [-76.2255135, 3.2151142], [-76.2255686, 3.2151171], [-76.2256765, 3.215131], [-76.2257268, 3.2151604], [-76.2257833, 3.2152549], [-76.2258072, 3.2153109], [-76.2258549, 3.2155238], [-76.2258842, 3.2155859], [-76.2259513, 3.2156967], [-76.2261067, 3.2158891], [-76.2261671, 3.2159757], [-76.2262016, 3.2160331], [-76.2262463, 3.2161632], [-76.2262491, 3.2162709], [-76.2262862, 3.2166464], [-76.2263706, 3.2170473], [-76.2264132, 3.217247], [-76.2264311, 3.2173517], [-76.2264629, 3.217468], [-76.2264863, 3.2175483], [-76.226551, 3.2176619], [-76.2266345, 3.2178032], [-76.2268452, 3.2180584], [-76.2269847, 3.2182217], [-76.2270417, 3.2182913], [-76.227099, 3.2183345], [-76.22721, 3.2183761], [-76.2273202, 3.2184132], [-76.2273927, 3.2184575], [-76.2274621, 3.2185287], [-76.2275991, 3.2187492], [-76.2276562, 3.218902], [-76.2276774, 3.2190109], [-76.2276827, 3.21906], [-76.2276856, 3.219121], [-76.227676, 3.2192351], [-76.2276326, 3.2194918], [-76.2276368, 3.2196053], [-76.2276435, 3.2196634], [-76.2277387, 3.2200003], [-76.2277626, 3.2200872], [-76.2277867, 3.2201539], [-76.2278159, 3.2202233], [-76.2278711, 3.2203158], [-76.2279088, 3.2203872], [-76.227927, 3.2204526], [-76.2279425, 3.2205358], [-76.2279577, 3.2209291], [-76.2279229, 3.221216], [-76.2278796, 3.2216501], [-76.2279015, 3.2218433], [-76.2279321, 3.2219023], [-76.2279801, 3.221981], [-76.2280272, 3.2220501], [-76.2281629, 3.2221891], [-76.2282608, 3.2222981], [-76.2282795, 3.222362], [-76.2282921, 3.2224156], [-76.228306, 3.2225096], [-76.228285, 3.2228953], [-76.2282778, 3.2232051], [-76.2282438, 3.2235316], [-76.2281391, 3.2239789], [-76.2280521, 3.2245088], [-76.2280645, 3.224584], [-76.2280617, 3.2246424], [-76.2280713, 3.2247039], [-76.2281021, 3.2247824], [-76.2282534, 3.2250357], [-76.228353, 3.2251869], [-76.2283961, 3.2252702], [-76.228426, 3.2253571], [-76.2284379, 3.2254341], [-76.2285034, 3.226039], [-76.2285582, 3.2265521], [-76.2285967, 3.2267466], [-76.2286169, 3.2267668], [-76.2286514, 3.2267655], [-76.2288204, 3.2267145]]}}, {"type": "Feature", "properties": {"OBJECTID": 267, "Shape_Leng": 500.687859558, "RUTA": null}, "geometry": {"type": "LineString", "coordinates": [[-76.2274637, 3.2245426], [-76.2276901, 3.224601], [-76.227879, 3.2246448], [-76.2279312, 3.2246735], [-76.2279715, 3.2247017], [-76.2280059, 3.2247256], [-76.2280264, 3.2247599], [-76.2280504, 3.2248078], [-76.2281381, 3.2249535], [-76.2282772, 3.2251477], [-76.2283425, 3.2252581], [-76.2283707, 3.2253242], [-76.2283841, 3.225425], [-76.2284047, 3.2256498], [-76.2284367, 3.2259145], [-76.2284864, 3.2262639], [-76.2285108, 3.2265825], [-76.2285655, 3.2268223], [-76.2286485, 3.2271708], [-76.2287103, 3.2275124], [-76.2287609, 3.2277906], [-76.2287887, 3.2278893], [-76.2288096, 3.2279484], [-76.2288397, 3.2280172], [-76.2288919, 3.2281675], [-76.2289124, 3.2282705], [-76.228946, 3.2285053]]}}, {"type": "Feature", "properties": {"OBJECTID": 268, "Shape_Leng": 215.539440913, "RUTA": null}, "geometry": {"type": "LineString", "coordinates": [[-76.2288271, 3.2267498], [-76.2286446, 3.2268104], [-76.2286288, 3.2268233], [-76.2286246, 3.2268423], [-76.2286302, 3.2268641], [-76.2287076, 3.227245], [-76.2287392, 3.2274641], [-76.2288099, 3.2278016], [-76.2288966, 3.2280266], [-76.2289294, 3.2281513], [-76.2289638, 3.228323], [-76.2289934, 3.2285136]]}}, {"type": "Feature", "properties": {"OBJECTID": 271, "Shape_Leng": 280.886261622, "RUTA": null}, "geometry": {"type": "LineString", "coordinates": [[-76.2319814, 3.2377711], [-76.2319586, 3.2376487], [-76.2319336, 3.2375765], [-76.231898, 3.2375108], [-76.2318539, 3.2374481], [-76.2317165, 3.23721], [-76.2316221, 3.2369713], [-76.2315401, 3.2368263], [-76.2313672, 3.2364994], [-76.2312733, 3.2363374], [-76.2312239, 3.2362109], [-76.231194, 3.23607], [-76.2311577, 3.2358675], [-76.2311448, 3.2356099], [-76.2311296, 3.2354931], [-76.2311075, 3.2354275]]}}, {"type": "Feature", "properties": {"OBJECTID": 272, "Shape_Leng": 191.806767585, "RUTA": null}, "geometry": {"type": "LineString", "coordinates": [[-76.2324533, 3.2394367], [-76.2324137, 3.2393233], [-76.2321159, 3.2383899], [-76.232056, 3.2381638], [-76.232036, 3.2380783], [-76.232006, 3.2379385], [-76.2319814, 3.2377711]]}}, {"type": "Feature", "properties": {"OBJECTID": 273, "Shape_Leng": 1.19873600097, "RUTA": null}, "geometry": {"type": "LineString", "coordinates": [[-76.2453711, 3.239439], [-76.2453651, 3.239448]]}}, {"type": "Feature", "properties": {"OBJECTID": 276, "Shape_Leng": 423.435922713, "RUTA": null}, "geometry": {"type": "LineString", "coordinates": [[-76.2679598, 3.2327939], [-76.2674092, 3.2326447], [-76.2671378, 3.2325556], [-76.2666763, 3.2324076], [-76.2664545, 3.2323549], [-76.2663357, 3.2323655], [-76.2662016, 3.2323793], [-76.2660793, 3.2324151], [-76.2652889, 3.2326171], [-76.2642796, 3.2328867]]}}, {"type": "Feature", "properties": {"OBJECTID": 277, "Shape_Leng": 216.792919864, "RUTA": null}, "geometry": {"type": "LineString", "coordinates": [[-76.2329963, 3.2408861], [-76.2330233, 3.2408736], [-76.2330544, 3.2408545], [-76.2330849, 3.2408375], [-76.233116, 3.2408132], [-76.2331385, 3.2407909], [-76.233161, 3.240764], [-76.233188, 3.2407357], [-76.2331978, 3.2407253], [-76.2332289, 3.2406958], [-76.2332527, 3.2406744], [-76.2332838, 3.2406375], [-76.2333088, 3.2406095], [-76.2333348, 3.2405763], [-76.2333565, 3.2405512], [-76.2333782, 3.240526], [-76.2334006, 3.2404999], [-76.2334346, 3.2404576], [-76.2334562, 3.2404308], [-76.2334764, 3.2404046], [-76.2334973, 3.2403773], [-76.2335197, 3.2403497], [-76.2335522, 3.2403108], [-76.2335847, 3.2402704], [-76.2336055, 3.2402416], [-76.2336301, 3.2402111], [-76.2336525, 3.2401849], [-76.2336718, 3.2401565], [-76.2337005, 3.2401223], [-76.2337209, 3.2400977], [-76.2337411, 3.240073], [-76.2337709, 3.2400403], [-76.2337962, 3.2400103], [-76.2338233, 3.2399816], [-76.2338603, 3.239955], [-76.233885, 3.2399208], [-76.2339051, 3.2398929], [-76.2339309, 3.2398589], [-76.2339582, 3.2398214], [-76.2339789, 3.239791], [-76.2340113, 3.2397535], [-76.2340352, 3.2397255], [-76.234059, 3.2396944], [-76.2340838, 3.23967], [-76.2341221, 3.2396249], [-76.234151, 3.2395924], [-76.2341709, 3.2395666], [-76.2342052, 3.2395327], [-76.2342424, 3.2394951], [-76.2342844, 3.2394511], [-76.2342951, 3.2394383]]}}, {"type": "Feature", "properties": {"OBJECTID": 278, "Shape_Leng": 869.900661436, "RUTA": null}, "geometry": {"type": "LineString", "coordinates": [[-76.2679294, 3.2687761], [-76.2672088, 3.2688385], [-76.2655724, 3.2691037], [-76.2653683, 3.2691307], [-76.263663, 3.2692108], [-76.26146, 3.2692867], [-76.2601328, 3.2693378]]}}, {"type": "Feature", "properties": {"OBJECTID": 279, "Shape_Leng": 768.019652402, "RUTA": null}, "geometry": {"type": "LineString", "coordinates": [[-76.2532276, 3.2695895], [-76.2551672, 3.2695195], [-76.2574819, 3.2694311], [-76.2598213, 3.2693532], [-76.2601328, 3.2693378]]}}, {"type": "Feature", "properties": {"OBJECTID": 280, "Shape_Leng": 1065.4686059, "RUTA": null}, "geometry": {"type": "LineString", "coordinates": [[-76.2418849, 3.2726833], [-76.2418932, 3.2731865], [-76.2418939, 3.2732311], [-76.2419035, 3.2739508], [-76.241887, 3.274277], [-76.2419061, 3.2743016], [-76.2420188, 3.2743462], [-76.2447879, 3.2747913], [-76.2472119, 3.2751936], [-76.2497653, 3.2756065]]}}, {"type": "Feature", "properties": {"OBJECTID": 281, "Shape_Leng": 1519.45023089, "RUTA": null}, "geometry": {"type": "LineString", "coordinates": [[-76.239902, 3.2724333], [-76.2407617, 3.272532], [-76.2416691, 3.2726522], [-76.2418436, 3.2726523], [-76.2420004, 3.2726301], [-76.2422155, 3.2725846], [-76.2435597, 3.2722135], [-76.2455358, 3.2716478], [-76.2471689, 3.2711968], [-76.2487779, 3.2707579], [-76.2508164, 3.2702097], [-76.2519894, 3.2699089], [-76.2527941, 3.2696848], [-76.2528481, 3.2696695], [-76.2529285, 3.2696467], [-76.2530136, 3.26963], [-76.2531549, 3.2695956]]}}, {"type": "Feature", "properties": {"OBJECTID": 282, "Shape_Leng": 883.974721147, "RUTA": null}, "geometry": {"type": "LineString", "coordinates": [[-76.2392287, 3.2477116], [-76.239261, 3.2477363], [-76.2393189, 3.2477655], [-76.2394103, 3.2477863], [-76.2395042, 3.2477821], [-76.2396799, 3.2477767], [-76.2397956, 3.2477732], [-76.2399621, 3.2477889], [-76.2400813, 3.2478408], [-76.2401738, 3.2479153], [-76.2403688, 3.2480873], [-76.2409165, 3.2484976], [-76.2410604, 3.2486105], [-76.2411186, 3.2487039], [-76.2411391, 3.2488697], [-76.2411011, 3.2490127], [-76.2409764, 3.2494416], [-76.2409686, 3.2495708], [-76.2410146, 3.2496729], [-76.2411476, 3.249761], [-76.241374, 3.2498236], [-76.2426729, 3.2501509], [-76.2427697, 3.2501881], [-76.2428005, 3.2502202], [-76.2428478, 3.250303], [-76.2428534, 3.2503442], [-76.2427724, 3.2508672], [-76.2426851, 3.2513149], [-76.2426306, 3.2515983], [-76.2425717, 3.2518824], [-76.2423885, 3.2526892], [-76.2423819, 3.252716], [-76.242358, 3.2528125], [-76.2423532, 3.2529239], [-76.2423947, 3.2529914], [-76.242399, 3.2529952]]}}, {"type": "Feature", "properties": {"OBJECTID": 283, "Shape_Leng": 1630.4662303, "RUTA": null}, "geometry": {"type": "LineString", "coordinates": [[-76.2514182, 3.2652255], [-76.2510884, 3.2653827], [-76.2499762, 3.2659128], [-76.2485839, 3.2666442], [-76.2471557, 3.2673917], [-76.2470366, 3.2674222], [-76.2468901, 3.2674226], [-76.2467216, 3.26739], [-76.2464805, 3.2673146], [-76.2451744, 3.2668387], [-76.244028, 3.266396], [-76.2424616, 3.2658143], [-76.2415501, 3.2654732], [-76.2414684, 3.2654454], [-76.2414218, 3.2654356], [-76.241366, 3.2654353], [-76.2413261, 3.2654433], [-76.2412824, 3.265486], [-76.2410808, 3.2657972], [-76.2409723, 3.2660423], [-76.2409173, 3.2663198], [-76.2408982, 3.2666502], [-76.2408408, 3.2670131], [-76.2407742, 3.267428], [-76.2407057, 3.2679086], [-76.2406411, 3.2683393], [-76.2405698, 3.2687689], [-76.2405258, 3.2689193], [-76.2405439, 3.2690287]]}}, {"type": "Feature", "properties": {"OBJECTID": 284, "Shape_Leng": 292.944743981, "RUTA": null}, "geometry": {"type": "LineString", "coordinates": [[-76.2366416, 3.2595578], [-76.2366237, 3.2587255], [-76.2366201, 3.2581232], [-76.2366434, 3.2580974], [-76.2366658, 3.258051], [-76.2366736, 3.2579771], [-76.2366309, 3.2569246]]}}, {"type": "Feature", "properties": {"OBJECTID": 285, "Shape_Leng": 323.703272198, "RUTA": null}, "geometry": {"type": "LineString", "coordinates": [[-76.2365199, 3.2539811], [-76.2365486, 3.2557769], [-76.2365804, 3.2566491], [-76.2366288, 3.2569027]]}}, {"type": "Feature", "properties": {"OBJECTID": 286, "Shape_Leng": 164.719357882, "RUTA": null}, "geometry": {"type": "LineString", "coordinates": [[-76.2504072, 3.2618648], [-76.2504278, 3.26201], [-76.250544, 3.262336], [-76.2508415, 3.2632866]]}}, {"type": "Feature", "properties": {"OBJECTID": 287, "Shape_Leng": 916.881562627, "RUTA": null}, "geometry": {"type": "LineString", "coordinates": [[-76.2398245, 3.2564479], [-76.2372059, 3.2568166], [-76.2364221, 3.2569336], [-76.2364301, 3.2570012], [-76.2364636, 3.2570709], [-76.2364838, 3.2571187], [-76.2365048, 3.2571848], [-76.2365769, 3.257715], [-76.2365704, 3.2578444], [-76.2365444, 3.2579463], [-76.2365046, 3.2580243], [-76.2364304, 3.25809], [-76.2361249, 3.2581446], [-76.2359856, 3.2581751], [-76.2358003, 3.258239], [-76.2356388, 3.2582838], [-76.2350403, 3.2583489], [-76.2349652, 3.2583561], [-76.2349298, 3.2583811], [-76.2349199, 3.2584143], [-76.2349313, 3.2584843], [-76.2350358, 3.2590748], [-76.2351265, 3.2596099], [-76.2351511, 3.2599249], [-76.2351662, 3.2601077], [-76.2351783, 3.2602536], [-76.2351967, 3.2604268]]}}, {"type": "Feature", "properties": {"OBJECTID": 288, "Shape_Leng": 785.271605802, "RUTA": null}, "geometry": {"type": "LineString", "coordinates": [[-76.2353907, 3.2605331], [-76.2353341, 3.2607943], [-76.2353192, 3.2608632], [-76.2351535, 3.2616714], [-76.2350966, 3.2619433], [-76.2350367, 3.2622551], [-76.2347965, 3.2632702], [-76.2345068, 3.2645563], [-76.2343306, 3.2653441], [-76.2340245, 3.2666589], [-76.2338548, 3.2673867], [-76.2338542, 3.2674177], [-76.2338634, 3.2674607]]}}, {"type": "Feature", "properties": {"OBJECTID": 289, "Shape_Leng": 78.511082588, "RUTA": null}, "geometry": {"type": "LineString", "coordinates": [[-76.2566943, 3.2751428], [-76.2573369, 3.2753613], [-76.2573596, 3.2753777]]}}, {"type": "Feature", "properties": {"OBJECTID": 290, "Shape_Leng": 90.8921532804, "RUTA": null}, "geometry": {"type": "LineString", "coordinates": [[-76.2453651, 3.239448], [-76.2452513, 3.2396221], [-76.2451046, 3.2398676], [-76.2449218, 3.2401383]]}}, {"type": "Feature", "properties": {"OBJECTID": 291, "Shape_Leng": 1826.41560377, "RUTA": null}, "geometry": {"type": "LineString", "coordinates": [[-76.2124845, 3.2612901], [-76.2129053, 3.2613762], [-76.2135941, 3.2614867], [-76.2136963, 3.2615172], [-76.2137619, 3.2615357], [-76.2138367, 3.2615652], [-76.2139296, 3.2616043], [-76.2140156, 3.2616569], [-76.2142232, 3.2617976], [-76.2144884, 3.2619976], [-76.2148542, 3.2622253], [-76.2151781, 3.2624153], [-76.2153499, 3.2625005], [-76.2155127, 3.2625882], [-76.2156831, 3.262697], [-76.2162036, 3.2630063], [-76.2164975, 3.2632106], [-76.216699, 3.2633549], [-76.2169158, 3.2634449], [-76.2171929, 3.2635225], [-76.2178981, 3.263697], [-76.2181835, 3.2637622], [-76.2182693, 3.2637367], [-76.2184161, 3.2636644], [-76.2184696, 3.263623], [-76.2184975, 3.2635939], [-76.2185291, 3.2635377], [-76.2188077, 3.2624206], [-76.2191706, 3.2610507], [-76.2192721, 3.2606921], [-76.219302, 3.2606477], [-76.2193555, 3.2606041], [-76.2194167, 3.2605857], [-76.2194758, 3.2605869], [-76.2208595, 3.2607179], [-76.2221389, 3.2608258], [-76.2231493, 3.2609141], [-76.2233268, 3.2608896], [-76.2234177, 3.2608732], [-76.2248939, 3.2605035], [-76.2255741, 3.2603327], [-76.2259142, 3.2602377]]}}, {"type": "Feature", "properties": {"OBJECTID": 292, "Shape_Leng": 451.143025658, "RUTA": null}, "geometry": {"type": "LineString", "coordinates": [[-76.2262336, 3.2626766], [-76.225657, 3.2625977], [-76.2249685, 3.2625211], [-76.2238722, 3.2623908], [-76.2231401, 3.2622838], [-76.2230968, 3.2622548], [-76.2230828, 3.2622174], [-76.2230769, 3.2621699], [-76.2230616, 3.2621129], [-76.2230132, 3.2620289], [-76.2229716, 3.2619886], [-76.2229252, 3.2619694], [-76.2223999, 3.261854]]}}, {"type": "Feature", "properties": {"OBJECTID": 293, "Shape_Leng": 182.672684651, "RUTA": null}, "geometry": {"type": "LineString", "coordinates": [[-76.2670404, 3.2394667], [-76.2670332, 3.239495], [-76.267028, 3.2395431], [-76.2670408, 3.2396744], [-76.2670838, 3.2400342], [-76.2671149, 3.2400588], [-76.2672251, 3.2401056], [-76.2674764, 3.240109], [-76.267627, 3.2401617], [-76.2677374, 3.2402847], [-76.2678663, 3.2404651], [-76.2679533, 3.2405463]]}}, {"type": "Feature", "properties": {"OBJECTID": 294, "Shape_Leng": 447.515485026, "RUTA": null}, "geometry": {"type": "LineString", "coordinates": [[-76.2410714, 3.2394443], [-76.2418048, 3.2400634], [-76.2420867, 3.2403086], [-76.2422825, 3.2404566], [-76.24247, 3.2405917], [-76.2427098, 3.24075], [-76.2432516, 3.2411094], [-76.2440087, 3.2415954], [-76.2441273, 3.2416669], [-76.2442594, 3.2417467], [-76.2443044, 3.2417609], [-76.2443482, 3.2417746]]}}, {"type": "Feature", "properties": {"OBJECTID": 295, "Shape_Leng": 153.424351431, "RUTA": null}, "geometry": {"type": "LineString", "coordinates": [[-76.2272546, 3.2599092], [-76.2263334, 3.260116], [-76.2259142, 3.2602377]]}}, {"type": "Feature", "properties": {"OBJECTID": 296, "Shape_Leng": 520.573408032, "RUTA": null}, "geometry": {"type": "LineString", "coordinates": [[-76.252162, 3.2739572], [-76.2527299, 3.2740974], [-76.2537789, 3.2743563], [-76.2553649, 3.2747842], [-76.2566943, 3.2751428]]}}, {"type": "Feature", "properties": {"OBJECTID": 297, "Shape_Leng": 1947.94160496, "RUTA": null}, "geometry": {"type": "LineString", "coordinates": [[-76.2449218, 3.2401383], [-76.2448741, 3.2402411], [-76.2448197, 3.2403787], [-76.2447593, 3.2405945], [-76.2445045, 3.2414588], [-76.2444429, 3.241636], [-76.2444109, 3.2417119], [-76.2443769, 3.2418003], [-76.2442856, 3.2420085], [-76.243877, 3.242761], [-76.2437911, 3.2428769], [-76.2437038, 3.2429759], [-76.2436066, 3.2430592], [-76.2426159, 3.2438906], [-76.2419579, 3.2443972], [-76.2415655, 3.2447729], [-76.2415111, 3.2448482], [-76.2414867, 3.2449029], [-76.241437, 3.244992], [-76.2413, 3.2450614], [-76.2412091, 3.2451052], [-76.2411037, 3.2451795], [-76.2396707, 3.2463655], [-76.2395707, 3.2464462], [-76.2395192, 3.2465263], [-76.2394467, 3.2466674], [-76.2393968, 3.2469247], [-76.2393077, 3.2474947], [-76.2392663, 3.2475994], [-76.239217, 3.247675], [-76.2391362, 3.2477296], [-76.2390476, 3.247758], [-76.2388283, 3.2477712], [-76.2375032, 3.2477163], [-76.2373349, 3.2477221], [-76.2371963, 3.2477688], [-76.2369725, 3.2478281], [-76.2357465, 3.2483184], [-76.2340371, 3.2490113], [-76.2336752, 3.2491738], [-76.2335702, 3.2491847], [-76.2334697, 3.2492008], [-76.2327593, 3.2491876], [-76.2325236, 3.2492312], [-76.23215, 3.2493174], [-76.2319976, 3.2493223], [-76.2318058, 3.2493295]]}}, {"type": "Feature", "properties": {"OBJECTID": 298, "Shape_Leng": 299.282440814, "RUTA": null}, "geometry": {"type": "LineString", "coordinates": [[-76.2333234, 3.2419975], [-76.2330765, 3.2412303], [-76.2327437, 3.2402673], [-76.2324533, 3.2394367]]}}, {"type": "Feature", "properties": {"OBJECTID": 299, "Shape_Leng": 1155.533303, "RUTA": null}, "geometry": {"type": "LineString", "coordinates": [[-76.2531937, 3.2696438], [-76.2532013, 3.2698956], [-76.2532008, 3.2699994], [-76.2531986, 3.270429], [-76.2531815, 3.2705937], [-76.2531657, 3.2707561], [-76.2531552, 3.2708896], [-76.2530949, 3.2714529], [-76.2530671, 3.2716584], [-76.2530524, 3.2717788], [-76.2530298, 3.2718942], [-76.2529894, 3.271978], [-76.2528833, 3.272068], [-76.252788, 3.2721275], [-76.2526779, 3.2721967], [-76.2526229, 3.2722485], [-76.2525583, 3.272348], [-76.2524358, 3.27255], [-76.2523187, 3.2728907], [-76.2522754, 3.2730808], [-76.2521852, 3.2735181], [-76.2521253, 3.2739389], [-76.2518919, 3.2753184], [-76.2517641, 3.2761771], [-76.251699, 3.2766016], [-76.2516945, 3.2766544], [-76.2517042, 3.2767274], [-76.2521872, 3.2773583], [-76.252519, 3.2777334], [-76.2525849, 3.2777828], [-76.2526684, 3.2778099], [-76.2528366, 3.2778543], [-76.2529227, 3.2778446], [-76.2530349, 3.2778253], [-76.2531404, 3.2778722], [-76.2532204, 3.2779549], [-76.2533398, 3.2779679], [-76.2534614, 3.2779427], [-76.2535746, 3.2779025], [-76.2539852, 3.2777986], [-76.2540331, 3.277794], [-76.2540999, 3.2778134], [-76.2541367, 3.2778368]]}}, {"type": "Feature", "properties": {"OBJECTID": 300, "Shape_Leng": 745.984536671, "RUTA": null}, "geometry": {"type": "LineString", "coordinates": [[-76.2508415, 3.2632866], [-76.2512696, 3.2646305], [-76.2514601, 3.2652261], [-76.252203, 3.2675919], [-76.2524245, 3.2682395], [-76.2525971, 3.2685378], [-76.252829, 3.2688196], [-76.2530039, 3.2690269], [-76.2531088, 3.2692166], [-76.2531621, 3.2694331], [-76.2531829, 3.2695518]]}}, {"type": "Feature", "properties": {"OBJECTID": 301, "Shape_Leng": 637.651221993, "RUTA": null}, "geometry": {"type": "LineString", "coordinates": [[-76.2333234, 3.2419975], [-76.2333537, 3.2421057], [-76.233392, 3.2423091], [-76.2333901, 3.2425512], [-76.2333747, 3.2427625], [-76.2333381, 3.242937], [-76.2332776, 3.2431693], [-76.2330951, 3.2435798], [-76.2325995, 3.2447232], [-76.2322768, 3.2455781], [-76.2320062, 3.2463004], [-76.2318399, 3.2467179], [-76.231805, 3.2467628], [-76.2316867, 3.2468187], [-76.2315815, 3.2468479], [-76.2314598, 3.2468372], [-76.2311426, 3.2468703]]}}, {"type": "Feature", "properties": {"OBJECTID": 302, "Shape_Leng": 106.060755092, "RUTA": null}, "geometry": {"type": "LineString", "coordinates": [[-76.2344605, 3.2538353], [-76.2349171, 3.2538398], [-76.2353483, 3.2538734], [-76.2354124, 3.2538848]]}}, {"type": "Feature", "properties": {"OBJECTID": 303, "Shape_Leng": 1651.33521035, "RUTA": null}, "geometry": {"type": "LineString", "coordinates": [[-76.2353627, 3.2538849], [-76.2365199, 3.2539811], [-76.2366584, 3.2539823], [-76.2367444, 3.2539837], [-76.236894, 3.2539518], [-76.2376212, 3.253784], [-76.2389603, 3.2534557], [-76.239223, 3.2533721], [-76.2394011, 3.2532904], [-76.239579, 3.2532122], [-76.2397244, 3.2531727], [-76.2398463, 3.2531429], [-76.2399686, 3.2531226], [-76.2401349, 3.2531137], [-76.2423761, 3.2530309], [-76.2449061, 3.2532617], [-76.2450746, 3.2532599], [-76.2451263, 3.2532609], [-76.2454261, 3.2533022], [-76.2456606, 3.2533487], [-76.2472711, 3.253861], [-76.248396, 3.2542092], [-76.2484477, 3.2542165], [-76.2485461, 3.2541868], [-76.2486354, 3.254142], [-76.2487494, 3.2540949], [-76.248878, 3.2540467], [-76.2490088, 3.2540679], [-76.2493788, 3.2542189], [-76.2495236, 3.2543019], [-76.249539, 3.2543107], [-76.2496303, 3.2543723], [-76.2497029, 3.2544294], [-76.2497271, 3.2544436], [-76.2498055, 3.2544846]]}}, {"type": "Feature", "properties": {"OBJECTID": 304, "Shape_Leng": 1144.62291424, "RUTA": null}, "geometry": {"type": "LineString", "coordinates": [[-76.2398245, 3.2564479], [-76.243558, 3.2559138], [-76.2467604, 3.255463], [-76.2469306, 3.2554227], [-76.2470714, 3.2553944], [-76.2471359, 3.2553787], [-76.2471647, 3.2553856], [-76.2472029, 3.2553959], [-76.2472692, 3.2554119], [-76.2473423, 3.2554004], [-76.2474282, 3.2553679], [-76.2481207, 3.2550731], [-76.2483033, 3.2550584], [-76.2483857, 3.2550623], [-76.2485272, 3.2550906], [-76.2486984, 3.255147], [-76.2488367, 3.2551745], [-76.249023, 3.2551477], [-76.2491434, 3.2550518], [-76.2492777, 3.2549336], [-76.2493849, 3.254843], [-76.2495959, 3.2546646], [-76.2496555, 3.2546319], [-76.2497231, 3.2546068], [-76.2497676, 3.2545958]]}}, {"type": "Feature", "properties": {"OBJECTID": 305, "Shape_Leng": 1952.70388083, "RUTA": null}, "geometry": {"type": "LineString", "coordinates": [[-76.2392603, 3.2720769], [-76.2392351, 3.2719804], [-76.239373, 3.27129], [-76.2393811, 3.2711494], [-76.2393618, 3.2710793], [-76.2393048, 3.2710256], [-76.2392627, 3.2709857], [-76.238788, 3.2708897], [-76.2372478, 3.2708136], [-76.2360035, 3.2707736], [-76.235897, 3.2707512], [-76.2358531, 3.2707178], [-76.235834, 3.270694], [-76.2358303, 3.2706378], [-76.2358655, 3.2701163], [-76.2360167, 3.2688291], [-76.2359748, 3.2687933], [-76.2359214, 3.2687604], [-76.2358621, 3.2687422], [-76.2349848, 3.2685067], [-76.234619, 3.2684207], [-76.2342147, 3.2683822], [-76.2338874, 3.2683445], [-76.2334965, 3.2682472], [-76.2330766, 3.2682032], [-76.2325558, 3.2681124], [-76.2324518, 3.2681059], [-76.2323673, 3.2681085], [-76.2316393, 3.2681718], [-76.2298714, 3.2683628], [-76.2296703, 3.2683638], [-76.2295358, 3.2683441], [-76.2293336, 3.2682837], [-76.2290738, 3.2681795], [-76.228853, 3.2680919], [-76.2286513, 3.2680555], [-76.2283717, 3.2679832], [-76.2277318, 3.2678668], [-76.2272752, 3.2677516], [-76.2266187, 3.2675158], [-76.2257445, 3.2672147], [-76.2254509, 3.2671349], [-76.2252219, 3.2670895]]}}, {"type": "Feature", "properties": {"OBJECTID": 306, "Shape_Leng": 1475.95711439, "RUTA": null}, "geometry": {"type": "LineString", "coordinates": [[-76.2679496, 3.2449668], [-76.2678621, 3.2458257], [-76.2678437, 3.245877], [-76.2677657, 3.2460354], [-76.2671559, 3.2464892], [-76.2661973, 3.2473355], [-76.2660324, 3.2474294], [-76.2659235, 3.2474694], [-76.265732, 3.2474895], [-76.2655896, 3.2474906], [-76.2653533, 3.2474655], [-76.2651787, 3.2473754], [-76.2649994, 3.2472712], [-76.2648186, 3.2471533], [-76.2646354, 3.2471098], [-76.264334, 3.2471338], [-76.2628974, 3.2473473], [-76.2627013, 3.2473444], [-76.2611648, 3.2472464], [-76.2591504, 3.2471298], [-76.2576151, 3.2470391], [-76.2569686, 3.2470045], [-76.2568678, 3.2470242], [-76.2567419, 3.2470951], [-76.2563667, 3.2474704]]}}, {"type": "Feature", "properties": {"OBJECTID": 307, "Shape_Leng": 2401.70753542, "RUTA": null}, "geometry": {"type": "LineString", "coordinates": [[-76.2563667, 3.2474704], [-76.2561085, 3.2477199], [-76.2559559, 3.2478835], [-76.2558863, 3.2479787], [-76.2556527, 3.2482564], [-76.2555972, 3.2482872], [-76.2555371, 3.2482998], [-76.2554698, 3.2482808], [-76.2553428, 3.2482412], [-76.253891, 3.2473469], [-76.2525065, 3.2465034], [-76.2522196, 3.2462978], [-76.252119, 3.2462495], [-76.2520609, 3.2462332], [-76.251971, 3.2462237], [-76.2519064, 3.2462432], [-76.251863, 3.2462928], [-76.2518295, 3.2463692], [-76.2517951, 3.2465138], [-76.2518048, 3.2481914], [-76.2517841, 3.2496652], [-76.2517324, 3.2498981], [-76.2516905, 3.2500416], [-76.2516606, 3.2501565], [-76.2516528, 3.2502842], [-76.2516521, 3.2505963], [-76.2516253, 3.2507481], [-76.2515458, 3.2509653], [-76.2514248, 3.2511362], [-76.2513005, 3.2513072], [-76.2511858, 3.2514409], [-76.2511183, 3.2515468], [-76.2510781, 3.2516392], [-76.2510133, 3.2520805], [-76.2509629, 3.252265], [-76.2508136, 3.2526142], [-76.250609, 3.2530995], [-76.2505151, 3.2533937], [-76.2504468, 3.2536131], [-76.250072, 3.2542995], [-76.2500378, 3.2543457], [-76.249991, 3.2543903], [-76.2499175, 3.2544445], [-76.2497747, 3.2545572], [-76.2499829, 3.2547027], [-76.2500729, 3.2547575], [-76.250124, 3.2548042], [-76.2501557, 3.2548644], [-76.2501674, 3.2549314], [-76.2502079, 3.2564485], [-76.2502911, 3.2586251], [-76.2503578, 3.2604728], [-76.2503985, 3.261789]]}}, {"type": "Feature", "properties": {"OBJECTID": 308, "Shape_Leng": 179.811422082, "RUTA": null}, "geometry": {"type": "LineString", "coordinates": [[-76.2318595, 3.2467377], [-76.2318793, 3.2467506], [-76.2319058, 3.2467647], [-76.23193, 3.2467772], [-76.2319564, 3.2467918], [-76.2319836, 3.2468064], [-76.2320037, 3.2468172], [-76.2320336, 3.2468334], [-76.2320552, 3.2468499], [-76.2320726, 3.2468674], [-76.2320867, 3.246896], [-76.2320966, 3.2469286], [-76.2321, 3.2469511], [-76.2321021, 3.2469777], [-76.2321002, 3.247009], [-76.2320975, 3.2470389], [-76.2320936, 3.2470667], [-76.2320887, 3.2470895], [-76.2320828, 3.2471176], [-76.2320819, 3.2471457], [-76.2320882, 3.2471843], [-76.2320941, 3.2472128], [-76.2321019, 3.2472387], [-76.2321097, 3.2472742], [-76.2321188, 3.2473026], [-76.232128, 3.247335], [-76.2321389, 3.2473629], [-76.2321504, 3.2473853], [-76.2321639, 3.2474095], [-76.2321755, 3.2474289], [-76.2321835, 3.2474525], [-76.2321856, 3.2474802], [-76.2321883, 3.2475087], [-76.2321957, 3.2475334], [-76.232212, 3.2475593], [-76.2322357, 3.2475799], [-76.2322783, 3.2475974], [-76.2323021, 3.247605], [-76.2323262, 3.2476133], [-76.2323503, 3.2476194], [-76.2323736, 3.2476245], [-76.2323979, 3.2476302], [-76.2324268, 3.2476368], [-76.2324619, 3.2476425], [-76.2324939, 3.2476463], [-76.2325165, 3.247649], [-76.2325391, 3.2476519], [-76.2325636, 3.2476572], [-76.2326013, 3.247666], [-76.2326233, 3.2476724], [-76.2326541, 3.2476797], [-76.2326777, 3.247682], [-76.2327003, 3.2476822], [-76.2327243, 3.2476757], [-76.232741, 3.2476554], [-76.2327612, 3.24763], [-76.2327745, 3.2476046], [-76.2327753, 3.247578]]}}, {"type": "Feature", "properties": {"OBJECTID": 309, "Shape_Leng": 128.123438797, "RUTA": null}, "geometry": {"type": "LineString", "coordinates": [[-76.2321957, 3.2475334], [-76.2321646, 3.2475291], [-76.2321395, 3.2475217], [-76.232117, 3.2475145], [-76.2320921, 3.2475061], [-76.2320649, 3.2474949], [-76.2320347, 3.2474863], [-76.2320102, 3.2474811], [-76.2319836, 3.2474773], [-76.2319525, 3.2474743], [-76.2319217, 3.2474709], [-76.2318911, 3.2474709], [-76.2318631, 3.2474751], [-76.2318327, 3.2474827], [-76.2318072, 3.2474916], [-76.2317822, 3.2475009], [-76.23175, 3.2475108], [-76.2317209, 3.2475211], [-76.2316978, 3.2475294], [-76.2316675, 3.2475414], [-76.2316317, 3.2475498], [-76.2316082, 3.2475505], [-76.2315714, 3.2475485], [-76.2315319, 3.2475462], [-76.2315011, 3.2475453], [-76.2314683, 3.2475429], [-76.2314444, 3.24754], [-76.2314217, 3.2475375], [-76.2313884, 3.2475336], [-76.2313591, 3.247531], [-76.2313362, 3.2475278], [-76.2313113, 3.2475249], [-76.2312669, 3.2475182], [-76.2312257, 3.2475132], [-76.2312032, 3.2475089], [-76.2311794, 3.2475049], [-76.2311489, 3.2474998], [-76.2311243, 3.247498], [-76.2310972, 3.2474958], [-76.2310671, 3.2474932]]}}, {"type": "Feature", "properties": {"OBJECTID": 310, "Shape_Leng": 4.37294280167, "RUTA": null}, "geometry": {"type": "LineString", "coordinates": [[-76.252162, 3.2739572], [-76.2521237, 3.2739484]]}}, {"type": "Feature", "properties": {"OBJECTID": 311, "Shape_Leng": 8.118612012, "RUTA": null}, "geometry": {"type": "LineString", "coordinates": [[-76.2532276, 3.2695895], [-76.2531549, 3.2695956]]}}, {"type": "Feature", "properties": {"OBJECTID": 312, "Shape_Leng": 10.2430761981, "RUTA": null}, "geometry": {"type": "LineString", "coordinates": [[-76.2531829, 3.2695518], [-76.2531937, 3.2696438]]}}, {"type": "Feature", "properties": {"OBJECTID": 313, "Shape_Leng": 4.0534418264, "RUTA": null}, "geometry": {"type": "LineString", "coordinates": [[-76.2418849, 3.2726833], [-76.2418838, 3.2726466]]}}, {"type": "Feature", "properties": {"OBJECTID": 314, "Shape_Leng": 0.0205498547727, "RUTA": null}, "geometry": {"type": "LineString", "coordinates": [[-76.2252219, 3.2670895], [-76.2252218, 3.2670894]]}}, {"type": "Feature", "properties": {"OBJECTID": 315, "Shape_Leng": 4.52505926841, "RUTA": null}, "geometry": {"type": "LineString", "coordinates": [[-76.2514182, 3.2652255], [-76.2514531, 3.2652044]]}}, {"type": "Feature", "properties": {"OBJECTID": 316, "Shape_Leng": 8.43805457434, "RUTA": null}, "geometry": {"type": "LineString", "coordinates": [[-76.2504072, 3.2618648], [-76.2503985, 3.261789]]}}, {"type": "Feature", "properties": {"OBJECTID": 317, "Shape_Leng": 4.11593281357, "RUTA": null}, "geometry": {"type": "LineString", "coordinates": [[-76.2353907, 3.2605331], [-76.2354011, 3.2604974]]}}, {"type": "Feature", "properties": {"OBJECTID": 318, "Shape_Leng": 4.53464340128, "RUTA": null}, "geometry": {"type": "LineString", "coordinates": [[-76.2351967, 3.2604268], [-76.2352006, 3.2604677]]}}, {"type": "Feature", "properties": {"OBJECTID": 319, "Shape_Leng": 3.52380162416, "RUTA": null}, "geometry": {"type": "LineString", "coordinates": [[-76.2368361, 3.2569038], [-76.2368349, 3.256872]]}}, {"type": "Feature", "properties": {"OBJECTID": 320, "Shape_Leng": 2.43144347051, "RUTA": null}, "geometry": {"type": "LineString", "coordinates": [[-76.2366309, 3.2569246], [-76.2366288, 3.2569027]]}}, {"type": "Feature", "properties": {"OBJECTID": 321, "Shape_Leng": 4.90217354829, "RUTA": null}, "geometry": {"type": "LineString", "coordinates": [[-76.2497676, 3.2545958], [-76.2498093, 3.2545814]]}}, {"type": "Feature", "properties": {"OBJECTID": 322, "Shape_Leng": 4.56959750908, "RUTA": null}, "geometry": {"type": "LineString", "coordinates": [[-76.2498055, 3.2544846], [-76.2498416, 3.2545045]]}}, {"type": "Feature", "properties": {"OBJECTID": 323, "Shape_Leng": 8.07583118913, "RUTA": null}, "geometry": {"type": "LineString", "coordinates": [[-76.2423947, 3.2529914], [-76.242399, 3.2529952], [-76.2424508, 3.2530378]]}}, {"type": "Feature", "properties": {"OBJECTID": 324, "Shape_Leng": 4.27975181481, "RUTA": null}, "geometry": {"type": "LineString", "coordinates": [[-76.2392287, 3.2477116], [-76.2391985, 3.2476876]]}}, {"type": "Feature", "properties": {"OBJECTID": 325, "Shape_Leng": 3.06435310768, "RUTA": null}, "geometry": {"type": "LineString", "coordinates": [[-76.2318595, 3.2467377], [-76.2318375, 3.2467211]]}}, {"type": "Feature", "properties": {"OBJECTID": 326, "Shape_Leng": 4.02084357411, "RUTA": null}, "geometry": {"type": "LineString", "coordinates": [[-76.2443482, 3.2417746], [-76.2443831, 3.2417843]]}}, {"type": "Feature", "properties": {"OBJECTID": 327, "Shape_Leng": 24.7591297303, "RUTA": null}, "geometry": {"type": "LineString", "coordinates": [[-76.2453711, 3.239439], [-76.2454887, 3.2392488]]}}, {"type": "Feature", "properties": {"OBJECTID": 328, "Shape_Leng": 4.09943565815, "RUTA": null}, "geometry": {"type": "LineString", "coordinates": [[-76.2329963, 3.2408861], [-76.2329633, 3.2409028]]}}, {"type": "Feature", "properties": {"OBJECTID": 329, "Shape_Leng": 3.05163103933, "RUTA": null}, "geometry": {"type": "LineString", "coordinates": [[-76.2358077, 3.2375889], [-76.2357901, 3.2376101]]}}, {"type": "Feature", "properties": {"OBJECTID": 330, "Shape_Leng": 4.29889117167, "RUTA": null}, "geometry": {"type": "LineString", "coordinates": [[-76.237084, 3.2361134], [-76.2370545, 3.2360882]]}}, {"type": "Feature", "properties": {"OBJECTID": 331, "Shape_Leng": 3.85267014722, "RUTA": null}, "geometry": {"type": "LineString", "coordinates": [[-76.2370182, 3.229447], [-76.2370013, 3.2294166]]}}, {"type": "Feature", "properties": {"OBJECTID": 332, "Shape_Leng": 4.1959756911, "RUTA": null}, "geometry": {"type": "LineString", "coordinates": [[-76.2410901, 3.2317536], [-76.2411032, 3.231718]]}}, {"type": "Feature", "properties": {"OBJECTID": 333, "Shape_Leng": 5.78215474605, "RUTA": null}, "geometry": {"type": "LineString", "coordinates": [[-76.2402651, 3.2339022], [-76.2403121, 3.2338796]]}}, {"type": "Feature", "properties": {"OBJECTID": 334, "Shape_Leng": 4.83595410304, "RUTA": null}, "geometry": {"type": "LineString", "coordinates": [[-76.2467769, 3.2375313], [-76.2468164, 3.2375496]]}}, {"type": "Feature", "properties": {"OBJECTID": 335, "Shape_Leng": 13.6269358257, "RUTA": null}, "geometry": {"type": "LineString", "coordinates": [[-76.2496235, 3.2340024], [-76.2497435, 3.2339768]]}}, {"type": "Feature", "properties": {"OBJECTID": 336, "Shape_Leng": 4.01353187772, "RUTA": null}, "geometry": {"type": "LineString", "coordinates": [[-76.2600316, 3.2359751], [-76.2600371, 3.236011]]}}, {"type": "Feature", "properties": {"OBJECTID": 337, "Shape_Leng": 15.7493623831, "RUTA": null}, "geometry": {"type": "LineString", "coordinates": [[-76.2674765, 3.238177], [-76.2675864, 3.2380871]]}}, {"type": "Feature", "properties": {"OBJECTID": 338, "Shape_Leng": 1291.28648582, "RUTA": null}, "geometry": {"type": "LineString", "coordinates": [[-76.2313002, 3.2338037], [-76.231296, 3.2337996], [-76.2312828, 3.2337895], [-76.2312575, 3.2337749], [-76.2311468, 3.2336948], [-76.231078, 3.2336334], [-76.2310158, 3.2335258], [-76.2310086, 3.2334633], [-76.2309656, 3.2333242], [-76.2307226, 3.2327424], [-76.2302912, 3.231758], [-76.229912, 3.2308765], [-76.2294114, 3.2296797], [-76.2292664, 3.2293451], [-76.2291204, 3.2290564], [-76.2290218, 3.2288762], [-76.228976, 3.2287084], [-76.228946, 3.2285053], [-76.2289934, 3.2285136], [-76.2290102, 3.228621], [-76.2290374, 3.2287397], [-76.2290768, 3.2288287], [-76.2291173, 3.228936], [-76.2292774, 3.2292456], [-76.2293996, 3.2295323], [-76.2297489, 3.2303528], [-76.2301721, 3.2313478], [-76.2306439, 3.2324099], [-76.2309241, 3.2330582], [-76.2310101, 3.2332984], [-76.231064, 3.233464], [-76.2311055, 3.2335688], [-76.2311496, 3.2336314], [-76.2311941, 3.2336676], [-76.2312508, 3.2336916], [-76.2312977, 3.2337016], [-76.2313141, 3.2337006], [-76.2313282, 3.2336944], [-76.2313352, 3.2336912]]}}, {"type": "Feature", "properties": {"OBJECTID": 339, "Shape_Leng": 1.04727830305, "RUTA": null}, "geometry": {"type": "LineString", "coordinates": [[-76.2313352, 3.2336912], [-76.2313434, 3.2336865]]}}, {"type": "Feature", "properties": {"OBJECTID": 340, "Shape_Leng": 1.05682076733, "RUTA": null}, "geometry": {"type": "LineString", "coordinates": [[-76.2313002, 3.2338037], [-76.231306, 3.2338113]]}}, {"type": "Feature", "properties": {"OBJECTID": 342, "Shape_Leng": 3.8875877944, "RUTA": null}, "geometry": {"type": "LineString", "coordinates": [[-76.2466969, 3.2224536], [-76.2466663, 3.2224366]]}}, {"type": "Feature", "properties": {"OBJECTID": 343, "Shape_Leng": 3.36306400761, "RUTA": null}, "geometry": {"type": "LineString", "coordinates": [[-76.2463406, 3.2229299], [-76.2463679, 3.222943]]}}, {"type": "Feature", "properties": {"OBJECTID": 344, "Shape_Leng": 5.6431859816, "RUTA": null}, "geometry": {"type": "LineString", "coordinates": [[-76.2456581, 3.222569], [-76.2456367, 3.2225227]]}}, {"type": "Feature", "properties": {"OBJECTID": 345, "Shape_Leng": 6.38625931965, "RUTA": null}, "geometry": {"type": "LineString", "coordinates": [[-76.2462596, 3.2230642], [-76.2462719, 3.2231207]]}}, {"type": "Feature", "properties": {"OBJECTID": 354, "Shape_Leng": 779.849550762, "RUTA": null}, "geometry": {"type": "LineString", "coordinates": [[-76.4102945, 3.1062766], [-76.4100906, 3.1068993], [-76.4099066, 3.1074786], [-76.4098156, 3.1078067], [-76.4097733, 3.108057], [-76.4097723, 3.1080807], [-76.4097649, 3.1085958], [-76.4097207, 3.1090795], [-76.4096766, 3.1101684], [-76.4096871, 3.1102972], [-76.4097294, 3.1105199], [-76.4098763, 3.1113987], [-76.409934, 3.1116358], [-76.4100266, 3.1118308], [-76.410075, 3.1118969], [-76.4101729, 3.1121267], [-76.4102072, 3.1124101], [-76.4101508, 3.1126161], [-76.4100406, 3.1131456]]}}, {"type": "Feature", "properties": {"OBJECTID": 413, "Shape_Leng": 119.271767744, "RUTA": null}, "geometry": {"type": "LineString", "coordinates": [[-76.4024738, 3.0990053], [-76.4024891, 3.0990289], [-76.4025045, 3.0990533], [-76.4025193, 3.099077], [-76.4025334, 3.0991002], [-76.4025478, 3.0991235], [-76.4025609, 3.0991455], [-76.4025754, 3.0991672], [-76.4025903, 3.0991905], [-76.4026055, 3.0992146], [-76.4026226, 3.0992404], [-76.4026388, 3.0992643], [-76.4026534, 3.0992876], [-76.4026678, 3.0993106], [-76.4026828, 3.0993326], [-76.4026988, 3.0993544], [-76.4027152, 3.099377], [-76.402731, 3.0994017], [-76.4027455, 3.0994256], [-76.4027588, 3.0994476], [-76.4027716, 3.0994668], [-76.4027859, 3.0994916], [-76.4027982, 3.0995154], [-76.4028101, 3.0995376], [-76.4028219, 3.0995606], [-76.402834, 3.0995844], [-76.402845, 3.0996084], [-76.4028557, 3.0996302], [-76.4028708, 3.0996607], [-76.4028821, 3.0996825], [-76.4028966, 3.0997106], [-76.4029088, 3.0997364], [-76.4029199, 3.0997639], [-76.4029269, 3.0997857], [-76.4029343, 3.0998115], [-76.4029419, 3.0998341], [-76.4029497, 3.0998573], [-76.4029617, 3.0998866], [-76.4029782, 3.0999123], [-76.4029972, 3.0999339], [-76.4030016, 3.0999386]]}}, {"type": "Feature", "properties": {"OBJECTID": 414, "Shape_Leng": 475.968537557, "RUTA": null}, "geometry": {"type": "LineString", "coordinates": [[-76.4030016, 3.0999386], [-76.4030184, 3.0999563], [-76.403039, 3.0999786], [-76.4030577, 3.0999998], [-76.4030752, 3.1000204], [-76.4030942, 3.1000429], [-76.4031139, 3.100067], [-76.4031379, 3.1000964], [-76.4031573, 3.1001209], [-76.4031767, 3.1001475], [-76.4031911, 3.1001681], [-76.4032069, 3.1001899], [-76.403225, 3.1002135], [-76.4032442, 3.1002383], [-76.4032638, 3.1002649], [-76.4032819, 3.1002895], [-76.4032985, 3.1003131], [-76.4033155, 3.100336], [-76.4033341, 3.1003584], [-76.4033498, 3.1003771], [-76.4033698, 3.1004003], [-76.4033877, 3.1004225], [-76.4034047, 3.1004432], [-76.4034199, 3.1004619], [-76.4034365, 3.1004827], [-76.4034569, 3.1005061], [-76.4034728, 3.1005251], [-76.403491, 3.1005485], [-76.4035072, 3.1005701], [-76.4035216, 3.1005909], [-76.403535, 3.1006115], [-76.4035563, 3.1006415], [-76.4035711, 3.1006615], [-76.4035862, 3.1006827], [-76.4036042, 3.1007091], [-76.4036176, 3.1007306], [-76.4036312, 3.1007558], [-76.4036448, 3.1007797], [-76.403658, 3.1008002], [-76.4036732, 3.100822], [-76.4036916, 3.1008477], [-76.4037087, 3.1008735], [-76.4037242, 3.1008977], [-76.4037391, 3.1009207], [-76.4037534, 3.1009411], [-76.4037723, 3.1009648], [-76.4037895, 3.100985], [-76.4038059, 3.1010065], [-76.4038201, 3.1010252], [-76.4038364, 3.1010476], [-76.4038533, 3.1010744], [-76.4038656, 3.1010956], [-76.4038798, 3.1011182], [-76.4038942, 3.1011381], [-76.4039133, 3.1011632], [-76.4039303, 3.1011888], [-76.4039425, 3.1012086], [-76.4039569, 3.1012315], [-76.4039716, 3.101253], [-76.4039868, 3.1012737], [-76.4040035, 3.1012958], [-76.4040206, 3.1013189], [-76.4040347, 3.101338], [-76.4040512, 3.1013611], [-76.4040659, 3.1013832], [-76.4040795, 3.1014038], [-76.4041006, 3.101431], [-76.4041159, 3.1014506], [-76.4041352, 3.1014793], [-76.4041476, 3.1015028], [-76.4041606, 3.1015256], [-76.4041728, 3.101547], [-76.4041829, 3.1015673], [-76.4041932, 3.1015887], [-76.4042057, 3.1016119], [-76.4042192, 3.1016369], [-76.4042336, 3.1016627], [-76.4042481, 3.1016881], [-76.4042601, 3.1017127], [-76.4042716, 3.101737], [-76.404283, 3.1017595], [-76.4042939, 3.101783], [-76.4043061, 3.101808], [-76.4043188, 3.1018336], [-76.4043322, 3.1018591], [-76.4043445, 3.1018828], [-76.4043557, 3.1019074], [-76.4043656, 3.1019302], [-76.4043741, 3.1019521], [-76.404385, 3.1019752], [-76.4044, 3.101999], [-76.4044143, 3.1020231], [-76.4044273, 3.1020478], [-76.4044399, 3.102073], [-76.4044511, 3.1020969], [-76.4044628, 3.1021218], [-76.4044734, 3.1021421], [-76.4044853, 3.1021619], [-76.4044981, 3.1021834], [-76.4045116, 3.1022066], [-76.4045273, 3.1022307], [-76.4045432, 3.1022539], [-76.4045585, 3.1022755], [-76.4045731, 3.1022956], [-76.4045895, 3.1023164], [-76.4046062, 3.1023374], [-76.404623, 3.1023587], [-76.4046382, 3.1023788], [-76.4046523, 3.1024002], [-76.4046647, 3.1024213], [-76.4046807, 3.1024482], [-76.4046937, 3.10247], [-76.4047047, 3.1024902], [-76.4047164, 3.1025111], [-76.4047268, 3.1025322], [-76.4047383, 3.1025623], [-76.4047481, 3.1025888], [-76.4047568, 3.1026117], [-76.4047683, 3.1026416], [-76.4047786, 3.1026668], [-76.4047886, 3.1026889], [-76.4048002, 3.102716], [-76.4048094, 3.1027404], [-76.404819, 3.1027718], [-76.4048277, 3.102798], [-76.4048368, 3.1028229], [-76.4048458, 3.1028456], [-76.4048541, 3.1028674], [-76.4048628, 3.1028908], [-76.4048726, 3.1029163], [-76.4048808, 3.1029402], [-76.4048893, 3.1029677], [-76.4048966, 3.1029898], [-76.4049096, 3.1030218], [-76.4049226, 3.103052], [-76.4049331, 3.1030837], [-76.4049422, 3.1031062], [-76.4049574, 3.1031407], [-76.4049695, 3.1031718], [-76.4049787, 3.1031976], [-76.404987, 3.1032231], [-76.404996, 3.1032477], [-76.4050037, 3.1032711], [-76.4050111, 3.1032949], [-76.4050238, 3.1033306], [-76.4050333, 3.1033529], [-76.4050438, 3.1033802], [-76.4050521, 3.1034051], [-76.4050602, 3.1034287], [-76.4050693, 3.1034523], [-76.4050788, 3.1034759], [-76.4050937, 3.1035078], [-76.4051033, 3.1035288], [-76.4051139, 3.1035501], [-76.4051234, 3.1035727], [-76.4051345, 3.1036008], [-76.4051446, 3.1036262]]}}, {"type": "Feature", "properties": {"OBJECTID": 419, "Shape_Leng": 914.704023223, "RUTA": null}, "geometry": {"type": "LineString", "coordinates": [[-76.4033194, 3.1238695], [-76.4048082, 3.1252204], [-76.4050923, 3.125528], [-76.4060972, 3.1266746], [-76.4067097, 3.1274037], [-76.4068266, 3.1276197], [-76.4069635, 3.1279154], [-76.4080359, 3.1302154], [-76.4081507, 3.1304094], [-76.4081608, 3.130421]]}}, {"type": "Feature", "properties": {"OBJECTID": 420, "Shape_Leng": 603.950115677, "RUTA": null}, "geometry": {"type": "LineString", "coordinates": [[-76.4083533, 3.130568], [-76.4095291, 3.1313398], [-76.411076, 3.1323683], [-76.4111204, 3.1324132], [-76.4115678, 3.1329666], [-76.4124413, 3.1340687]]}}, {"type": "Feature", "properties": {"OBJECTID": 421, "Shape_Leng": 26.8806700994, "RUTA": null}, "geometry": {"type": "LineString", "coordinates": [[-76.4083533, 3.130568], [-76.4081608, 3.130421]]}}, {"type": "Feature", "properties": {"OBJECTID": 422, "Shape_Leng": 5.10176067636, "RUTA": null}, "geometry": {"type": "LineString", "coordinates": [[-76.4097337, 3.108562], [-76.4097649, 3.1085958]]}}, {"type": "Feature", "properties": {"OBJECTID": 423, "Shape_Leng": 277.468322232, "RUTA": null}, "geometry": {"type": "LineString", "coordinates": [[-76.3983912, 3.1464476], [-76.3986545, 3.1458264], [-76.3991354, 3.1445482], [-76.3992411, 3.1443187], [-76.3993306, 3.1441241]]}}, {"type": "Feature", "properties": {"OBJECTID": 424, "Shape_Leng": 6.8540651297, "RUTA": null}, "geometry": {"type": "LineString", "coordinates": [[-76.3993306, 3.1441241], [-76.3993571, 3.1440681]]}}, {"type": "Feature", "properties": {"OBJECTID": 425, "Shape_Leng": 662.910116325, "RUTA": null}, "geometry": {"type": "LineString", "coordinates": [[-76.394336, 3.1265012], [-76.3945957, 3.1269621], [-76.3948024, 3.1274493], [-76.3948514, 3.1275925], [-76.3949016, 3.1278171], [-76.3948837, 3.1280004], [-76.3948769, 3.1280242], [-76.394811, 3.1282165], [-76.3947448, 3.1283222], [-76.3944043, 3.1285417], [-76.3942682, 3.1286285], [-76.3941721, 3.1287172], [-76.3940483, 3.128874], [-76.3939811, 3.1290372], [-76.3936036, 3.1305787], [-76.3934359, 3.1314045], [-76.3932466, 3.131877]]}}, {"type": "Feature", "properties": {"OBJECTID": 426, "Shape_Leng": 7.92377169657, "RUTA": null}, "geometry": {"type": "LineString", "coordinates": [[-76.3932466, 3.131877], [-76.3932194, 3.1319432]]}}, {"type": "Feature", "properties": {"OBJECTID": 427, "Shape_Leng": 11.0089851031, "RUTA": null}, "geometry": {"type": "LineString", "coordinates": [[-76.4007052, 3.1212323], [-76.4006199, 3.1212828]]}}, {"type": "Feature", "properties": {"OBJECTID": 428, "Shape_Leng": 10.6186959112, "RUTA": null}, "geometry": {"type": "LineString", "coordinates": [[-76.4006264, 3.1212329], [-76.400661, 3.1212584], [-76.4007114, 3.1212735]]}}, {"type": "Feature", "properties": {"OBJECTID": 429, "Shape_Leng": 4.87131163038, "RUTA": null}, "geometry": {"type": "LineString", "coordinates": [[-76.3977075, 3.104312], [-76.3977429, 3.104338]]}}, {"type": "Feature", "properties": {"OBJECTID": 430, "Shape_Leng": 4.51677993703, "RUTA": null}, "geometry": {"type": "LineString", "coordinates": [[-76.3914678, 3.1084027], [-76.3914799, 3.1084417]]}}, {"type": "Feature", "properties": {"OBJECTID": 431, "Shape_Leng": 4.55991156071, "RUTA": null}, "geometry": {"type": "LineString", "coordinates": [[-76.3914275, 3.1085515], [-76.3914187, 3.1085112]]}}, {"type": "Feature", "properties": {"OBJECTID": 432, "Shape_Leng": 3.4864416339, "RUTA": null}, "geometry": {"type": "LineString", "coordinates": [[-76.371698, 3.1156668], [-76.3716683, 3.1156567]]}}, {"type": "Feature", "properties": {"OBJECTID": 433, "Shape_Leng": 7.20598812078, "RUTA": null}, "geometry": {"type": "LineString", "coordinates": [[-76.3333244, 3.1313763], [-76.3333117, 3.1314401]]}}, {"type": "Feature", "properties": {"OBJECTID": 434, "Shape_Leng": 4.13072672606, "RUTA": null}, "geometry": {"type": "LineString", "coordinates": [[-76.3244979, 3.1397418], [-76.3244852, 3.1397067]]}}, {"type": "Feature", "properties": {"OBJECTID": 435, "Shape_Leng": 6.19712105537, "RUTA": null}, "geometry": {"type": "LineString", "coordinates": [[-76.3149555, 3.1149161], [-76.3149694, 3.1148618]]}}, {"type": "Feature", "properties": {"OBJECTID": 436, "Shape_Leng": 3.66583489159, "RUTA": null}, "geometry": {"type": "LineString", "coordinates": [[-76.3053195, 3.1248222], [-76.3053032, 3.1247934]]}}, {"type": "Feature", "properties": {"OBJECTID": 437, "Shape_Leng": 180.695708046, "RUTA": null}, "geometry": {"type": "LineString", "coordinates": [[-76.3021803, 3.1474874], [-76.3021794, 3.1474964], [-76.302166, 3.1475659], [-76.3020906, 3.1479643], [-76.3017803, 3.1490697]]}}, {"type": "Feature", "properties": {"OBJECTID": 439, "Shape_Leng": 0.292479269678, "RUTA": null}, "geometry": {"type": "LineString", "coordinates": [[-76.3021803, 3.1474874], [-76.3021806, 3.1474848]]}}, {"type": "Feature", "properties": {"OBJECTID": 440, "Shape_Leng": 1175.83986058, "RUTA": null}, "geometry": {"type": "LineString", "coordinates": [[-76.3184465, 3.111449], [-76.3186006, 3.111587], [-76.3187411, 3.111715], [-76.3190295, 3.1119079], [-76.3197435, 3.1123337], [-76.3204413, 3.1127225], [-76.3210007, 3.1130369], [-76.3212215, 3.1131551], [-76.3213001, 3.1132096], [-76.3213843, 3.1133057], [-76.3214581, 3.1134486], [-76.3215785, 3.1136564], [-76.3216619, 3.1137571], [-76.3217838, 3.113885], [-76.321821, 3.1139661], [-76.3218255, 3.1140442], [-76.3215674, 3.1144884], [-76.3214892, 3.1146825], [-76.3214538, 3.1148137], [-76.3214578, 3.1149786], [-76.3214929, 3.1151336], [-76.3215696, 3.1152562], [-76.3216731, 3.1153813], [-76.3222709, 3.1158316], [-76.3224186, 3.1159227], [-76.3225676, 3.115991], [-76.3227786, 3.1159911], [-76.3232472, 3.1158229], [-76.3238166, 3.1156532], [-76.3241762, 3.1156047], [-76.3245078, 3.1155899], [-76.3249421, 3.1156253], [-76.3253993, 3.1156697], [-76.3255722, 3.1156534], [-76.325933, 3.1154536], [-76.326014, 3.1155062], [-76.3260578, 3.1155719]]}}, {"type": "Feature", "properties": {"OBJECTID": 441, "Shape_Leng": 0.825722364142, "RUTA": null}, "geometry": {"type": "LineString", "coordinates": [[-76.3260578, 3.1155719], [-76.3260607, 3.1155758], [-76.3260628, 3.1155744]]}}, {"type": "Feature", "properties": {"OBJECTID": 442, "Shape_Leng": 3.07148142796, "RUTA": null}, "geometry": {"type": "LineString", "coordinates": [[-76.3184465, 3.111449], [-76.318427, 3.1114294]]}}, {"type": "Feature", "properties": {"OBJECTID": 443, "Shape_Leng": 719.084908351, "RUTA": null}, "geometry": {"type": "LineString", "coordinates": [[-76.4874054, 3.0312745], [-76.4878082, 3.032647], [-76.4882034, 3.0339937], [-76.4885737, 3.0352234], [-76.4889559, 3.0364299], [-76.489131, 3.0370173], [-76.4892683, 3.0375013]]}}, {"type": "Feature", "properties": {"OBJECTID": 444, "Shape_Leng": 813.084334825, "RUTA": null}, "geometry": {"type": "LineString", "coordinates": [[-76.4859031, 3.0248357], [-76.4858744, 3.0246424], [-76.4858465, 3.0245333], [-76.485829, 3.0244419], [-76.485798, 3.0242306], [-76.4856963, 3.0235806], [-76.4856203, 3.0230048], [-76.4855458, 3.0224222], [-76.4854633, 3.0218995], [-76.4853988, 3.0214042], [-76.4853175, 3.0208876], [-76.4852807, 3.0206048], [-76.4851547, 3.0197598], [-76.485093, 3.0193703], [-76.4850434, 3.0191603], [-76.4849331, 3.0188503], [-76.484753, 3.0183604], [-76.4845374, 3.0178624], [-76.4844626, 3.0176605]]}}, {"type": "Feature", "properties": {"OBJECTID": 445, "Shape_Leng": 697.234048336, "RUTA": null}, "geometry": {"type": "LineString", "coordinates": [[-76.4873384, 3.0310688], [-76.4869154, 3.0296968], [-76.4864471, 3.0282224], [-76.4863439, 3.0278128], [-76.4863005, 3.0274916], [-76.4862195, 3.0271186], [-76.486108, 3.0264403], [-76.4860481, 3.0259615], [-76.4859647, 3.0253008], [-76.4859188, 3.0249474]]}}, {"type": "Feature", "properties": {"OBJECTID": 448, "Shape_Leng": 105.862171468, "RUTA": null}, "geometry": {"type": "LineString", "coordinates": [[-76.5072967, 3.0797765], [-76.5064215, 3.0801538]]}}, {"type": "Feature", "properties": {"OBJECTID": 449, "Shape_Leng": 3.26641791338, "RUTA": null}, "geometry": {"type": "LineString", "coordinates": [[-76.5239294, 3.0507076], [-76.5239574, 3.0507167]]}}, {"type": "Feature", "properties": {"OBJECTID": 452, "Shape_Leng": 213.408147919, "RUTA": null}, "geometry": {"type": "LineString", "coordinates": [[-76.5241881, 3.0686589], [-76.5241882, 3.0686987], [-76.5241837, 3.0688155], [-76.5241648, 3.0689626], [-76.5235207, 3.0689593], [-76.5235216, 3.0687057], [-76.5235152, 3.068659], [-76.5241881, 3.0686589]]}}, {"type": "Feature", "properties": {"OBJECTID": 453, "Shape_Leng": 4.1802422178, "RUTA": null}, "geometry": {"type": "LineString", "coordinates": [[-76.5187437, 3.0686917], [-76.5187061, 3.0686913]]}}, {"type": "Feature", "properties": {"OBJECTID": 454, "Shape_Leng": 5.18705918283, "RUTA": null}, "geometry": {"type": "LineString", "coordinates": [[-76.5100148, 3.0374609], [-76.5100558, 3.0374387]]}}, {"type": "Feature", "properties": {"OBJECTID": 455, "Shape_Leng": 0.516665965018, "RUTA": null}, "geometry": {"type": "LineString", "coordinates": [[-76.5098923, 3.0374072], [-76.5098906, 3.0374028]]}}, {"type": "Feature", "properties": {"OBJECTID": 456, "Shape_Leng": 1.25927940725, "RUTA": null}, "geometry": {"type": "LineString", "coordinates": [[-76.5066152, 3.035395], [-76.506626, 3.0353915]]}}, {"type": "Feature", "properties": {"OBJECTID": 457, "Shape_Leng": 106.238025074, "RUTA": null}, "geometry": {"type": "LineString", "coordinates": [[-76.5061299, 3.0358489], [-76.506178, 3.0358774], [-76.5062976, 3.0356867], [-76.5061968, 3.0356287], [-76.5063067, 3.0354484], [-76.5063992, 3.035512], [-76.5064671, 3.0354157], [-76.506476, 3.035389], [-76.5064864, 3.0353538], [-76.5064846, 3.0353258], [-76.5064794, 3.0352991]]}}, {"type": "Feature", "properties": {"OBJECTID": 458, "Shape_Leng": 0.361715454737, "RUTA": null}, "geometry": {"type": "LineString", "coordinates": [[-76.5064794, 3.0352991], [-76.5064788, 3.0352959]]}}, {"type": "Feature", "properties": {"OBJECTID": 459, "Shape_Leng": 4.55933327731, "RUTA": null}, "geometry": {"type": "LineString", "coordinates": [[-76.5034585, 3.0289151], [-76.5034612, 3.0289562]]}}, {"type": "Feature", "properties": {"OBJECTID": 460, "Shape_Leng": 6.31424510565, "RUTA": null}, "geometry": {"type": "LineString", "coordinates": [[-76.4929832, 3.0454498], [-76.493039, 3.0454605]]}}, {"type": "Feature", "properties": {"OBJECTID": 461, "Shape_Leng": 4.47549903842, "RUTA": null}, "geometry": {"type": "LineString", "coordinates": [[-76.4910228, 3.0363366], [-76.4910347, 3.0363753]]}}, {"type": "Feature", "properties": {"OBJECTID": 462, "Shape_Leng": 5.13006804001, "RUTA": null}, "geometry": {"type": "LineString", "coordinates": [[-76.4819616, 3.0261419], [-76.4819181, 3.0261262]]}}, {"type": "Feature", "properties": {"OBJECTID": 463, "Shape_Leng": 4.39430795266, "RUTA": null}, "geometry": {"type": "LineString", "coordinates": [[-76.4842722, 3.0244493], [-76.4842838, 3.0244113]]}}, {"type": "Feature", "properties": {"OBJECTID": 464, "Shape_Leng": 11.3595399993, "RUTA": null}, "geometry": {"type": "LineString", "coordinates": [[-76.4858615, 3.0248639], [-76.4859499, 3.0249155]]}}, {"type": "Feature", "properties": {"OBJECTID": 465, "Shape_Leng": 12.4843962261, "RUTA": null}, "geometry": {"type": "LineString", "coordinates": [[-76.4859188, 3.0249474], [-76.4859096, 3.024892], [-76.4859031, 3.0248357]]}}, {"type": "Feature", "properties": {"OBJECTID": 466, "Shape_Leng": 4.23259942985, "RUTA": null}, "geometry": {"type": "LineString", "coordinates": [[-76.4870861, 3.0253095], [-76.4870751, 3.0252728]]}}, {"type": "Feature", "properties": {"OBJECTID": 467, "Shape_Leng": 4.21024254611, "RUTA": null}, "geometry": {"type": "LineString", "coordinates": [[-76.4912916, 3.0246357], [-76.4912784, 3.0246]]}}, {"type": "Feature", "properties": {"OBJECTID": 468, "Shape_Leng": 31.5254807735, "RUTA": null}, "geometry": {"type": "LineString", "coordinates": [[-76.4830588, 3.0235664], [-76.4827754, 3.0235743]]}}, {"type": "Feature", "properties": {"OBJECTID": 469, "Shape_Leng": 37.7637536799, "RUTA": null}, "geometry": {"type": "LineString", "coordinates": [[-76.4826476, 3.0235638], [-76.4823102, 3.0235243]]}}, {"type": "Feature", "properties": {"OBJECTID": 470, "Shape_Leng": 4.02083704372, "RUTA": null}, "geometry": {"type": "LineString", "coordinates": [[-76.4852956, 3.0204768], [-76.4852604, 3.0204685]]}}, {"type": "Feature", "properties": {"OBJECTID": 471, "Shape_Leng": 8.05768111929, "RUTA": null}, "geometry": {"type": "LineString", "coordinates": [[-76.4853197, 3.0206528], [-76.4852959, 3.0207216]]}}, {"type": "Feature", "properties": {"OBJECTID": 472, "Shape_Leng": 5.38701600478, "RUTA": null}, "geometry": {"type": "LineString", "coordinates": [[-76.4846618, 3.0180576], [-76.4846559, 3.0180693], [-76.4846409, 3.0181015]]}}, {"type": "Feature", "properties": {"OBJECTID": 473, "Shape_Leng": 7.75889831348, "RUTA": null}, "geometry": {"type": "LineString", "coordinates": [[-76.4846198, 3.0179692], [-76.4845649, 3.0179259]]}}, {"type": "Feature", "properties": {"OBJECTID": 474, "Shape_Leng": 13.3495862756, "RUTA": null}, "geometry": {"type": "LineString", "coordinates": [[-76.4952234, 3.0208654], [-76.4952354, 3.0208998], [-76.4952344, 3.0209267], [-76.4952282, 3.0209428], [-76.4951931, 3.0209618]]}}, {"type": "Feature", "properties": {"OBJECTID": 475, "Shape_Leng": 3.03263255992, "RUTA": null}, "geometry": {"type": "LineString", "coordinates": [[-76.4725645, 3.0858957], [-76.4725388, 3.0858865]]}}, {"type": "Feature", "properties": {"OBJECTID": 484, "Shape_Leng": 6.52662707695, "RUTA": null}, "geometry": {"type": "LineString", "coordinates": [[-76.3864826, 3.0864983], [-76.386518, 3.0865454]]}}, {"type": "Feature", "properties": {"OBJECTID": 485, "Shape_Leng": 625.818761804, "RUTA": null}, "geometry": {"type": "LineString", "coordinates": [[-76.3256814, 3.1594383], [-76.3256315, 3.1596346], [-76.3252518, 3.1611258], [-76.3250376, 3.1621885], [-76.3249707, 3.1625929], [-76.3249045, 3.1628202], [-76.3240719, 3.1647018], [-76.324047, 3.16477], [-76.3240284, 3.1648208]]}}, {"type": "Feature", "properties": {"OBJECTID": 486, "Shape_Leng": 419.826716884, "RUTA": null}, "geometry": {"type": "LineString", "coordinates": [[-76.3128672, 3.1908572], [-76.3128623, 3.1908815], [-76.3128575, 3.1909062], [-76.3128529, 3.1909347], [-76.3128482, 3.1909573], [-76.3128387, 3.1909872], [-76.3128292, 3.191014], [-76.3128177, 3.1910424], [-76.3128033, 3.1910738], [-76.3127908, 3.1910988], [-76.3127846, 3.1911112], [-76.3127767, 3.1911269], [-76.3127603, 3.191158], [-76.3127467, 3.1911838], [-76.3127313, 3.1912125], [-76.3127138, 3.1912454], [-76.3127025, 3.1912679], [-76.3126893, 3.1912957], [-76.3126749, 3.1913269], [-76.3126585, 3.1913609], [-76.3126454, 3.1913862], [-76.3126277, 3.1914197], [-76.3126087, 3.1914554], [-76.3125948, 3.1914834], [-76.3125776, 3.191518], [-76.3125595, 3.1915494], [-76.3125455, 3.1915706], [-76.3125285, 3.1915932], [-76.3125127, 3.1916155], [-76.3124988, 3.1916359], [-76.3124883, 3.1916625], [-76.3124778, 3.1916858], [-76.3124636, 3.191713], [-76.3124488, 3.1917412], [-76.3124363, 3.1917682], [-76.3124242, 3.1917952], [-76.3124126, 3.1918235], [-76.3123988, 3.1918551], [-76.312383, 3.1918899], [-76.3123681, 3.191922], [-76.3123547, 3.1919504], [-76.3123377, 3.1919837], [-76.3123177, 3.1920199], [-76.3122985, 3.1920529], [-76.3122786, 3.1920877], [-76.3122644, 3.1921129], [-76.3122511, 3.1921367], [-76.31224, 3.1921577], [-76.3122228, 3.1921891], [-76.3122041, 3.1922217], [-76.3121847, 3.192255], [-76.312163, 3.1922915], [-76.3121462, 3.1923191], [-76.3121225, 3.1923573], [-76.3121049, 3.1923872], [-76.312088, 3.1924182], [-76.3120754, 3.1924427], [-76.3120595, 3.1924752], [-76.3120444, 3.1925057], [-76.3120277, 3.1925406], [-76.3120136, 3.19257], [-76.3120006, 3.1925973], [-76.3119878, 3.1926252], [-76.3119744, 3.1926544], [-76.311961, 3.1926843], [-76.31195, 3.1927101], [-76.31194, 3.1927395], [-76.3119322, 3.1927696], [-76.3119319, 3.1927927], [-76.3119392, 3.1928211], [-76.3119499, 3.192843], [-76.3119636, 3.1928668], [-76.311979, 3.1928911], [-76.3120002, 3.1929195], [-76.3120168, 3.1929405], [-76.3120365, 3.1929696], [-76.3120482, 3.1929984], [-76.3120577, 3.1930329], [-76.3120597, 3.1930605], [-76.3120574, 3.1930842], [-76.3120511, 3.1931162], [-76.3120455, 3.1931383], [-76.312034, 3.1931767], [-76.3120236, 3.1932115], [-76.312015, 3.1932396], [-76.3120029, 3.1932745], [-76.3119895, 3.1933083], [-76.3119699, 3.1933515], [-76.3119535, 3.1933873], [-76.3119391, 3.1934188], [-76.3119274, 3.1934455], [-76.3119143, 3.1934754], [-76.3118993, 3.1935083], [-76.311886, 3.1935391], [-76.3118749, 3.1935667], [-76.3118638, 3.1935935], [-76.3118489, 3.1936279], [-76.3118381, 3.1936521], [-76.3118266, 3.1936766], [-76.3118084, 3.1937143], [-76.3117948, 3.1937446], [-76.3117827, 3.1937739], [-76.3117681, 3.1938082], [-76.3117495, 3.1938479], [-76.3117337, 3.193884], [-76.311721, 3.1939168], [-76.3117082, 3.1939497], [-76.3116912, 3.193987], [-76.3116765, 3.1940198], [-76.3116626, 3.1940544], [-76.3116517, 3.1940848], [-76.3116423, 3.1941104], [-76.3116288, 3.1941455], [-76.3116134, 3.1941848], [-76.3116003, 3.1942186], [-76.3115888, 3.1942441], [-76.3115727, 3.1942732], [-76.3115609, 3.1942906]]}}, {"type": "Feature", "properties": {"OBJECTID": 487, "Shape_Leng": 1173.53886735, "RUTA": null}, "geometry": {"type": "LineString", "coordinates": [[-76.3252984, 3.1490882], [-76.3253958, 3.1495639], [-76.3255196, 3.1501853], [-76.3262988, 3.1544362], [-76.3265606, 3.1557884], [-76.3265517, 3.1559089], [-76.3263911, 3.1575521], [-76.3262974, 3.1581306], [-76.3261675, 3.1582752], [-76.3260225, 3.158413], [-76.325956, 3.158542], [-76.3257147, 3.1593209], [-76.3256916, 3.1593953]]}}, {"type": "Feature", "properties": {"OBJECTID": 488, "Shape_Leng": 1698.39746048, "RUTA": null}, "geometry": {"type": "LineString", "coordinates": [[-76.3320997, 3.1895724], [-76.3321486, 3.1892685], [-76.3321694, 3.1890944], [-76.3325896, 3.1860417], [-76.3328979, 3.1835851], [-76.3329103, 3.1834863], [-76.3329215, 3.1832941], [-76.332924, 3.1832712], [-76.3326261, 3.1831904], [-76.3295693, 3.1823382], [-76.3295172, 3.182326], [-76.329403, 3.1822837], [-76.3291793, 3.1822059], [-76.3249641, 3.1810597], [-76.3242922, 3.1808765]]}}, {"type": "Feature", "properties": {"OBJECTID": 489, "Shape_Leng": 567.612636325, "RUTA": null}, "geometry": {"type": "LineString", "coordinates": [[-76.2679958, 3.1896729], [-76.269357, 3.1905527], [-76.2705394, 3.1913052], [-76.2708933, 3.1916006], [-76.2709388, 3.1917111], [-76.2709269, 3.1918302], [-76.2709203, 3.1918467], [-76.2706866, 3.1925961], [-76.2706718, 3.1926645], [-76.2706386, 3.1930459], [-76.2706263, 3.193187]]}}, {"type": "Feature", "properties": {"OBJECTID": 490, "Shape_Leng": 1035.92800538, "RUTA": null}, "geometry": {"type": "LineString", "coordinates": [[-76.2769536, 3.1942624], [-76.2725359, 3.1935269], [-76.2699074, 3.1930914], [-76.2698336, 3.1930993], [-76.2697551, 3.1931304], [-76.2695859, 3.1932246], [-76.2694368, 3.1933197], [-76.2692925, 3.1933713], [-76.2691823, 3.1933727], [-76.2689075, 3.1933137], [-76.2686598, 3.1932674], [-76.2684616, 3.1932934], [-76.268366, 3.1933288], [-76.2682221, 3.1934308], [-76.2681835, 3.1934739], [-76.2680394, 3.1936664], [-76.2679925, 3.1937284]]}}, {"type": "Feature", "properties": {"OBJECTID": 491, "Shape_Leng": 1637.21802056, "RUTA": null}, "geometry": {"type": "LineString", "coordinates": [[-76.3017803, 3.1490697], [-76.301762, 3.1491349], [-76.301361, 3.1505279], [-76.3007032, 3.1527717], [-76.2999766, 3.1552959], [-76.2998648, 3.1556191], [-76.2998456, 3.1556434], [-76.2998191, 3.1556785], [-76.2998014, 3.1556898], [-76.2997397, 3.1556685], [-76.297753, 3.1538672], [-76.2959994, 3.1523076], [-76.2950518, 3.1514551], [-76.2950344, 3.1514447], [-76.2949647, 3.1514034], [-76.2948938, 3.1513854], [-76.2948079, 3.1513867], [-76.2945181, 3.1513296], [-76.2941819, 3.1512142], [-76.2937928, 3.151078], [-76.2936378, 3.1510237]]}}, {"type": "Feature", "properties": {"OBJECTID": 492, "Shape_Leng": 312.45305793, "RUTA": null}, "geometry": {"type": "LineString", "coordinates": [[-76.2949727, 3.1513614], [-76.2950845, 3.1512051], [-76.295413, 3.1507458], [-76.2963062, 3.1495003], [-76.296611, 3.1490656]]}}, {"type": "Feature", "properties": {"OBJECTID": 493, "Shape_Leng": 211.628281056, "RUTA": null}, "geometry": {"type": "LineString", "coordinates": [[-76.2998114, 3.1490682], [-76.3006716, 3.1493233], [-76.3013786, 3.1495113], [-76.3014508, 3.1495305], [-76.3014896, 3.14953], [-76.3015473, 3.1495182], [-76.3015946, 3.1494858], [-76.3016307, 3.1494572]]}}, {"type": "Feature", "properties": {"OBJECTID": 494, "Shape_Leng": 1250.52225833, "RUTA": null}, "geometry": {"type": "LineString", "coordinates": [[-76.3049463, 3.1598161], [-76.3048366, 3.1600139], [-76.3045397, 3.1605487], [-76.3043909, 3.1608347], [-76.3031495, 3.1632307], [-76.3026637, 3.1641477], [-76.3026166, 3.1642158], [-76.3024559, 3.1644142], [-76.3019767, 3.1652938], [-76.3013618, 3.16648], [-76.3005722, 3.1680043], [-76.2997378, 3.1695871], [-76.299526, 3.1695455]]}}, {"type": "Feature", "properties": {"OBJECTID": 495, "Shape_Leng": 852.549094534, "RUTA": null}, "geometry": {"type": "LineString", "coordinates": [[-76.3106627, 3.1548127], [-76.3105442, 3.15506], [-76.3090062, 3.1582704], [-76.3086032, 3.1591353], [-76.3085973, 3.1591573], [-76.3085723, 3.1592337], [-76.3083339, 3.1596995], [-76.307846, 3.1607308], [-76.3076015, 3.161254], [-76.3074689, 3.1615836], [-76.3073775, 3.1617767]]}}, {"type": "Feature", "properties": {"OBJECTID": 496, "Shape_Leng": 756.192624174, "RUTA": null}, "geometry": {"type": "LineString", "coordinates": [[-76.3108418, 3.1762505], [-76.3108479, 3.1760854], [-76.3108505, 3.1760467], [-76.3108532, 3.1760071], [-76.3112223, 3.174742], [-76.3113305, 3.1745809], [-76.3114316, 3.174465], [-76.3114524, 3.1744498], [-76.3124575, 3.1740673], [-76.3129596, 3.1739217], [-76.3131001, 3.1739301], [-76.3131421, 3.1739448], [-76.3157855, 3.1748187], [-76.3159885, 3.1749058], [-76.3160386, 3.1749383], [-76.3160641, 3.1749555]]}}, {"type": "Feature", "properties": {"OBJECTID": 497, "Shape_Leng": 552.642638709, "RUTA": null}, "geometry": {"type": "LineString", "coordinates": [[-76.3206051, 3.191815], [-76.3183848, 3.1911939], [-76.3182531, 3.1912229], [-76.3182243, 3.1912381], [-76.317196, 3.191631], [-76.3171418, 3.1916468], [-76.3160936, 3.1918341], [-76.3159503, 3.1918597], [-76.3158176, 3.1918681]]}}, {"type": "Feature", "properties": {"OBJECTID": 498, "Shape_Leng": 1439.56404471, "RUTA": null}, "geometry": {"type": "LineString", "coordinates": [[-76.3171325, 3.1789916], [-76.3161468, 3.1819726], [-76.3161024, 3.1820379], [-76.3160303, 3.1820917], [-76.3159406, 3.1820908], [-76.3159281, 3.1820858], [-76.3156293, 3.1819681], [-76.3154724, 3.1819458], [-76.3153946, 3.1819832], [-76.3153625, 3.1820359], [-76.3152581, 3.1824759], [-76.3151808, 3.1829177], [-76.3149167, 3.1842234], [-76.3145388, 3.1864157], [-76.3139771, 3.1892212], [-76.3136986, 3.1907035], [-76.3136968, 3.1907131], [-76.3136946, 3.1908476]]}}, {"type": "Feature", "properties": {"OBJECTID": 499, "Shape_Leng": 1138.93578933, "RUTA": null}, "geometry": {"type": "LineString", "coordinates": [[-76.3072424, 3.1758528], [-76.3089542, 3.1768843], [-76.3094183, 3.177185], [-76.3094654, 3.1772385], [-76.3095069, 3.1773035], [-76.3096137, 3.1774096], [-76.3097527, 3.1774666], [-76.3098155, 3.1774736], [-76.3099177, 3.1774964], [-76.3100505, 3.1775582], [-76.3115566, 3.1784854], [-76.3117763, 3.1786504], [-76.3126165, 3.1793173], [-76.3135188, 3.1800739], [-76.3138538, 3.1804234], [-76.315298, 3.1819048], [-76.3153704, 3.181979]]}}, {"type": "Feature", "properties": {"OBJECTID": 500, "Shape_Leng": 681.517140567, "RUTA": null}, "geometry": {"type": "LineString", "coordinates": [[-76.330912, 3.1611701], [-76.3289928, 3.1656021], [-76.3285373, 3.1666299], [-76.3284548, 3.1668161]]}}, {"type": "Feature", "properties": {"OBJECTID": 501, "Shape_Leng": 2183.36133426, "RUTA": null}, "geometry": {"type": "LineString", "coordinates": [[-76.3354872, 3.1635429], [-76.3339237, 3.1695065], [-76.3339225, 3.1695116], [-76.3337048, 3.1703647], [-76.333589, 3.1707539], [-76.333476, 3.1710314], [-76.3333445, 3.1713043], [-76.3324271, 3.173741], [-76.3324252, 3.1737482], [-76.3309389, 3.1778554], [-76.3306167, 3.1789307], [-76.3305083, 3.1792836], [-76.3302978, 3.1798014], [-76.3301329, 3.1801637], [-76.3294386, 3.1820088], [-76.3294347, 3.1820193], [-76.3294232, 3.1821117], [-76.329418, 3.1821537], [-76.3294571, 3.1822757]]}}, {"type": "Feature", "properties": {"OBJECTID": 502, "Shape_Leng": 1539.72163502, "RUTA": null}, "geometry": {"type": "LineString", "coordinates": [[-76.3213259, 3.1636679], [-76.3214269, 3.1636932], [-76.3214279, 3.1636935], [-76.3215182, 3.1637191], [-76.3240379, 3.1648498], [-76.3255077, 3.1655119], [-76.3292279, 3.1671853], [-76.3337916, 3.1694468], [-76.3338979, 3.1694995]]}}, {"type": "Feature", "properties": {"OBJECTID": 503, "Shape_Leng": 1337.47441118, "RUTA": null}, "geometry": {"type": "LineString", "coordinates": [[-76.2940876, 3.1490636], [-76.2939092, 3.1497798], [-76.2936601, 3.1508124], [-76.2934178, 3.151863], [-76.2930197, 3.1535083], [-76.2929039, 3.1539923], [-76.292343, 3.1563512], [-76.2914437, 3.1601096], [-76.2912669, 3.1608206]]}}, {"type": "Feature", "properties": {"OBJECTID": 504, "Shape_Leng": 1631.19029296, "RUTA": null}, "geometry": {"type": "LineString", "coordinates": [[-76.3036827, 3.1749772], [-76.3026318, 3.1747172], [-76.302534, 3.1747856], [-76.3024799, 3.1748924], [-76.302477, 3.1749067], [-76.3019965, 3.1775494], [-76.3011034, 3.182593], [-76.3010518, 3.1830348], [-76.3010477, 3.1832102], [-76.3010034, 3.1837781], [-76.3009425, 3.1840029], [-76.3009128, 3.1841896], [-76.3008438, 3.1865624], [-76.3008242, 3.1867276], [-76.3005563, 3.1880328], [-76.3005404, 3.1881104], [-76.3005334, 3.1881444]]}}, {"type": "Feature", "properties": {"OBJECTID": 505, "Shape_Leng": 816.573937763, "RUTA": null}, "geometry": {"type": "LineString", "coordinates": [[-76.2940404, 3.1838712], [-76.2975073, 3.1851286], [-76.2986426, 3.1855434], [-76.2987701, 3.1856422], [-76.2989691, 3.1858322], [-76.2991749, 3.1859923], [-76.2992626, 3.1860406], [-76.3006406, 3.1865708], [-76.3007358, 3.1866074], [-76.3008146, 3.1866152]]}}, {"type": "Feature", "properties": {"OBJECTID": 506, "Shape_Leng": 455.83806048, "RUTA": null}, "geometry": {"type": "LineString", "coordinates": [[-76.2921928, 3.1721202], [-76.2916585, 3.1720529], [-76.2908983, 3.171949], [-76.2904697, 3.1718636], [-76.2898926, 3.1717797], [-76.2896579, 3.1717501], [-76.2895657, 3.1717564], [-76.2895209, 3.1717846], [-76.2885787, 3.1725263], [-76.2885383, 3.1725477], [-76.2885149, 3.1725382], [-76.2884949, 3.172521], [-76.2884632, 3.1724319], [-76.2884631, 3.1724268]]}}, {"type": "Feature", "properties": {"OBJECTID": 507, "Shape_Leng": 926.894134687, "RUTA": null}, "geometry": {"type": "LineString", "coordinates": [[-76.3002913, 3.173907], [-76.2974761, 3.1731566], [-76.2950732, 3.1724956], [-76.2936792, 3.1721174], [-76.2936174, 3.1721139], [-76.2934818, 3.1721312], [-76.2930488, 3.1721686], [-76.292724, 3.1721577], [-76.2921928, 3.1721202]]}}, {"type": "Feature", "properties": {"OBJECTID": 508, "Shape_Leng": 145.633837253, "RUTA": null}, "geometry": {"type": "LineString", "coordinates": [[-76.3015522, 3.1742648], [-76.3002913, 3.173907]]}}, {"type": "Feature", "properties": {"OBJECTID": 509, "Shape_Leng": 407.403072667, "RUTA": null}, "geometry": {"type": "LineString", "coordinates": [[-76.3072247, 3.1758646], [-76.3071071, 3.1758927], [-76.3070432, 3.1758858], [-76.3042006, 3.1751185], [-76.3036827, 3.1749772]]}}, {"type": "Feature", "properties": {"OBJECTID": 510, "Shape_Leng": 1583.63866029, "RUTA": null}, "geometry": {"type": "LineString", "coordinates": [[-76.3207117, 3.1660779], [-76.3201256, 3.1684381], [-76.319766, 3.1697313], [-76.3193838, 3.1713055], [-76.3192608, 3.1718258], [-76.3192047, 3.1720656], [-76.3191264, 3.1723714], [-76.3190693, 3.1726039], [-76.3189571, 3.1728152], [-76.3188861, 3.1729047], [-76.3183403, 3.1737048], [-76.3181357, 3.1740273], [-76.3179979, 3.1741627], [-76.3179092, 3.174216], [-76.317614, 3.1743796], [-76.3173561, 3.1744727], [-76.3168242, 3.1746158], [-76.3164722, 3.1747203], [-76.3162307, 3.1748334], [-76.3161389, 3.1749061], [-76.3160612, 3.1750568], [-76.3160573, 3.1750698], [-76.315249, 3.1772458], [-76.3149279, 3.1781345], [-76.3149047, 3.1782643], [-76.3149262, 3.1783399]]}}, {"type": "Feature", "properties": {"OBJECTID": 511, "Shape_Leng": 722.032182564, "RUTA": null}, "geometry": {"type": "LineString", "coordinates": [[-76.3207117, 3.1660779], [-76.3212817, 3.1640042], [-76.3213123, 3.163786], [-76.3213109, 3.1637326], [-76.3212892, 3.1635384], [-76.3208782, 3.1603814], [-76.3208454, 3.1602583], [-76.3208262, 3.1602019], [-76.3206849, 3.1599357], [-76.3206475, 3.1597735], [-76.3206466, 3.1597042]]}}, {"type": "Feature", "properties": {"OBJECTID": 512, "Shape_Leng": 2684.77553361, "RUTA": null}, "geometry": {"type": "LineString", "coordinates": [[-76.3242922, 3.1808765], [-76.3227024, 3.1804579], [-76.3190762, 3.1794813], [-76.3171379, 3.1789641], [-76.3149037, 3.1783508], [-76.3147977, 3.1782993], [-76.3147589, 3.1782743], [-76.3145833, 3.1781641], [-76.3145377, 3.1780922], [-76.3145411, 3.1780232], [-76.3145285, 3.1778214], [-76.3145015, 3.1777032], [-76.3144227, 3.1776113], [-76.3144052, 3.1775998], [-76.3137736, 3.1773582], [-76.3126992, 3.1770977], [-76.3125034, 3.1770292], [-76.3124088, 3.1769704], [-76.3115369, 3.1763904], [-76.3113478, 3.1763052], [-76.3112107, 3.1762795], [-76.3099636, 3.176269], [-76.3096827, 3.176265], [-76.3094836, 3.1762131], [-76.3093848, 3.1761622], [-76.309093, 3.1760143], [-76.3084558, 3.1758595], [-76.3079058, 3.1757469], [-76.3077732, 3.1757485], [-76.307231, 3.1758203], [-76.307114, 3.1757821], [-76.3047303, 3.1751208], [-76.3015522, 3.1742648]]}}, {"type": "Feature", "properties": {"OBJECTID": 513, "Shape_Leng": 512.995048551, "RUTA": null}, "geometry": {"type": "LineString", "coordinates": [[-76.3320997, 3.1895724], [-76.3313939, 3.1941567]]}}, {"type": "Feature", "properties": {"OBJECTID": 514, "Shape_Leng": 292.859474045, "RUTA": null}, "geometry": {"type": "LineString", "coordinates": [[-76.3354716, 3.1839599], [-76.3329274, 3.1832719]]}}, {"type": "Feature", "properties": {"OBJECTID": 515, "Shape_Leng": 1879.89906309, "RUTA": null}, "geometry": {"type": "LineString", "coordinates": [[-76.2935524, 3.1836895], [-76.2911047, 3.1827953], [-76.2910625, 3.1827704], [-76.2909784, 3.1827197], [-76.289776, 3.1817713], [-76.2896963, 3.1817113], [-76.2895492, 3.1816364], [-76.2868618, 3.1802053], [-76.286413, 3.1799751], [-76.2862818, 3.1799591], [-76.2860115, 3.1799667], [-76.285884, 3.1799259], [-76.2857859, 3.1798344], [-76.2857617, 3.1797924], [-76.2855027, 3.1793638], [-76.2853489, 3.1792044], [-76.2852485, 3.1791362], [-76.2849369, 3.1789913], [-76.2846052, 3.1789023], [-76.2844223, 3.1788784], [-76.284076, 3.1789005], [-76.2836012, 3.1789922], [-76.2831819, 3.1789776], [-76.2828774, 3.1789697], [-76.282648, 3.1790033], [-76.2823111, 3.1791213], [-76.2820675, 3.1791455], [-76.2818252, 3.1791105], [-76.2817643, 3.1790919], [-76.2815232, 3.1789859], [-76.28141, 3.178911], [-76.279089, 3.1766669], [-76.2790143, 3.1766514]]}}, {"type": "Feature", "properties": {"OBJECTID": 516, "Shape_Leng": 1043.07807554, "RUTA": null}, "geometry": {"type": "LineString", "coordinates": [[-76.329656, 3.1943048], [-76.3265146, 3.1934514], [-76.3231347, 3.1925192], [-76.3206051, 3.191815]]}}, {"type": "Feature", "properties": {"OBJECTID": 517, "Shape_Leng": 1077.95380719, "RUTA": null}, "geometry": {"type": "LineString", "coordinates": [[-76.2998065, 3.1557099], [-76.299817, 3.1557464], [-76.2998475, 3.1557953], [-76.2998959, 3.1558557], [-76.30081, 3.156531], [-76.3027439, 3.1580294], [-76.3049605, 3.1597666], [-76.3054447, 3.1601351], [-76.3057462, 3.1603979], [-76.307025, 3.1614642], [-76.3073775, 3.1617767]]}}, {"type": "Feature", "properties": {"OBJECTID": 518, "Shape_Leng": 673.669000649, "RUTA": null}, "geometry": {"type": "LineString", "coordinates": [[-76.352172, 3.1559438], [-76.3522074, 3.1560614], [-76.3521837, 3.1563792], [-76.3518137, 3.1613478], [-76.3517543, 3.1620128]]}}, {"type": "Feature", "properties": {"OBJECTID": 519, "Shape_Leng": 554.061491225, "RUTA": null}, "geometry": {"type": "LineString", "coordinates": [[-76.3678927, 3.159438], [-76.3631847, 3.1590702], [-76.3629233, 3.1590498]]}}, {"type": "Feature", "properties": {"OBJECTID": 520, "Shape_Leng": 884.640934878, "RUTA": null}, "geometry": {"type": "LineString", "coordinates": [[-76.3624098, 3.1630772], [-76.3620222, 3.1630051], [-76.3619407, 3.1629899], [-76.36145, 3.1629589], [-76.3611911, 3.1629664], [-76.3606235, 3.163059], [-76.3603774, 3.1631008], [-76.3602002, 3.1630701], [-76.3599989, 3.1630427], [-76.3555078, 3.1632095], [-76.3553607, 3.163231], [-76.3552332, 3.1633078], [-76.3551831, 3.1633637], [-76.3548865, 3.1637642], [-76.354776, 3.1638804]]}}, {"type": "Feature", "properties": {"OBJECTID": 521, "Shape_Leng": 637.608865998, "RUTA": null}, "geometry": {"type": "LineString", "coordinates": [[-76.394853, 3.1524858], [-76.3948488, 3.1524874], [-76.3948247, 3.1524938], [-76.3947999, 3.1524973], [-76.394771, 3.1525003], [-76.3947399, 3.1525016], [-76.3947099, 3.1525028], [-76.3946965, 3.1525036], [-76.3946824, 3.1525043], [-76.3946558, 3.1525054], [-76.3946315, 3.1525049], [-76.3946021, 3.1525066], [-76.3945786, 3.1525073], [-76.3945551, 3.1525089], [-76.3945308, 3.152511], [-76.3944954, 3.1525132], [-76.3944702, 3.1525154], [-76.3944438, 3.1525191], [-76.3944175, 3.1525228], [-76.3943904, 3.1525245], [-76.3943529, 3.1525254], [-76.3943265, 3.1525264], [-76.3943039, 3.1525273], [-76.3942783, 3.1525299], [-76.3942548, 3.152534], [-76.3942243, 3.1525385], [-76.3942003, 3.1525387], [-76.3941746, 3.1525376], [-76.3941437, 3.1525366], [-76.3941138, 3.1525352], [-76.3940879, 3.1525334], [-76.3940592, 3.1525304], [-76.3940267, 3.1525251], [-76.3940019, 3.1525208], [-76.3939749, 3.152516], [-76.393949, 3.1525112], [-76.3939229, 3.1525066], [-76.3939001, 3.1525038], [-76.3938687, 3.1525013], [-76.3938365, 3.1524989], [-76.3938032, 3.1524958], [-76.3937709, 3.1524926], [-76.3937394, 3.1524876], [-76.3937106, 3.1524813], [-76.3936778, 3.1524752], [-76.3936553, 3.15247], [-76.3936301, 3.1524629], [-76.3936031, 3.152455], [-76.3935743, 3.1524467], [-76.3935454, 3.1524385], [-76.393519, 3.1524322], [-76.3934929, 3.152426], [-76.3934642, 3.1524186], [-76.3934382, 3.152411], [-76.3934049, 3.1524], [-76.3933725, 3.1523883], [-76.3933452, 3.1523773], [-76.3933235, 3.1523681], [-76.3932954, 3.1523556], [-76.3932701, 3.1523438], [-76.3932429, 3.1523315], [-76.3932149, 3.1523195], [-76.3931904, 3.1523097], [-76.3931683, 3.1523013], [-76.3931453, 3.1522923], [-76.3931209, 3.1522817], [-76.3930955, 3.1522702], [-76.3930703, 3.1522594], [-76.393045, 3.1522489], [-76.3930226, 3.1522402], [-76.3929908, 3.1522287], [-76.3929686, 3.1522188], [-76.3929457, 3.1522075], [-76.3929223, 3.1521956], [-76.3928985, 3.1521839], [-76.3928706, 3.1521705], [-76.3928461, 3.1521591], [-76.3928177, 3.1521446], [-76.3927911, 3.1521303], [-76.392763, 3.1521149], [-76.3927343, 3.1520991], [-76.3927078, 3.1520838], [-76.392686, 3.1520712], [-76.3926534, 3.152053], [-76.3926273, 3.1520381], [-76.3926041, 3.1520253], [-76.3925756, 3.1520104], [-76.3925497, 3.1519974], [-76.3925275, 3.1519877], [-76.3925035, 3.1519786], [-76.392472, 3.151967], [-76.392451, 3.1519585], [-76.3924231, 3.1519472], [-76.3923946, 3.151937], [-76.3923672, 3.151931], [-76.3923393, 3.1519277], [-76.3923085, 3.1519257], [-76.392277, 3.1519254], [-76.3922496, 3.1519263], [-76.3922217, 3.151927], [-76.3921931, 3.1519267], [-76.392168, 3.1519303], [-76.392143, 3.1519335], [-76.3921154, 3.1519325], [-76.3920879, 3.1519289], [-76.3920638, 3.1519264], [-76.3920403, 3.151925], [-76.3920163, 3.151923], [-76.3919897, 3.1519174], [-76.3919602, 3.1519095], [-76.3919371, 3.151902], [-76.3919105, 3.1518932], [-76.3918818, 3.1518834], [-76.3918542, 3.1518747], [-76.3918278, 3.1518663], [-76.3918033, 3.1518587], [-76.3917707, 3.1518499], [-76.3917381, 3.1518398], [-76.3917137, 3.1518302], [-76.3916859, 3.1518251], [-76.3916561, 3.1518178], [-76.3916307, 3.1518128], [-76.3916056, 3.1518064], [-76.3915802, 3.1517989], [-76.3915526, 3.1517889], [-76.391523, 3.1517777], [-76.3915019, 3.1517697], [-76.3914718, 3.1517578], [-76.3914448, 3.1517483], [-76.391417, 3.1517403], [-76.3913862, 3.1517322], [-76.3913547, 3.1517224], [-76.3913329, 3.151715], [-76.3913103, 3.1517072], [-76.3912797, 3.1516975], [-76.3912505, 3.1516891], [-76.3912236, 3.1516814], [-76.3911945, 3.1516724], [-76.3911661, 3.1516641], [-76.3911335, 3.1516536], [-76.3911077, 3.1516457], [-76.3910821, 3.1516389], [-76.3910557, 3.1516313], [-76.3910263, 3.1516218], [-76.3909952, 3.1516119], [-76.3909709, 3.1516034], [-76.3909431, 3.1515935], [-76.3909181, 3.1515849], [-76.3908941, 3.1515761], [-76.3908731, 3.1515681], [-76.3908456, 3.1515579], [-76.3908236, 3.1515508], [-76.3908018, 3.1515438], [-76.390771, 3.151533], [-76.3907425, 3.1515228], [-76.3907119, 3.1515127], [-76.3906895, 3.1515054], [-76.3906666, 3.1514978], [-76.3906442, 3.1514907], [-76.3906228, 3.1514837], [-76.3905938, 3.1514746], [-76.3905668, 3.1514666], [-76.3905387, 3.151458], [-76.3905084, 3.1514478], [-76.3904764, 3.1514368], [-76.3904455, 3.1514262], [-76.3904187, 3.1514168], [-76.3902891, 3.1513743], [-76.3902664, 3.1513694], [-76.3902397, 3.1513613], [-76.390212, 3.1513533], [-76.3901799, 3.1513423], [-76.3901522, 3.151332], [-76.3901251, 3.1513238], [-76.3900976, 3.1513153], [-76.3900711, 3.1513064], [-76.3900459, 3.1512977], [-76.3900203, 3.1512873], [-76.3899997, 3.1512772], [-76.3899783, 3.1512665], [-76.3899573, 3.1512556], [-76.3899373, 3.151245], [-76.3899122, 3.1512313], [-76.3898892, 3.1512173], [-76.3898664, 3.1512016], [-76.3898478, 3.1511885], [-76.3898231, 3.1511704], [-76.3897988, 3.1511507], [-76.3897775, 3.1511319], [-76.3897601, 3.1511141], [-76.3897432, 3.151097], [-76.3897423, 3.151096], [-76.3897252, 3.1510788], [-76.3897068, 3.1510591], [-76.3896919, 3.151038], [-76.3896834, 3.151023], [-76.3896797, 3.1510164], [-76.3896679, 3.1509931], [-76.3896558, 3.15097], [-76.3896454, 3.150949], [-76.3896339, 3.1509226], [-76.3896247, 3.1508971], [-76.3896151, 3.1508731], [-76.3896028, 3.1508489], [-76.3895908, 3.1508292], [-76.3895705, 3.1508009]]}}, {"type": "Feature", "properties": {"OBJECTID": 522, "Shape_Leng": 793.541554967, "RUTA": null}, "geometry": {"type": "LineString", "coordinates": [[-76.3874623, 3.1548001], [-76.3875061, 3.1548196], [-76.3875319, 3.1548283], [-76.3875594, 3.1548357], [-76.3875829, 3.1548414], [-76.3876002, 3.1548449], [-76.3876121, 3.1548473], [-76.3876369, 3.1548491], [-76.3876659, 3.1548503], [-76.387694, 3.1548497], [-76.3877186, 3.1548475], [-76.3877559, 3.1548433], [-76.3877863, 3.1548398], [-76.3878118, 3.1548367], [-76.3878374, 3.1548337], [-76.3878662, 3.1548285], [-76.387867, 3.1548284], [-76.3878952, 3.1548236], [-76.3879181, 3.1548194], [-76.3879417, 3.1548153], [-76.3879652, 3.1548108], [-76.3879893, 3.1548072], [-76.3880134, 3.1548045], [-76.3880409, 3.1548018], [-76.3880637, 3.1547986], [-76.3880906, 3.1547944], [-76.3881179, 3.1547904], [-76.3881415, 3.1547867], [-76.3881655, 3.154782], [-76.3881895, 3.1547783], [-76.3882214, 3.1547776], [-76.3882511, 3.1547771], [-76.3882782, 3.1547742], [-76.3883052, 3.154771], [-76.3883323, 3.1547683], [-76.3883565, 3.1547657], [-76.3883946, 3.1547591], [-76.3884289, 3.1547552], [-76.388463, 3.1547493], [-76.388492, 3.1547425], [-76.3885239, 3.1547357], [-76.3885557, 3.1547305], [-76.3885897, 3.1547263], [-76.3886242, 3.1547208], [-76.3886609, 3.1547157], [-76.388697, 3.1547088], [-76.3887298, 3.1547024], [-76.3887611, 3.1546982], [-76.3887912, 3.1546923], [-76.3888201, 3.1546839], [-76.3888485, 3.1546779], [-76.3888794, 3.1546723], [-76.3889025, 3.1546676], [-76.3889319, 3.1546636], [-76.3889646, 3.154659], [-76.3889871, 3.1546542], [-76.3890105, 3.1546494], [-76.3890362, 3.1546462], [-76.3890635, 3.154644], [-76.3890917, 3.1546419], [-76.3891243, 3.1546396], [-76.3891545, 3.1546374], [-76.3891777, 3.154635], [-76.3892068, 3.1546306], [-76.389235, 3.1546266], [-76.3892625, 3.1546227], [-76.3892873, 3.1546201], [-76.3893175, 3.1546169], [-76.3893416, 3.1546148], [-76.3893649, 3.1546124], [-76.3893881, 3.1546087], [-76.3894153, 3.154604], [-76.3894377, 3.1546001], [-76.3894605, 3.1545971], [-76.3894854, 3.1545941], [-76.3895166, 3.1545908], [-76.3895474, 3.1545888], [-76.3895759, 3.1545861], [-76.389598, 3.154582], [-76.3896264, 3.1545756], [-76.389657, 3.1545708], [-76.3896915, 3.1545674], [-76.3897223, 3.1545642], [-76.3897631, 3.1545592], [-76.389795, 3.1545545], [-76.3898238, 3.1545501], [-76.3898519, 3.1545458], [-76.3898818, 3.1545407], [-76.3899142, 3.154536], [-76.3899494, 3.1545325], [-76.3899826, 3.1545297], [-76.3900132, 3.1545261], [-76.3900426, 3.1545215], [-76.3900704, 3.1545179], [-76.390099, 3.1545138], [-76.3901308, 3.1545106], [-76.3901648, 3.1545079], [-76.3901904, 3.1545045], [-76.3902147, 3.1545014], [-76.3902371, 3.1544979], [-76.3902593, 3.154494], [-76.3902825, 3.1544907], [-76.390307, 3.1544883], [-76.3903323, 3.1544855], [-76.3903583, 3.1544829], [-76.3903904, 3.1544807], [-76.3904207, 3.1544792], [-76.3904439, 3.1544775], [-76.3904698, 3.1544755], [-76.3905074, 3.1544718], [-76.3905309, 3.1544697], [-76.3905561, 3.1544675], [-76.3905886, 3.1544649], [-76.39062, 3.1544613], [-76.3906503, 3.1544574], [-76.3906871, 3.1544504], [-76.3907191, 3.1544447], [-76.3907519, 3.1544396], [-76.390785, 3.1544366], [-76.3908121, 3.1544334], [-76.3908399, 3.1544311], [-76.390866, 3.1544299], [-76.3908902, 3.15443], [-76.3909144, 3.1544303], [-76.3909512, 3.1544317], [-76.3909773, 3.1544326], [-76.3910064, 3.1544348], [-76.3910366, 3.1544371], [-76.3910638, 3.1544398], [-76.3910887, 3.1544431], [-76.3911131, 3.1544469], [-76.3911385, 3.1544505], [-76.3911674, 3.154455], [-76.3911981, 3.1544603], [-76.3912289, 3.1544656], [-76.3912573, 3.15447], [-76.3912851, 3.1544736], [-76.3913128, 3.1544776], [-76.3913422, 3.1544827], [-76.3913732, 3.1544885], [-76.3914045, 3.1544951], [-76.3914278, 3.1545003], [-76.3914595, 3.154507], [-76.3914911, 3.1545137], [-76.391513, 3.154519], [-76.3915371, 3.1545255], [-76.3915674, 3.154534], [-76.3915918, 3.1545408], [-76.3916228, 3.1545476], [-76.3916491, 3.1545524], [-76.3916807, 3.1545581], [-76.3917089, 3.1545641], [-76.3917325, 3.1545692], [-76.3917648, 3.1545738], [-76.39179, 3.1545777], [-76.3918143, 3.1545817], [-76.3918408, 3.1545881], [-76.3918627, 3.1545954], [-76.3918905, 3.1546062], [-76.3919173, 3.1546165], [-76.3919438, 3.1546263], [-76.3919675, 3.1546351], [-76.3919899, 3.154643], [-76.3920128, 3.1546514], [-76.392048, 3.1546659], [-76.3920734, 3.1546772], [-76.3921001, 3.1546881], [-76.3921339, 3.1547002], [-76.3921555, 3.1547076], [-76.3921779, 3.1547147], [-76.3922022, 3.1547234], [-76.392229, 3.1547338], [-76.392256, 3.1547445], [-76.3922803, 3.1547542], [-76.3923023, 3.1547633], [-76.3923232, 3.1547744], [-76.3923443, 3.1547852], [-76.3923719, 3.1547988], [-76.3924013, 3.1548132], [-76.3924241, 3.1548247], [-76.3924456, 3.1548355], [-76.392475, 3.1548495], [-76.3924958, 3.1548586], [-76.392519, 3.1548688], [-76.3925449, 3.1548809], [-76.3925761, 3.1548958], [-76.3926047, 3.154909], [-76.3926262, 3.1549178], [-76.3926509, 3.1549276], [-76.3926734, 3.1549364], [-76.3927039, 3.1549486], [-76.3927307, 3.1549593], [-76.3927557, 3.1549687], [-76.3927794, 3.1549773], [-76.3928076, 3.1549876], [-76.3928362, 3.1549991], [-76.3928657, 3.1550119], [-76.3929023, 3.1550281], [-76.3929355, 3.1550434], [-76.3929646, 3.1550565], [-76.3929948, 3.1550693], [-76.3930299, 3.1550845], [-76.3930611, 3.1550981], [-76.3930819, 3.1551071], [-76.3931143, 3.1551205], [-76.3931431, 3.1551317], [-76.3931737, 3.1551444], [-76.3932117, 3.1551615], [-76.3932491, 3.1551777], [-76.3932828, 3.1551921], [-76.3933118, 3.1552037], [-76.3933449, 3.1552173], [-76.3933841, 3.155234], [-76.3934136, 3.1552466], [-76.3934416, 3.1552582], [-76.3934721, 3.1552701], [-76.3934966, 3.1552793], [-76.3935253, 3.1552903], [-76.3935621, 3.1553045], [-76.3935897, 3.1553153], [-76.3936221, 3.1553275], [-76.3936457, 3.1553365], [-76.3936739, 3.1553473], [-76.3937001, 3.1553584], [-76.393728, 3.1553698], [-76.3937531, 3.1553799], [-76.3937781, 3.1553894], [-76.3938041, 3.1553988], [-76.3938362, 3.1554111], [-76.3938621, 3.1554224], [-76.3938911, 3.1554349], [-76.3939234, 3.1554481], [-76.3939534, 3.1554593], [-76.3939813, 3.1554702], [-76.3940165, 3.1554847], [-76.3940432, 3.1554954], [-76.3940774, 3.1555096], [-76.3941085, 3.1555234], [-76.3941333, 3.1555344], [-76.3941611, 3.1555461], [-76.3941864, 3.1555557], [-76.3941892, 3.1555567], [-76.394213, 3.1555654], [-76.3942285, 3.1555711], [-76.3942411, 3.1555758], [-76.3942677, 3.1555857], [-76.3942899, 3.1555944], [-76.3943126, 3.1556037], [-76.3943463, 3.1556137]]}}, {"type": "Feature", "properties": {"OBJECTID": 523, "Shape_Leng": 314.031910038, "RUTA": null}, "geometry": {"type": "LineString", "coordinates": [[-76.3624811, 3.1680631], [-76.3625206, 3.1706738], [-76.3625207, 3.1706792], [-76.362571, 3.1708043], [-76.3626234, 3.1708752]]}}, {"type": "Feature", "properties": {"OBJECTID": 524, "Shape_Leng": 815.98035605, "RUTA": null}, "geometry": {"type": "LineString", "coordinates": [[-76.3364964, 3.190996], [-76.3410142, 3.1872074], [-76.341485, 3.1868085], [-76.3416082, 3.1867116], [-76.3416472, 3.1866761], [-76.3417081, 3.1865759], [-76.341815, 3.1863191], [-76.3419072, 3.1860979]]}}, {"type": "Feature", "properties": {"OBJECTID": 525, "Shape_Leng": 1764.05999518, "RUTA": null}, "geometry": {"type": "LineString", "coordinates": [[-76.3491809, 3.1915283], [-76.3488981, 3.1912919], [-76.3468814, 3.1896068], [-76.3467906, 3.1895463], [-76.3458803, 3.18894], [-76.3440799, 3.187637], [-76.3426773, 3.1865376], [-76.3419072, 3.1860979], [-76.3413723, 3.1858163], [-76.3405724, 3.1854606], [-76.3396555, 3.1851331], [-76.3378466, 3.1845896], [-76.3356214, 3.1840004], [-76.3354716, 3.1839599]]}}, {"type": "Feature", "properties": {"OBJECTID": 526, "Shape_Leng": 767.721299464, "RUTA": null}, "geometry": {"type": "LineString", "coordinates": [[-76.3631657, 3.1943304], [-76.3631697, 3.1943191], [-76.3631802, 3.1942897], [-76.3631908, 3.1942613], [-76.3632016, 3.1942324], [-76.3632127, 3.1942015], [-76.3632262, 3.1941635], [-76.3632339, 3.194141], [-76.3632423, 3.1941144], [-76.3632509, 3.1940822], [-76.3632578, 3.1940538], [-76.3632651, 3.1940235], [-76.3632734, 3.1939934], [-76.363282, 3.1939642], [-76.3632898, 3.1939369], [-76.3632968, 3.1939106], [-76.3633037, 3.1938847], [-76.3633108, 3.193858], [-76.3633213, 3.1938224], [-76.36333, 3.1937937], [-76.363338, 3.1937659], [-76.3633456, 3.1937406], [-76.3633551, 3.1937108], [-76.363365, 3.1936854], [-76.3633764, 3.1936581], [-76.3633874, 3.1936317], [-76.3633996, 3.1936002], [-76.3634103, 3.1935744], [-76.3634207, 3.1935501], [-76.3634318, 3.1935251], [-76.3634451, 3.1934962], [-76.3634552, 3.193474], [-76.3634684, 3.1934453], [-76.3634809, 3.1934185], [-76.3634957, 3.1933849], [-76.3635079, 3.1933557], [-76.3635253, 3.1933151], [-76.3635382, 3.1932832], [-76.3635515, 3.193249], [-76.3635623, 3.1932222], [-76.363571, 3.1932009], [-76.3635857, 3.1931688], [-76.3636007, 3.1931355], [-76.3636139, 3.1931058], [-76.3636255, 3.1930777], [-76.3636402, 3.1930436], [-76.3636575, 3.1930059], [-76.363672, 3.1929738], [-76.3636844, 3.1929447], [-76.3636951, 3.1929192], [-76.3637053, 3.1928952], [-76.3637194, 3.1928624], [-76.3637313, 3.1928346], [-76.3637421, 3.1928086], [-76.3637532, 3.1927804], [-76.3637621, 3.1927574], [-76.363771, 3.1927311], [-76.3637784, 3.1927087], [-76.3637887, 3.1926768], [-76.3638016, 3.1926402], [-76.3638112, 3.1926117], [-76.3638194, 3.1925856], [-76.3638264, 3.1925618], [-76.3638351, 3.1925323], [-76.3638431, 3.1925042], [-76.3638542, 3.1924671], [-76.3638624, 3.1924373], [-76.3638716, 3.1924023], [-76.363881, 3.19237], [-76.36389, 3.1923427], [-76.3639025, 3.1923081], [-76.3639132, 3.1922796], [-76.3639247, 3.1922492], [-76.3639341, 3.192225], [-76.363945, 3.1921972], [-76.3639582, 3.1921635], [-76.3639696, 3.1921347], [-76.3639811, 3.1921056], [-76.3639939, 3.1920728], [-76.3640042, 3.1920468], [-76.3640178, 3.1920127], [-76.3640294, 3.1919844], [-76.3640412, 3.1919559], [-76.3640514, 3.19193], [-76.3640627, 3.1918997], [-76.3640723, 3.1918741], [-76.364082, 3.1918474], [-76.3640925, 3.1918169], [-76.3641011, 3.1917908], [-76.3641083, 3.1917675], [-76.3641151, 3.1917441], [-76.3641229, 3.1917157], [-76.3641317, 3.1916817], [-76.3641409, 3.1916512], [-76.3641518, 3.1916174], [-76.3641602, 3.1915908], [-76.3641673, 3.1915689], [-76.3641774, 3.1915391], [-76.3641901, 3.1915058], [-76.3642023, 3.1914762], [-76.3642188, 3.1914364], [-76.3642309, 3.1914053], [-76.3642434, 3.1913715], [-76.3642532, 3.1913436], [-76.3642641, 3.1913135], [-76.3642795, 3.1912744], [-76.3642925, 3.1912424], [-76.3643036, 3.1912138], [-76.3643144, 3.1911862], [-76.3643258, 3.1911574], [-76.3643408, 3.1911202], [-76.3643512, 3.1910946], [-76.3643648, 3.1910587], [-76.3643733, 3.1910311], [-76.36438, 3.1910049], [-76.3643887, 3.1909715], [-76.3643983, 3.1909411], [-76.3644114, 3.1909027], [-76.364421, 3.1908739], [-76.3644297, 3.1908468], [-76.364438, 3.1908189], [-76.3644467, 3.1907898], [-76.3644572, 3.1907591], [-76.3644683, 3.1907283], [-76.3644782, 3.1907002], [-76.3644878, 3.190673], [-76.3645006, 3.1906394], [-76.3645126, 3.1906097], [-76.3645261, 3.190578], [-76.3645403, 3.1905437], [-76.3645503, 3.1905181], [-76.3645617, 3.1904885], [-76.3645758, 3.1904506], [-76.3645891, 3.190416], [-76.3646006, 3.1903829], [-76.3646106, 3.1903532], [-76.3646199, 3.1903257], [-76.3646281, 3.1903021], [-76.3646388, 3.1902702], [-76.3646526, 3.1902309], [-76.3646622, 3.1901996], [-76.3646708, 3.1901723], [-76.3646809, 3.1901449], [-76.3646921, 3.1901152], [-76.3647037, 3.1900816], [-76.3647155, 3.1900446], [-76.3647259, 3.1900114], [-76.364736, 3.1899811], [-76.3647459, 3.1899508], [-76.3647583, 3.1899159], [-76.3647728, 3.189878], [-76.3647861, 3.1898434], [-76.3647975, 3.1898113], [-76.3648082, 3.1897873], [-76.3648158, 3.1897595], [-76.3648248, 3.1897252], [-76.3648357, 3.1896894], [-76.3648476, 3.1896534], [-76.3648581, 3.1896199], [-76.3648685, 3.1895863], [-76.3648804, 3.1895507], [-76.3648943, 3.1895161], [-76.3649083, 3.189483], [-76.364922, 3.1894509], [-76.3649351, 3.1894186], [-76.3649494, 3.1893844], [-76.3649613, 3.1893556], [-76.3649745, 3.1893174], [-76.3649849, 3.1892849], [-76.3649962, 3.1892513], [-76.3650095, 3.1892159], [-76.3650231, 3.1891796], [-76.3650349, 3.189145], [-76.3650461, 3.1891114], [-76.3650581, 3.1890785], [-76.3650715, 3.1890424], [-76.3650849, 3.189006], [-76.3650976, 3.1889722], [-76.3651105, 3.1889388], [-76.3651236, 3.1889049], [-76.3651385, 3.1888672], [-76.3651513, 3.1888319], [-76.3651629, 3.1887991], [-76.3651735, 3.1887675], [-76.3651849, 3.1887354], [-76.3651987, 3.1887006], [-76.3652136, 3.1886652], [-76.3652278, 3.1886337], [-76.365242, 3.1886031], [-76.3652566, 3.1885712], [-76.3652713, 3.1885361], [-76.3652856, 3.1885003], [-76.3652968, 3.1884696], [-76.3653067, 3.1884396], [-76.3653169, 3.1884107], [-76.3653296, 3.1883786], [-76.3653446, 3.1883439], [-76.3653595, 3.1883113], [-76.3653741, 3.1882819], [-76.3653888, 3.1882519], [-76.3654049, 3.1882185], [-76.3654204, 3.1881848], [-76.3654336, 3.1881557], [-76.365445, 3.1881298], [-76.3654555, 3.1881039], [-76.3654663, 3.1880764], [-76.3654718, 3.1880616], [-76.3654776, 3.1880458], [-76.365489, 3.1880149], [-76.3654997, 3.1879864], [-76.3655088, 3.1879601], [-76.3655175, 3.1879345], [-76.3655266, 3.1879091], [-76.3655361, 3.1878845], [-76.3655457, 3.187861], [-76.3655541, 3.1878398], [-76.3655604, 3.1878273]]}}, {"type": "Feature", "properties": {"OBJECTID": 527, "Shape_Leng": 510.647882885, "RUTA": null}, "geometry": {"type": "LineString", "coordinates": [[-76.3911114, 3.193222], [-76.3909765, 3.1931832], [-76.3905334, 3.1930558], [-76.389517, 3.1927129], [-76.3888409, 3.1924702], [-76.3897291, 3.1907441], [-76.3898529, 3.1905035]]}}, {"type": "Feature", "properties": {"OBJECTID": 528, "Shape_Leng": 666.133273265, "RUTA": null}, "geometry": {"type": "LineString", "coordinates": [[-76.3898042, 3.1905219], [-76.3896834, 3.1903956], [-76.3891758, 3.1898651], [-76.3890432, 3.1897141], [-76.3874442, 3.1879687], [-76.3873706, 3.1878595], [-76.3869164, 3.185889], [-76.386849, 3.1857654], [-76.3867373, 3.1856801], [-76.3866402, 3.185651]]}}, {"type": "Feature", "properties": {"OBJECTID": 529, "Shape_Leng": 1841.92864741, "RUTA": null}, "geometry": {"type": "LineString", "coordinates": [[-76.3805732, 3.188382], [-76.3806963, 3.1883691], [-76.3818354, 3.1882492], [-76.3819083, 3.188205], [-76.3819697, 3.1881098], [-76.381991, 3.1880392], [-76.3821265, 3.1866806], [-76.3823777, 3.1847848], [-76.3824148, 3.1838783], [-76.3825268, 3.1830733], [-76.3825873, 3.1828443], [-76.3826292, 3.182734], [-76.3826971, 3.1825917], [-76.3828193, 3.1823725], [-76.3830949, 3.1819534], [-76.3833379, 3.1815793], [-76.3833788, 3.1815015], [-76.3835227, 3.1811488], [-76.3838451, 3.1803747], [-76.3841709, 3.1797503], [-76.3843898, 3.1792425], [-76.3845597, 3.1788011], [-76.385263, 3.1772035], [-76.3859173, 3.1759447], [-76.3863235, 3.17519], [-76.3864355, 3.1750527], [-76.3864683, 3.1750261], [-76.3874614, 3.1745386]]}}, {"type": "Feature", "properties": {"OBJECTID": 530, "Shape_Leng": 1580.22919762, "RUTA": null}, "geometry": {"type": "LineString", "coordinates": [[-76.3875194, 3.1744784], [-76.3878684, 3.1738836], [-76.3885245, 3.1728909], [-76.3888792, 3.1723055], [-76.3891971, 3.1714533], [-76.3894798, 3.1707091], [-76.3899949, 3.1692964], [-76.3902834, 3.1686024], [-76.3903823, 3.1684084], [-76.3906624, 3.1669249], [-76.3908459, 3.1657279], [-76.3908671, 3.1655588], [-76.391029, 3.1640549], [-76.3910525, 3.163989], [-76.3910667, 3.1639718], [-76.391126, 3.1639401], [-76.3911358, 3.1639401], [-76.3916419, 3.1640284], [-76.3919185, 3.1640438], [-76.3921112, 3.1639931], [-76.392122, 3.163992], [-76.3922355, 3.1639331], [-76.3922581, 3.1638868], [-76.3923336, 3.1635325], [-76.3923636, 3.1629558], [-76.3923786, 3.1621153]]}}, {"type": "Feature", "properties": {"OBJECTID": 531, "Shape_Leng": 709.699521426, "RUTA": null}, "geometry": {"type": "LineString", "coordinates": [[-76.387457, 3.1744826], [-76.3874509, 3.1744758], [-76.3874205, 3.1744616], [-76.3849211, 3.1731738], [-76.3846466, 3.173049], [-76.3845574, 3.1730041], [-76.3844291, 3.1729114], [-76.3843614, 3.1728169], [-76.382694, 3.1704831]]}}, {"type": "Feature", "properties": {"OBJECTID": 532, "Shape_Leng": 604.000598487, "RUTA": null}, "geometry": {"type": "LineString", "coordinates": [[-76.3988774, 3.16294], [-76.3988642, 3.1629286], [-76.398847, 3.1629131], [-76.3988243, 3.1628935], [-76.398802, 3.1628762], [-76.3987795, 3.1628619], [-76.3987557, 3.1628479], [-76.3987372, 3.1628357], [-76.3987317, 3.162832], [-76.3987027, 3.1628128], [-76.3986752, 3.1627949], [-76.3986505, 3.1627789], [-76.3986214, 3.1627586], [-76.3985997, 3.1627426], [-76.3985764, 3.1627257], [-76.3985555, 3.1627112], [-76.3985271, 3.1626924], [-76.398501, 3.1626767], [-76.3984716, 3.1626603], [-76.3984501, 3.1626482], [-76.3984268, 3.1626349], [-76.3984017, 3.1626213], [-76.3983742, 3.1626071], [-76.3983497, 3.1625942], [-76.3983202, 3.1625783], [-76.3982998, 3.1625673], [-76.3982766, 3.1625543], [-76.3982522, 3.1625411], [-76.3982267, 3.1625275], [-76.3982017, 3.162514], [-76.3981739, 3.1624984], [-76.398148, 3.1624838], [-76.3981192, 3.1624685], [-76.3980992, 3.1624579], [-76.3980793, 3.1624472], [-76.398052, 3.1624318], [-76.39803, 3.1624204], [-76.3980058, 3.1624108], [-76.3979751, 3.1624023], [-76.3979523, 3.1624021], [-76.3979198, 3.1624179], [-76.397893, 3.1624328], [-76.3978636, 3.1624443], [-76.3978315, 3.1624617], [-76.3978016, 3.1624787], [-76.3977733, 3.1624934], [-76.3977438, 3.1625078], [-76.3977152, 3.1625223], [-76.3976882, 3.1625391], [-76.3976628, 3.1625573], [-76.3976374, 3.1625743], [-76.3976141, 3.1625888], [-76.3975818, 3.1626043], [-76.3975475, 3.16262], [-76.3975165, 3.1626342], [-76.3974857, 3.1626498], [-76.3974592, 3.1626633], [-76.3974273, 3.1626796], [-76.3973945, 3.1626941], [-76.3973627, 3.1627084], [-76.3973353, 3.1627206], [-76.3973005, 3.1627322], [-76.397268, 3.1627405], [-76.3972447, 3.1627477], [-76.3972225, 3.1627552], [-76.3971988, 3.1627651], [-76.3971753, 3.1627768], [-76.3971509, 3.1627906], [-76.3971268, 3.1628059], [-76.3971044, 3.1628195], [-76.397081, 3.1628314], [-76.3970567, 3.1628429], [-76.397032, 3.1628537], [-76.3970091, 3.1628638], [-76.3969864, 3.1628743], [-76.3969648, 3.1628849], [-76.3969435, 3.1628963], [-76.3969224, 3.1629073], [-76.3969009, 3.1629177], [-76.3968795, 3.1629288], [-76.3968583, 3.1629415], [-76.3968366, 3.1629528], [-76.3968141, 3.1629629], [-76.3967908, 3.1629737], [-76.3967676, 3.1629841], [-76.3967456, 3.1629928], [-76.3967141, 3.1630037], [-76.3966839, 3.1630126], [-76.396654, 3.1630201], [-76.3966258, 3.1630253], [-76.3965959, 3.1630268], [-76.3965721, 3.1630259], [-76.3965468, 3.1630242], [-76.3965237, 3.1630221], [-76.3964976, 3.1630193], [-76.3964696, 3.163015], [-76.3964372, 3.1630081], [-76.3964034, 3.1630007], [-76.3963674, 3.1629934], [-76.3963345, 3.1629868], [-76.3963038, 3.16298], [-76.3962718, 3.1629728], [-76.3962368, 3.1629647], [-76.3962003, 3.1629555], [-76.3961665, 3.1629465], [-76.3961429, 3.162941], [-76.3961153, 3.1629355], [-76.3960851, 3.1629299], [-76.3960515, 3.1629234], [-76.3960218, 3.1629164], [-76.3959994, 3.1629107], [-76.3959718, 3.1629046], [-76.3959478, 3.1629009], [-76.3959217, 3.1628976], [-76.395894, 3.1628939], [-76.3958632, 3.1628894], [-76.3958317, 3.1628852], [-76.395802, 3.1628815], [-76.3957772, 3.1628801], [-76.3957527, 3.162878], [-76.3957265, 3.1628748], [-76.3956988, 3.1628707], [-76.3956708, 3.1628668], [-76.3956416, 3.1628636], [-76.3956132, 3.1628621], [-76.3955881, 3.162862], [-76.3955636, 3.162862], [-76.3955379, 3.1628603], [-76.3955103, 3.1628575], [-76.3954824, 3.1628547], [-76.3954544, 3.1628522], [-76.395426, 3.1628496], [-76.3954002, 3.1628481], [-76.3953689, 3.1628466], [-76.3953357, 3.1628435], [-76.3953133, 3.1628405], [-76.395276, 3.1628357], [-76.395239, 3.1628302], [-76.395212, 3.1628255], [-76.3951823, 3.1628221], [-76.3951499, 3.1628186], [-76.395115, 3.1628146], [-76.3950737, 3.1628093], [-76.3950441, 3.1628048], [-76.3950129, 3.1628008], [-76.3949838, 3.1627967], [-76.3949529, 3.162792], [-76.3949255, 3.1627878], [-76.3948944, 3.162783], [-76.3948625, 3.1627782], [-76.394839, 3.1627754], [-76.3948076, 3.1627745], [-76.3947736, 3.1627716], [-76.3947477, 3.1627678], [-76.3947187, 3.1627638], [-76.3946893, 3.1627607], [-76.3946615, 3.1627575], [-76.394638, 3.1627559], [-76.3946084, 3.1627539], [-76.3945747, 3.1627518], [-76.394551, 3.1627509], [-76.3945267, 3.1627498], [-76.394501, 3.1627479], [-76.3944746, 3.1627461], [-76.39445, 3.1627455], [-76.3944272, 3.1627454], [-76.3944032, 3.1627446], [-76.394378, 3.1627429], [-76.394353, 3.162741], [-76.3943286, 3.1627404], [-76.3943044, 3.1627397], [-76.3942796, 3.1627378], [-76.3942509, 3.1627373], [-76.3942237, 3.1627383], [-76.3941893, 3.1627401], [-76.3941641, 3.1627426], [-76.3941352, 3.1627446], [-76.3941057, 3.1627456], [-76.3940742, 3.1627449], [-76.3940397, 3.1627471], [-76.3940107, 3.1627496], [-76.3939795, 3.1627504], [-76.3939477, 3.1627491], [-76.393918, 3.1627482], [-76.3938889, 3.1627469], [-76.3938643, 3.1627458], [-76.3938397, 3.162746], [-76.3938115, 3.1627492], [-76.3937875, 3.1627531], [-76.3937616, 3.162757]]}}, {"type": "Feature", "properties": {"OBJECTID": 533, "Shape_Leng": 700.894118999, "RUTA": null}, "geometry": {"type": "LineString", "coordinates": [[-76.3985588, 3.1535985], [-76.3985723, 3.1533987], [-76.3986662, 3.152018], [-76.3987233, 3.1519734], [-76.398755, 3.1519705], [-76.3998036, 3.1520848], [-76.4000061, 3.1521655], [-76.400577, 3.1524358], [-76.4006502, 3.1524232], [-76.401055, 3.1523013], [-76.4010972, 3.152282], [-76.4023999, 3.1514799], [-76.4028842, 3.1512183], [-76.4029665, 3.1511597]]}}, {"type": "Feature", "properties": {"OBJECTID": 534, "Shape_Leng": 724.826565505, "RUTA": null}, "geometry": {"type": "LineString", "coordinates": [[-76.3632485, 3.1556686], [-76.3634006, 3.1503148], [-76.3634378, 3.149117]]}}, {"type": "Feature", "properties": {"OBJECTID": 535, "Shape_Leng": 2901.21339144, "RUTA": null}, "geometry": {"type": "LineString", "coordinates": [[-76.3735484, 3.1932385], [-76.3735307, 3.1930473], [-76.3735162, 3.1928901], [-76.3734635, 3.1927964], [-76.3733832, 3.1927475], [-76.3730185, 3.1925098], [-76.3729542, 3.1924463], [-76.3729013, 3.1923763], [-76.3726104, 3.1911833], [-76.3725558, 3.1909437], [-76.3719671, 3.1894144], [-76.371939, 3.1893929], [-76.3719011, 3.1893747], [-76.371801, 3.1893558], [-76.3714684, 3.1894616], [-76.3714178, 3.1894667], [-76.3712948, 3.1894609], [-76.3699665, 3.1893688], [-76.3698674, 3.1893318], [-76.3696713, 3.1892128], [-76.3688117, 3.1887177], [-76.3684526, 3.1885055], [-76.3673512, 3.1877663], [-76.3671554, 3.187706], [-76.3670228, 3.1876948], [-76.3669694, 3.1877072], [-76.3666145, 3.1877924], [-76.3656522, 3.187807], [-76.365569, 3.1877914], [-76.3654478, 3.1877556], [-76.3635712, 3.1873533], [-76.3634087, 3.1873222], [-76.3632686, 3.1873246], [-76.363226, 3.1873375], [-76.3608012, 3.1889345], [-76.3585622, 3.1904592], [-76.3556305, 3.1924295], [-76.3529922, 3.1941866], [-76.3527863, 3.1943226]]}}, {"type": "Feature", "properties": {"OBJECTID": 536, "Shape_Leng": 1321.04237475, "RUTA": null}, "geometry": {"type": "LineString", "coordinates": [[-76.3826119, 3.1704054], [-76.3817245, 3.1698742], [-76.3816461, 3.1698399], [-76.3814114, 3.1698028], [-76.3814106, 3.1698028], [-76.380642, 3.1700868], [-76.3803288, 3.1702018], [-76.380075, 3.17023], [-76.3800123, 3.1702278], [-76.3787658, 3.1701434], [-76.3768402, 3.1699425], [-76.3749815, 3.1699253], [-76.3739975, 3.169999], [-76.3732107, 3.1699608], [-76.3714354, 3.169849], [-76.3709764, 3.1698193]]}}, {"type": "Feature", "properties": {"OBJECTID": 537, "Shape_Leng": 1103.60143935, "RUTA": null}, "geometry": {"type": "LineString", "coordinates": [[-76.3936633, 3.1819509], [-76.3921653, 3.1810923], [-76.3905888, 3.1801356], [-76.3904087, 3.1800176], [-76.390367, 3.1799731], [-76.3902669, 3.1798073], [-76.3901876, 3.1796641], [-76.3885305, 3.1764709], [-76.3875242, 3.1745639]]}}, {"type": "Feature", "properties": {"OBJECTID": 538, "Shape_Leng": 439.209218004, "RUTA": null}, "geometry": {"type": "LineString", "coordinates": [[-76.3949032, 3.1524391], [-76.3950091, 3.1520566], [-76.3951613, 3.1516943], [-76.395366, 3.1513593], [-76.3953936, 3.1513216], [-76.39667, 3.149669], [-76.397046, 3.1491412]]}}, {"type": "Feature", "properties": {"OBJECTID": 539, "Shape_Leng": 1331.23849823, "RUTA": null}, "geometry": {"type": "LineString", "coordinates": [[-76.3989156, 3.1611753], [-76.3989185, 3.1611495], [-76.3989207, 3.1611201], [-76.3989194, 3.1610941], [-76.3989175, 3.1610714], [-76.3989143, 3.1610468], [-76.3989089, 3.1610236], [-76.3989018, 3.1609935], [-76.3988945, 3.1609666], [-76.3988818, 3.1609443], [-76.3988667, 3.1609256], [-76.3988465, 3.1609062], [-76.3988226, 3.1608885], [-76.3988028, 3.1608768], [-76.3987808, 3.1608654], [-76.3987595, 3.1608549], [-76.3987324, 3.1608419], [-76.3987106, 3.1608318], [-76.3986896, 3.160822], [-76.3986649, 3.1608102], [-76.3986397, 3.1607984], [-76.3986189, 3.1607885], [-76.3985948, 3.1607766], [-76.3985704, 3.1607638], [-76.3985443, 3.1607496], [-76.3985152, 3.1607334], [-76.3984859, 3.1607167], [-76.398466, 3.1607043], [-76.39844, 3.1606868], [-76.3984199, 3.1606692], [-76.3984012, 3.1606477], [-76.3983814, 3.1606233], [-76.3983638, 3.1605977], [-76.3983515, 3.1605692], [-76.39834, 3.1605395], [-76.3983294, 3.1605095], [-76.3983219, 3.1604845], [-76.3983171, 3.1604594], [-76.3983151, 3.1604291], [-76.3983143, 3.1603951], [-76.3983117, 3.1603636], [-76.3983086, 3.1603348], [-76.3983062, 3.1603077], [-76.3983053, 3.1602834], [-76.3983041, 3.1602516], [-76.398305, 3.1602164], [-76.3983062, 3.1601804], [-76.3983067, 3.1601454], [-76.3983084, 3.1601127], [-76.3983106, 3.1600759], [-76.3983119, 3.1600399], [-76.3983141, 3.1600013], [-76.3983164, 3.1599703], [-76.3983192, 3.1599353], [-76.3983221, 3.159903], [-76.3983259, 3.1598678], [-76.3983301, 3.1598365], [-76.3983344, 3.1597994], [-76.3983375, 3.1597658], [-76.3983401, 3.1597386], [-76.3983441, 3.1597066], [-76.3983488, 3.159673], [-76.3983545, 3.1596351], [-76.3983573, 3.1596064], [-76.398359, 3.1595749], [-76.3983604, 3.1595467], [-76.3983622, 3.1595193], [-76.3983695, 3.1594827], [-76.3983766, 3.1594602], [-76.3983883, 3.159431], [-76.3983983, 3.1594079], [-76.3984087, 3.1593861], [-76.3984234, 3.1593562], [-76.3984334, 3.1593358], [-76.3984446, 3.1593136], [-76.398456, 3.1592897], [-76.3984671, 3.1592654], [-76.3984772, 3.1592424], [-76.3984861, 3.1592213], [-76.3984971, 3.1591917], [-76.3985045, 3.1591681], [-76.3985112, 3.1591424], [-76.3985158, 3.1591185], [-76.3985182, 3.1590855], [-76.3985196, 3.1590626], [-76.3985201, 3.1590398], [-76.3985157, 3.1590093], [-76.3985097, 3.1589777], [-76.3985023, 3.1589457], [-76.3984975, 3.158923], [-76.3984932, 3.1588986], [-76.3984882, 3.1588733], [-76.3984821, 3.1588496], [-76.3984722, 3.1588181], [-76.3984628, 3.1587877], [-76.3984582, 3.1587655], [-76.3984533, 3.1587415], [-76.3984469, 3.1587168], [-76.3984398, 3.1586926], [-76.3984337, 3.1586669], [-76.3984279, 3.1586406], [-76.39842, 3.1586156], [-76.3984104, 3.1585925], [-76.3984013, 3.1585712], [-76.3983934, 3.1585491], [-76.398387, 3.1585256], [-76.3983805, 3.1585014], [-76.3983718, 3.15847], [-76.398364, 3.1584394], [-76.3983553, 3.1584042], [-76.3983464, 3.1583753], [-76.3983372, 3.158349], [-76.3983278, 3.1583246], [-76.3983202, 3.1583002], [-76.3983137, 3.1582745], [-76.3983083, 3.1582524], [-76.3982986, 3.1582208], [-76.3982919, 3.1581947], [-76.3982839, 3.1581595], [-76.3982781, 3.158136], [-76.39827, 3.1581044], [-76.3982628, 3.1580752], [-76.3982581, 3.1580458], [-76.3982551, 3.1580152], [-76.3982543, 3.1579923], [-76.3982525, 3.1579584], [-76.3982514, 3.1579357], [-76.3982504, 3.1579064], [-76.3982496, 3.1578797], [-76.398253, 3.1578538], [-76.3982631, 3.1578107], [-76.3985486, 3.1537474], [-76.398515, 3.1536265], [-76.3984306, 3.1535339], [-76.3984204, 3.1535273], [-76.3971395, 3.1523641], [-76.3970023, 3.1523248], [-76.3965172, 3.1524189], [-76.3963404, 3.15244], [-76.3960672, 3.1524414], [-76.3949403, 3.1524838]]}}, {"type": "Feature", "properties": {"OBJECTID": 540, "Shape_Leng": 1821.691878, "RUTA": null}, "geometry": {"type": "LineString", "coordinates": [[-76.3627741, 3.17088], [-76.3604405, 3.1713962], [-76.3604278, 3.1714091], [-76.3564894, 3.172263], [-76.3563336, 3.1723019], [-76.3561685, 3.1723513], [-76.3559971, 3.1724376], [-76.3553672, 3.1727766], [-76.3552576, 3.1729226], [-76.3550696, 3.1732333], [-76.3548365, 3.1738904], [-76.3542418, 3.1756269], [-76.3535443, 3.177582], [-76.3523671, 3.1809821]]}}, {"type": "Feature", "properties": {"OBJECTID": 541, "Shape_Leng": 513.38525777, "RUTA": null}, "geometry": {"type": "LineString", "coordinates": [[-76.354776, 3.1638804], [-76.3546234, 3.163984], [-76.3545802, 3.163976], [-76.3545461, 3.1639596], [-76.3542302, 3.1637576], [-76.3540588, 3.163668], [-76.3517131, 3.1634203], [-76.35169, 3.163407], [-76.3516556, 3.1633466], [-76.3517543, 3.1620128]]}}, {"type": "Feature", "properties": {"OBJECTID": 542, "Shape_Leng": 665.12166346, "RUTA": null}, "geometry": {"type": "LineString", "coordinates": [[-76.3996927, 3.183034], [-76.4004399, 3.1818558], [-76.4011444, 3.1808016], [-76.4013111, 3.1805971], [-76.4019789, 3.1795444], [-76.4024883, 3.178711], [-76.4029479, 3.1779899]]}}, {"type": "Feature", "properties": {"OBJECTID": 543, "Shape_Leng": 1573.68495918, "RUTA": null}, "geometry": {"type": "LineString", "coordinates": [[-76.3523671, 3.1809821], [-76.3514778, 3.1834903], [-76.3504405, 3.1864563], [-76.3490807, 3.1903263], [-76.3490669, 3.1905038], [-76.349073, 3.1905502], [-76.3492104, 3.1914964], [-76.3492616, 3.1917218], [-76.3492888, 3.1918043], [-76.3492968, 3.1919861], [-76.3492895, 3.1922414], [-76.3493198, 3.1924635], [-76.3493862, 3.1926972], [-76.3495139, 3.1929244], [-76.3503971, 3.1943208]]}}, {"type": "Feature", "properties": {"OBJECTID": 544, "Shape_Leng": 305.108740021, "RUTA": null}, "geometry": {"type": "LineString", "coordinates": [[-76.3746253, 3.1522384], [-76.3761281, 3.1515799], [-76.3761659, 3.1516276], [-76.3763975, 3.1521029], [-76.3764857, 3.1521489], [-76.376794, 3.1522488], [-76.3768477, 3.1521706], [-76.3768478, 3.1521703]]}}, {"type": "Feature", "properties": {"OBJECTID": 545, "Shape_Leng": 1143.44141233, "RUTA": null}, "geometry": {"type": "LineString", "coordinates": [[-76.3923786, 3.1621153], [-76.3924345, 3.1608301], [-76.3924841, 3.1606883], [-76.3925212, 3.160636], [-76.3931494, 3.1598336], [-76.3932258, 3.1597381], [-76.3934526, 3.1594147], [-76.3936913, 3.1591339], [-76.3942959, 3.1585813], [-76.3943546, 3.1584727], [-76.3943624, 3.158385], [-76.3943036, 3.1572349], [-76.3943528, 3.1560777], [-76.3944793, 3.1541015], [-76.3945265, 3.1538244], [-76.3945617, 3.1537167], [-76.3948745, 3.1525456]]}}, {"type": "Feature", "properties": {"OBJECTID": 546, "Shape_Leng": 926.356255299, "RUTA": null}, "geometry": {"type": "LineString", "coordinates": [[-76.3627741, 3.17088], [-76.3660265, 3.1701519], [-76.3679395, 3.1697234], [-76.3681518, 3.1697002], [-76.368299, 3.1697189], [-76.3702323, 3.1697717], [-76.3709764, 3.1698193]]}}, {"type": "Feature", "properties": {"OBJECTID": 547, "Shape_Leng": 1324.922365, "RUTA": null}, "geometry": {"type": "LineString", "coordinates": [[-76.3624811, 3.1680631], [-76.3624418, 3.1630748], [-76.3624581, 3.1628655], [-76.3625456, 3.1621888], [-76.362547, 3.1621018], [-76.3624967, 3.1605464], [-76.3625468, 3.1600866], [-76.3625553, 3.1600401], [-76.362892, 3.1590293], [-76.3630876, 3.1582887], [-76.3631225, 3.1580195], [-76.3631221, 3.1579537], [-76.3632746, 3.1561828]]}}, {"type": "Feature", "properties": {"OBJECTID": 548, "Shape_Leng": 815.23318253, "RUTA": null}, "geometry": {"type": "LineString", "coordinates": [[-76.3939323, 3.1828368], [-76.3941723, 3.1828067], [-76.3944086, 3.1827179], [-76.394618, 3.1825763], [-76.3946196, 3.182575], [-76.3946155, 3.1825733], [-76.3946016, 3.1825236], [-76.3947415, 3.1826563], [-76.3951711, 3.1830728], [-76.3964715, 3.1838059], [-76.397923, 3.1845511], [-76.3981878, 3.184624], [-76.398291, 3.1846364], [-76.3984665, 3.1846256], [-76.3985647, 3.1846119], [-76.3986904, 3.1845733], [-76.3987854, 3.1844865], [-76.3994502, 3.1834373], [-76.3996927, 3.183034]]}}, {"type": "Feature", "properties": {"OBJECTID": 549, "Shape_Leng": 66.9652367875, "RUTA": null}, "geometry": {"type": "LineString", "coordinates": [[-76.3684914, 3.1595052], [-76.3678927, 3.159438]]}}, {"type": "Feature", "properties": {"OBJECTID": 550, "Shape_Leng": 691.29520993, "RUTA": null}, "geometry": {"type": "LineString", "coordinates": [[-76.4029576, 3.1640194], [-76.4025874, 3.1641071], [-76.4020435, 3.164253], [-76.4017887, 3.1642556], [-76.4016576, 3.1642335], [-76.4005345, 3.1640265], [-76.4004282, 3.1639792], [-76.4003577, 3.1638861], [-76.4003542, 3.1638773], [-76.4002477, 3.1637027], [-76.4001932, 3.1636646], [-76.3993361, 3.1632431], [-76.3989617, 3.1630112], [-76.3989038, 3.1628872], [-76.3988964, 3.1628355], [-76.398905, 3.1618213], [-76.3989156, 3.1611753]]}}, {"type": "Feature", "properties": {"OBJECTID": 551, "Shape_Leng": 1454.80894234, "RUTA": null}, "geometry": {"type": "LineString", "coordinates": [[-76.3937259, 3.1943528], [-76.3931375, 3.1940486], [-76.392707, 3.1938581], [-76.3925109, 3.1937919], [-76.391908, 3.1935697], [-76.391335, 3.1933517], [-76.3911725, 3.1932396], [-76.3910502, 3.1930842], [-76.3910079, 3.1929953], [-76.3907679, 3.192491], [-76.3903484, 3.1916516], [-76.3900789, 3.1911009], [-76.3899267, 3.1907354], [-76.3898837, 3.1905772], [-76.3898989, 3.190414], [-76.3899322, 3.1903289], [-76.3902283, 3.1897365], [-76.3906368, 3.1889293], [-76.3909488, 3.1883451], [-76.3910475, 3.1881797], [-76.3912029, 3.1879946], [-76.3921476, 3.1869512], [-76.3924639, 3.1866053], [-76.3926047, 3.1864183], [-76.3927472, 3.1861731], [-76.3928118, 3.185998], [-76.3928779, 3.1857676], [-76.3930394, 3.1851936], [-76.3933069, 3.1844071], [-76.3933723, 3.1842121]]}}, {"type": "Feature", "properties": {"OBJECTID": 552, "Shape_Leng": 205.65484275, "RUTA": null}, "geometry": {"type": "LineString", "coordinates": [[-76.331442, 3.1947901], [-76.331287, 3.1947479], [-76.329656, 3.1943048]]}}, {"type": "Feature", "properties": {"OBJECTID": 553, "Shape_Leng": 703.790216258, "RUTA": null}, "geometry": {"type": "LineString", "coordinates": [[-76.2831928, 3.1953444], [-76.2829122, 3.1952955], [-76.277692, 3.1943854], [-76.2769536, 3.1942624]]}}, {"type": "Feature", "properties": {"OBJECTID": 554, "Shape_Leng": 4522.59973055, "RUTA": null}, "geometry": {"type": "LineString", "coordinates": [[-76.2820652, 3.2046211], [-76.2823195, 3.2010725], [-76.2823131, 3.200996], [-76.2822814, 3.2007526], [-76.2822779, 3.2004529], [-76.2822859, 3.2002374], [-76.2822877, 3.2002273], [-76.2825433, 3.1986294], [-76.2831709, 3.1955407], [-76.2831774, 3.1955087], [-76.2832022, 3.1954159], [-76.2832168, 3.1953784], [-76.2832427, 3.1953685], [-76.283251, 3.1953546], [-76.2859821, 3.1958418], [-76.2877525, 3.1961785], [-76.2882644, 3.1962726], [-76.2899501, 3.1965742], [-76.2914288, 3.1968564], [-76.29385, 3.1973202], [-76.2958146, 3.197691], [-76.2974837, 3.1980155], [-76.2991578, 3.1983146], [-76.2993261, 3.1983747], [-76.2994744, 3.1984881], [-76.2999739, 3.19912], [-76.3008268, 3.2001727], [-76.3016221, 3.2011541], [-76.3016431, 3.2011722], [-76.3018288, 3.2012882], [-76.3019813, 3.2013411], [-76.3022361, 3.2013841], [-76.3034668, 3.2014842], [-76.3054071, 3.2016494], [-76.3068084, 3.2017705], [-76.3076122, 3.2018577], [-76.3088212, 3.2019099], [-76.3102582, 3.2019713], [-76.3110535, 3.2020139], [-76.3111202, 3.2020048], [-76.3111823, 3.2019468], [-76.3111655, 3.2004891], [-76.3111837, 3.200413], [-76.3112145, 3.200351], [-76.3112999, 3.2002488]]}}, {"type": "Feature", "properties": {"OBJECTID": 556, "Shape_Leng": 86.2326952689, "RUTA": null}, "geometry": {"type": "LineString", "coordinates": [[-76.3106968, 3.2250951], [-76.3107723, 3.225043], [-76.3108262, 3.2250059], [-76.3108875, 3.2249545], [-76.3109766, 3.2248996], [-76.3110361, 3.2248628], [-76.3110981, 3.2248367], [-76.3111347, 3.2248455], [-76.3113883, 3.2249025]]}}, {"type": "Feature", "properties": {"OBJECTID": 557, "Shape_Leng": 389.095649639, "RUTA": null}, "geometry": {"type": "LineString", "coordinates": [[-76.3088994, 3.220416], [-76.3088528, 3.2208983], [-76.3088572, 3.2209716], [-76.3089298, 3.2211908], [-76.3089343, 3.2212412], [-76.3088479, 3.2220514], [-76.3087575, 3.222192], [-76.308131, 3.2230105], [-76.3079552, 3.2234223], [-76.3079309, 3.2234551], [-76.3078271, 3.2235954]]}}, {"type": "Feature", "properties": {"OBJECTID": 558, "Shape_Leng": 5521.71267539, "RUTA": null}, "geometry": {"type": "LineString", "coordinates": [[-76.2679788, 3.2101385], [-76.2680206, 3.2101408], [-76.2686309, 3.2101335], [-76.2687495, 3.2101519], [-76.2689083, 3.2102378], [-76.2690126, 3.2103668], [-76.2691231, 3.210503], [-76.2692534, 3.2105777], [-76.2693989, 3.2105816], [-76.2726879, 3.2101859], [-76.2731409, 3.2101334], [-76.2732631, 3.2101317], [-76.2734281, 3.2101596], [-76.27359, 3.2101998], [-76.2758641, 3.2111973], [-76.2779258, 3.2120961], [-76.2780073, 3.2121045], [-76.2781684, 3.2121227], [-76.2802593, 3.2121821], [-76.2803623, 3.2121885], [-76.2804393, 3.2121896], [-76.2809678, 3.2121708], [-76.2811498, 3.212178], [-76.2813828, 3.2121942], [-76.2814802, 3.2122155], [-76.2821233, 3.2124184], [-76.2822645, 3.2124375], [-76.282414, 3.2124428], [-76.2825766, 3.2124074], [-76.2847033, 3.2117553], [-76.286418, 3.2112433], [-76.2881826, 3.2107107], [-76.2882833, 3.2107023], [-76.2883816, 3.210725], [-76.2920111, 3.2114563], [-76.2950457, 3.2121114], [-76.2952485, 3.2121126], [-76.2963488, 3.212198], [-76.2966121, 3.2122983], [-76.2967449, 3.2123755], [-76.2968975, 3.2125126], [-76.2969731, 3.2126228], [-76.2977885, 3.2140311], [-76.2978753, 3.2141776], [-76.2979142, 3.2143001], [-76.2979325, 3.2144556], [-76.2979239, 3.2145153], [-76.2978235, 3.2150975], [-76.297735, 3.2152992], [-76.2973025, 3.2160869], [-76.2971694, 3.2163836], [-76.2965946, 3.2192542], [-76.2963746, 3.2205253], [-76.2963899, 3.2205685], [-76.2964052, 3.220601], [-76.2964262, 3.2206264], [-76.2964561, 3.2206543], [-76.2973554, 3.2212545], [-76.2975088, 3.2213166], [-76.2976126, 3.2213263], [-76.2991462, 3.2213791], [-76.2992843, 3.2213521], [-76.2993061, 3.2213419], [-76.3002758, 3.2209318], [-76.3004043, 3.2209062], [-76.3004103, 3.2209064], [-76.3018589, 3.2208627], [-76.3019501, 3.2208427], [-76.3021633, 3.2207385], [-76.3022304, 3.2207144], [-76.3023234, 3.2207026], [-76.3033012, 3.2207939], [-76.3033876, 3.2208506], [-76.3034302, 3.2209451], [-76.3034252, 3.2210221], [-76.3033393, 3.2214702], [-76.3033589, 3.2215717], [-76.3034296, 3.2216468], [-76.303447, 3.2216558], [-76.3040429, 3.221882], [-76.3042304, 3.2219374], [-76.3043894, 3.2219393], [-76.3047922, 3.2220211], [-76.3048534, 3.2221], [-76.3048609, 3.2221998], [-76.3048591, 3.2222073], [-76.304794, 3.2226084], [-76.3047887, 3.222772], [-76.304809, 3.2228547], [-76.3049288, 3.2230979], [-76.3050283, 3.2232425], [-76.3050567, 3.2232837], [-76.3050896, 3.2233498], [-76.3050879, 3.2233816]]}}, {"type": "Feature", "properties": {"OBJECTID": 559, "Shape_Leng": 2312.05303704, "RUTA": null}, "geometry": {"type": "LineString", "coordinates": [[-76.2746033, 3.2325699], [-76.2759221, 3.2326819], [-76.2768551, 3.2327735], [-76.2769108, 3.2327726], [-76.2779691, 3.2326415], [-76.2782858, 3.2325673], [-76.2783305, 3.2324633], [-76.2783326, 3.2324416], [-76.2782548, 3.2320313], [-76.278246, 3.2319308], [-76.2782936, 3.231842], [-76.2783032, 3.231833], [-76.2801214, 3.2305793], [-76.2803111, 3.230551], [-76.2803475, 3.2305523], [-76.2845941, 3.2308144], [-76.2870106, 3.2309639], [-76.2866201, 3.2377151], [-76.2866046, 3.2380647], [-76.2865982, 3.2382087]]}}, {"type": "Feature", "properties": {"OBJECTID": 560, "Shape_Leng": 3128.21300327, "RUTA": null}, "geometry": {"type": "LineString", "coordinates": [[-76.315124, 3.2326639], [-76.3102601, 3.2323634], [-76.3055903, 3.2320754], [-76.3042796, 3.2320047], [-76.3037643, 3.2319743], [-76.3020695, 3.2318602], [-76.300036, 3.2317254], [-76.2971438, 3.2315871], [-76.2953371, 3.2314672], [-76.2943183, 3.2314033], [-76.2927201, 3.231312], [-76.291023, 3.2311989], [-76.2887391, 3.2310658], [-76.2872668, 3.230979], [-76.2870321, 3.2309652]]}}, {"type": "Feature", "properties": {"OBJECTID": 561, "Shape_Leng": 380.517478026, "RUTA": null}, "geometry": {"type": "LineString", "coordinates": [[-76.3145595, 3.2004091], [-76.3144035, 3.2004198], [-76.3141937, 3.2004342], [-76.3137601, 3.2004994], [-76.3135555, 3.2005096], [-76.3133229, 3.2005064], [-76.3132365, 3.2004899], [-76.3130216, 3.2004205], [-76.3129626, 3.2004077], [-76.3127916, 3.2003789], [-76.3126362, 3.2004038], [-76.3124814, 3.2004201], [-76.3122949, 3.2004171], [-76.3121382, 3.2003701], [-76.3120187, 3.2002819], [-76.3118865, 3.2001723], [-76.3117556, 3.2000993], [-76.3116395, 3.200081], [-76.3114814, 3.200125], [-76.3112999, 3.2002488]]}}, {"type": "Feature", "properties": {"OBJECTID": 562, "Shape_Leng": 839.261222935, "RUTA": null}, "geometry": {"type": "LineString", "coordinates": [[-76.2820652, 3.2046211], [-76.2818622, 3.2074899], [-76.2815781, 3.2111371], [-76.2815381, 3.2119638], [-76.2815271, 3.2121905]]}}, {"type": "Feature", "properties": {"OBJECTID": 563, "Shape_Leng": 1239.17655983, "RUTA": null}, "geometry": {"type": "LineString", "coordinates": [[-76.2804023, 3.2122319], [-76.2803587, 3.2122562], [-76.2803154, 3.2123015], [-76.2802692, 3.2123574], [-76.280241, 3.2124466], [-76.2802201, 3.2125127], [-76.2800349, 3.2146349], [-76.2798283, 3.2169827], [-76.2795998, 3.219831], [-76.2793982, 3.2217624], [-76.2793844, 3.2220922], [-76.2793722, 3.2222384], [-76.2793741, 3.2224512], [-76.2794069, 3.2226575], [-76.2795317, 3.2228905], [-76.2796297, 3.2230269], [-76.279711, 3.2231088], [-76.2797494, 3.2231778], [-76.2797707, 3.2232159]]}}, {"type": "Feature", "properties": {"OBJECTID": 566, "Shape_Leng": 1318.54527055, "RUTA": null}, "geometry": {"type": "LineString", "coordinates": [[-76.268457, 3.2251179], [-76.2687661, 3.2249154], [-76.2700799, 3.2241558], [-76.2702172, 3.224059], [-76.2703203, 3.223974], [-76.2704934, 3.223773], [-76.2709615, 3.2231299], [-76.2710421, 3.2230064], [-76.2711061, 3.2229275], [-76.2712432, 3.2228483], [-76.2713855, 3.2228394], [-76.2722485, 3.2228742], [-76.2728822, 3.2228682], [-76.2742469, 3.2226369], [-76.2759195, 3.2223319], [-76.2772482, 3.2220874], [-76.2783273, 3.2218867], [-76.2791314, 3.2217785], [-76.2791888, 3.221774], [-76.2792627, 3.2217682], [-76.2793601, 3.2217592]]}}, {"type": "Feature", "properties": {"OBJECTID": 569, "Shape_Leng": 2931.67414942, "RUTA": null}, "geometry": {"type": "LineString", "coordinates": [[-76.2807501, 3.2379057], [-76.2890281, 3.2383866], [-76.2910107, 3.2385124], [-76.2941336, 3.2387076], [-76.2993581, 3.2390229], [-76.3039749, 3.2392805], [-76.3068586, 3.2394877], [-76.3070772, 3.2395]]}}, {"type": "Feature", "properties": {"OBJECTID": 572, "Shape_Leng": 1502.46697099, "RUTA": null}, "geometry": {"type": "LineString", "coordinates": [[-76.3313939, 3.1941567], [-76.3313359, 3.1951779], [-76.3311235, 3.1983828], [-76.3308292, 3.2014732], [-76.330552, 3.204231], [-76.3303498, 3.2064006], [-76.3302411, 3.2073912], [-76.3302748, 3.2074963], [-76.3304015, 3.2076358]]}}, {"type": "Feature", "properties": {"OBJECTID": 573, "Shape_Leng": 1009.82169578, "RUTA": null}, "geometry": {"type": "LineString", "coordinates": [[-76.2807501, 3.2379057], [-76.2767623, 3.2376691], [-76.2716817, 3.2373562]]}}, {"type": "Feature", "properties": {"OBJECTID": 574, "Shape_Leng": 217.908574392, "RUTA": null}, "geometry": {"type": "LineString", "coordinates": [[-76.3115609, 3.1942906], [-76.3115503, 3.1943061], [-76.3115334, 3.1943286], [-76.3115074, 3.1943624], [-76.3114844, 3.1943902], [-76.3114626, 3.1944154], [-76.311442, 3.1944406], [-76.3114142, 3.1944754], [-76.3113895, 3.1945059], [-76.3113721, 3.1945265], [-76.3113555, 3.1945451], [-76.3113351, 3.194568], [-76.3113123, 3.1945963], [-76.3112991, 3.1946149], [-76.3112837, 3.1946401], [-76.3112721, 3.1946642], [-76.3112609, 3.1946932], [-76.3112492, 3.194719], [-76.3112378, 3.1947391], [-76.3112168, 3.1947697], [-76.3111961, 3.1947968], [-76.3111739, 3.1948244], [-76.3111555, 3.1948472], [-76.3111295, 3.1948799], [-76.3111051, 3.1949111], [-76.3110796, 3.1949444], [-76.3110621, 3.1949681], [-76.3110429, 3.1949938], [-76.3110248, 3.1950177], [-76.3110028, 3.1950472], [-76.310978, 3.1950814], [-76.3109616, 3.1951036], [-76.3109473, 3.1951232], [-76.310931, 3.1951461], [-76.3109154, 3.1951683], [-76.3108981, 3.1951934], [-76.3108786, 3.1952215], [-76.3108648, 3.1952397], [-76.3108453, 3.1952648], [-76.31083, 3.1952855], [-76.3108155, 3.1953058], [-76.3107963, 3.1953333], [-76.3107763, 3.1953605], [-76.3107619, 3.1953781], [-76.3107448, 3.1953973], [-76.3107228, 3.1954186], [-76.3107033, 3.1954359], [-76.3106799, 3.1954558], [-76.3106553, 3.1954787], [-76.3106378, 3.1954963], [-76.31062, 3.1955162], [-76.3106043, 3.1955371], [-76.3105899, 3.1955591], [-76.3105776, 3.195579], [-76.3105629, 3.1956044], [-76.3105492, 3.1956287], [-76.3105356, 3.195654], [-76.3105249, 3.1956803], [-76.3105181, 3.1957043], [-76.3105129, 3.1957308], [-76.3105119, 3.195754], [-76.3105186, 3.1957809], [-76.3105201, 3.195806], [-76.3105235, 3.1958294], [-76.3105315, 3.1958532], [-76.3105485, 3.1958703], [-76.3105666, 3.1958874]]}}, {"type": "Feature", "properties": {"OBJECTID": 575, "Shape_Leng": 427.777842149, "RUTA": null}, "geometry": {"type": "LineString", "coordinates": [[-76.2679555, 3.2379442], [-76.2692635, 3.2374771], [-76.269887, 3.2372607], [-76.269978, 3.2372406], [-76.2701215, 3.237253], [-76.2716817, 3.2373562]]}}, {"type": "Feature", "properties": {"OBJECTID": 576, "Shape_Leng": 240.675990221, "RUTA": null}, "geometry": {"type": "LineString", "coordinates": [[-76.2679845, 3.2032932], [-76.2680752, 3.2033944], [-76.2681001, 3.2034317], [-76.2681117, 3.2035539], [-76.2680964, 3.2036795], [-76.2679827, 3.2054217]]}}, {"type": "Feature", "properties": {"OBJECTID": 577, "Shape_Leng": 819.768553269, "RUTA": null}, "geometry": {"type": "LineString", "coordinates": [[-76.2746033, 3.2325699], [-76.2744157, 3.2325602], [-76.274353, 3.2325752], [-76.2743111, 3.2325962], [-76.2742154, 3.2326726], [-76.2741801, 3.2327087], [-76.274134, 3.2327807], [-76.2740802, 3.2328683], [-76.2739679, 3.2330805], [-76.2737974, 3.2332937], [-76.2733044, 3.2338245], [-76.2732557, 3.2338608], [-76.2731907, 3.2338828], [-76.2730954, 3.233896], [-76.2725058, 3.2337338], [-76.2722145, 3.2337062], [-76.2708711, 3.2334767], [-76.2694227, 3.233167], [-76.2682091, 3.2328614], [-76.2679598, 3.2327939]]}}, {"type": "Feature", "properties": {"OBJECTID": 578, "Shape_Leng": 775.803478498, "RUTA": null}, "geometry": {"type": "LineString", "coordinates": [[-76.3898895, 3.19435], [-76.3898238, 3.1944169], [-76.3884498, 3.1952976], [-76.3877361, 3.1957581], [-76.3875546, 3.1958332], [-76.3873591, 3.1958508], [-76.3872868, 3.1958424], [-76.3866526, 3.1957625], [-76.3858332, 3.1956549], [-76.384903, 3.1955396], [-76.3839051, 3.1954117], [-76.3833753, 3.1953437]]}}, {"type": "Feature", "properties": {"OBJECTID": 579, "Shape_Leng": 783.255431501, "RUTA": null}, "geometry": {"type": "LineString", "coordinates": [[-76.3607583, 3.2009821], [-76.360766, 3.2009525], [-76.3607735, 3.2009254], [-76.3607814, 3.200898], [-76.3607954, 3.2008549], [-76.3608056, 3.2008195], [-76.3608132, 3.2007874], [-76.3608226, 3.2007578], [-76.3608354, 3.2007269], [-76.3608499, 3.2006932], [-76.3608639, 3.2006604], [-76.360877, 3.2006299], [-76.3608893, 3.2005989], [-76.3609036, 3.2005652], [-76.3609193, 3.2005302], [-76.360933, 3.2004978], [-76.360946, 3.2004661], [-76.3609592, 3.2004333], [-76.3609726, 3.2003973], [-76.3609879, 3.2003575], [-76.3609993, 3.2003271], [-76.3610108, 3.2002935], [-76.3610217, 3.2002609], [-76.3610332, 3.2002269], [-76.3610456, 3.2001941], [-76.3610548, 3.2001701], [-76.3610689, 3.2001324], [-76.3610801, 3.2001031], [-76.3610884, 3.2000817], [-76.361097, 3.2000597], [-76.3611126, 3.2000193], [-76.3611257, 3.1999854], [-76.3611346, 3.1999629], [-76.3611475, 3.1999275], [-76.3611589, 3.1998921], [-76.3611669, 3.1998692], [-76.3611807, 3.1998308], [-76.3611946, 3.1997954], [-76.3612082, 3.1997626], [-76.3612216, 3.1997299], [-76.3612359, 3.1996933], [-76.3612501, 3.1996541], [-76.3612625, 3.1996172], [-76.3612749, 3.1995811], [-76.3612879, 3.1995426], [-76.3613019, 3.1995012], [-76.3613128, 3.1994682], [-76.3613205, 3.1994454], [-76.3613333, 3.1994082], [-76.3613444, 3.1993767], [-76.3613536, 3.1993531], [-76.3613708, 3.1993121], [-76.3613833, 3.1992818], [-76.3613921, 3.1992607], [-76.3614011, 3.1992396], [-76.3614105, 3.199218], [-76.3614206, 3.199195], [-76.3614378, 3.199155], [-76.3614523, 3.1991168], [-76.3614624, 3.1990866], [-76.3614693, 3.1990646], [-76.3614831, 3.1990253], [-76.3614975, 3.1989886], [-76.3615073, 3.1989635], [-76.3615209, 3.1989253], [-76.3615318, 3.1988938], [-76.3615403, 3.1988708], [-76.3615566, 3.1988274], [-76.3615703, 3.1987903], [-76.361579, 3.1987661], [-76.3615923, 3.1987266], [-76.3616057, 3.1986836], [-76.3616198, 3.1986373], [-76.3616302, 3.1986022], [-76.3616368, 3.1985798], [-76.3616485, 3.1985438], [-76.3616599, 3.1985126], [-76.3616694, 3.198488], [-76.3616783, 3.1984647], [-76.3616921, 3.1984287], [-76.3617046, 3.1983964], [-76.3617176, 3.1983616], [-76.361731, 3.198324], [-76.3617447, 3.1982857], [-76.3617574, 3.1982506], [-76.3617706, 3.1982161], [-76.3617838, 3.1981818], [-76.3617982, 3.1981437], [-76.3618124, 3.1981069], [-76.3618254, 3.198075], [-76.3618369, 3.1980463], [-76.3618492, 3.1980159], [-76.3618623, 3.1979837], [-76.3618747, 3.1979517], [-76.3618853, 3.1979215], [-76.3618953, 3.197892], [-76.3619039, 3.197863], [-76.3619147, 3.1978321], [-76.3619278, 3.1977978], [-76.3619417, 3.1977637], [-76.3619527, 3.1977365], [-76.3619652, 3.1977046], [-76.3619796, 3.1976659], [-76.3619901, 3.1976356], [-76.3620046, 3.1975938], [-76.3620175, 3.1975546], [-76.3620271, 3.1975233], [-76.3620385, 3.1974916], [-76.3620508, 3.1974574], [-76.3620626, 3.1974257], [-76.3620733, 3.1973968], [-76.3620835, 3.1973684], [-76.3620929, 3.1973439], [-76.3621036, 3.1973173], [-76.3621154, 3.1972885], [-76.3621245, 3.1972668], [-76.362135, 3.1972394], [-76.362145, 3.197213], [-76.3621557, 3.1971867], [-76.3621663, 3.1971596], [-76.3621785, 3.19713], [-76.3621916, 3.1970994], [-76.3622012, 3.1970774], [-76.3622153, 3.1970456], [-76.3622264, 3.1970208], [-76.362238, 3.1969936], [-76.3622539, 3.1969559], [-76.3622665, 3.1969251], [-76.3622751, 3.1969035], [-76.362285, 3.1968777], [-76.362295, 3.1968513], [-76.3623056, 3.1968238], [-76.3623166, 3.1967944], [-76.3623291, 3.1967594], [-76.3623374, 3.1967331], [-76.3623441, 3.1967079], [-76.3623509, 3.1966822], [-76.3623587, 3.196654], [-76.3623662, 3.1966298], [-76.3623762, 3.1965977], [-76.3623859, 3.1965677], [-76.3623974, 3.1965338], [-76.3624049, 3.1965116], [-76.3624148, 3.1964821], [-76.3624225, 3.1964595], [-76.3624343, 3.1964262], [-76.3624452, 3.1963955], [-76.3624548, 3.1963666], [-76.3624631, 3.1963383], [-76.362472, 3.1963093], [-76.3624827, 3.1962777], [-76.362492, 3.1962536], [-76.3625032, 3.1962219], [-76.3625135, 3.1961884], [-76.3625232, 3.1961602], [-76.3625363, 3.196123], [-76.362549, 3.1960875], [-76.3625603, 3.1960549], [-76.3625676, 3.1960321], [-76.3625786, 3.1959986], [-76.3625903, 3.1959646], [-76.3626016, 3.1959331], [-76.3626161, 3.1958934], [-76.3626238, 3.1958707], [-76.3626329, 3.1958441], [-76.3626447, 3.1958108], [-76.3626557, 3.1957803], [-76.3626649, 3.1957562], [-76.3626777, 3.1957211], [-76.3626854, 3.1956983], [-76.3626928, 3.1956759], [-76.3627012, 3.1956491], [-76.3627096, 3.1956221], [-76.3627225, 3.1955855], [-76.3627366, 3.1955468], [-76.3627458, 3.1955191], [-76.3627544, 3.195493], [-76.3627627, 3.1954672], [-76.3627712, 3.1954392], [-76.3627807, 3.1954074], [-76.3627902, 3.1953738], [-76.3627981, 3.1953438], [-76.3628064, 3.1953151], [-76.3628148, 3.1952889], [-76.3628239, 3.1952623], [-76.3628368, 3.1952273], [-76.3628485, 3.1951974], [-76.3628584, 3.1951717], [-76.362869, 3.1951411], [-76.3628778, 3.1951143], [-76.362889, 3.195079], [-76.3628998, 3.1950473], [-76.3629103, 3.1950166], [-76.3629182, 3.1949943], [-76.3629299, 3.1949614], [-76.3629398, 3.1949343], [-76.362953, 3.1948978], [-76.3629658, 3.1948633], [-76.3629763, 3.1948335], [-76.3629866, 3.1947988], [-76.3629946, 3.1947714], [-76.3630048, 3.1947422], [-76.3630169, 3.19471], [-76.3630292, 3.1946778], [-76.3630403, 3.1946476], [-76.3630535, 3.1946143], [-76.3630625, 3.1945931], [-76.3630769, 3.1945584], [-76.3630874, 3.1945335], [-76.3631005, 3.1945021], [-76.3631121, 3.1944732], [-76.3631236, 3.1944451], [-76.3631368, 3.1944107], [-76.3631458, 3.1943858], [-76.3631581, 3.1943515], [-76.3631657, 3.1943304]]}}, {"type": "Feature", "properties": {"OBJECTID": 580, "Shape_Leng": 314.440046712, "RUTA": null}, "geometry": {"type": "LineString", "coordinates": [[-76.4029314, 3.2015816], [-76.4028789, 3.2013659], [-76.4026654, 3.2005038], [-76.4023584, 3.1992363], [-76.402294, 3.1989269], [-76.4023121, 3.1988161]]}}, {"type": "Feature", "properties": {"OBJECTID": 587, "Shape_Leng": 1437.74875821, "RUTA": null}, "geometry": {"type": "LineString", "coordinates": [[-76.3453571, 3.2075149], [-76.3513343, 3.2084833], [-76.3515266, 3.2085645], [-76.3516278, 3.2086377], [-76.3519188, 3.2088844], [-76.3520468, 3.2089278], [-76.3521477, 3.2089224], [-76.3573967, 3.2083383], [-76.3574604, 3.2083312], [-76.3580432, 3.2082801]]}}, {"type": "Feature", "properties": {"OBJECTID": 590, "Shape_Leng": 1187.99628203, "RUTA": null}, "geometry": {"type": "LineString", "coordinates": [[-76.3453571, 3.2075149], [-76.3398872, 3.2066089], [-76.3398098, 3.2066327], [-76.3397717, 3.2066846], [-76.3386415, 3.2098859], [-76.3383744, 3.2105584], [-76.3379764, 3.2113686]]}}, {"type": "Feature", "properties": {"OBJECTID": 591, "Shape_Leng": 2286.91738361, "RUTA": null}, "geometry": {"type": "LineString", "coordinates": [[-76.3722504, 3.2106281], [-76.3721317, 3.2105904], [-76.3719243, 3.2105551], [-76.3717907, 3.2105637], [-76.3709525, 3.2105968], [-76.3707028, 3.2105007], [-76.3706493, 3.2104769], [-76.3705177, 3.210375], [-76.3704294, 3.2102336], [-76.3703959, 3.2098916], [-76.3704019, 3.2096004], [-76.3704116, 3.2094428], [-76.3704189, 3.2092764], [-76.3704488, 3.2092397], [-76.3705468, 3.209091], [-76.3705811, 3.2090171], [-76.3707293, 3.2087892], [-76.370958, 3.2085734], [-76.3711397, 3.2084038], [-76.3715762, 3.2079404], [-76.3718371, 3.2075304], [-76.3720256, 3.2071418], [-76.3722425, 3.2066511], [-76.3723003, 3.2064809], [-76.3723028, 3.2062925], [-76.3722903, 3.20623], [-76.3714485, 3.2038623], [-76.3714442, 3.203684], [-76.3714979, 3.2035142], [-76.3716039, 3.2033712], [-76.3716688, 3.2033178], [-76.373361, 3.2022377], [-76.3750056, 3.2012218], [-76.3756234, 3.2008112], [-76.3757356, 3.2007385], [-76.3759499, 3.2005994], [-76.376158, 3.2004458], [-76.37905, 3.1989028], [-76.3791355, 3.198872], [-76.3791637, 3.1988741], [-76.3797392, 3.1989348], [-76.3802007, 3.1989654], [-76.3813263, 3.1990445]]}}, {"type": "Feature", "properties": {"OBJECTID": 593, "Shape_Leng": 1849.80435687, "RUTA": null}, "geometry": {"type": "LineString", "coordinates": [[-76.3379764, 3.2113686], [-76.3376951, 3.2118953], [-76.3376073, 3.2121251], [-76.3375226, 3.2126468], [-76.3374188, 3.2133311], [-76.3373892, 3.2136703], [-76.3373382, 3.2143469], [-76.337331, 3.2145608], [-76.3373128, 3.2148858], [-76.3372617, 3.2152251], [-76.3370434, 3.2157379], [-76.3370355, 3.215754], [-76.3369814, 3.2159471], [-76.3369403, 3.2162437], [-76.336595, 3.2204194], [-76.3363188, 3.2240565], [-76.3360499, 3.2277745], [-76.3360413, 3.2278935]]}}, {"type": "Feature", "properties": {"OBJECTID": 600, "Shape_Leng": 1640.10711523, "RUTA": null}, "geometry": {"type": "LineString", "coordinates": [[-76.3598164, 3.203761], [-76.3548216, 3.2019466], [-76.3547127, 3.2018776], [-76.3545554, 3.2017265], [-76.3545118, 3.2016661], [-76.354187, 3.2009058], [-76.3539281, 3.200308], [-76.3537256, 3.1998917], [-76.3532764, 3.1990243], [-76.3524688, 3.197509], [-76.3520245, 3.1967789], [-76.3511636, 3.1955415], [-76.3514894, 3.1954071], [-76.3516425, 3.1953244], [-76.3517919, 3.1951759], [-76.3519135, 3.1950113], [-76.3520923, 3.1948244], [-76.3523777, 3.1945927], [-76.3527863, 3.1943226]]}}, {"type": "Feature", "properties": {"OBJECTID": 601, "Shape_Leng": 1074.48013802, "RUTA": null}, "geometry": {"type": "LineString", "coordinates": [[-76.4023121, 3.1988161], [-76.4010867, 3.1981767], [-76.3997664, 3.1974819], [-76.398383, 3.1967628], [-76.3971762, 3.196144], [-76.3955693, 3.1953031], [-76.3942608, 3.1946293], [-76.3937259, 3.1943528]]}}, {"type": "Feature", "properties": {"OBJECTID": 603, "Shape_Leng": 675.527203072, "RUTA": null}, "geometry": {"type": "LineString", "coordinates": [[-76.3604154, 3.2083753], [-76.3605137, 3.2082756], [-76.3617239, 3.2070474], [-76.3625307, 3.2062833], [-76.3636735, 3.2051694], [-76.3647716, 3.2041166]]}}, {"type": "Feature", "properties": {"OBJECTID": 606, "Shape_Leng": 277.211387533, "RUTA": null}, "geometry": {"type": "LineString", "coordinates": [[-76.3354511, 3.2107254], [-76.3375148, 3.2117805], [-76.3375957, 3.2118218], [-76.3376586, 3.2118834]]}}, {"type": "Feature", "properties": {"OBJECTID": 607, "Shape_Leng": 1360.88854593, "RUTA": null}, "geometry": {"type": "LineString", "coordinates": [[-76.3647716, 3.2041166], [-76.3649465, 3.2039494], [-76.3667905, 3.2022149], [-76.368382, 3.2005631], [-76.3685195, 3.2004281], [-76.3693753, 3.1998616], [-76.369961, 3.1994923], [-76.3701405, 3.1992958], [-76.3701897, 3.1992227], [-76.3704575, 3.1988669], [-76.3704828, 3.1988797], [-76.3705615, 3.1989268], [-76.3712399, 3.1995871], [-76.3714669, 3.1997219], [-76.3718697, 3.1999429], [-76.3719548, 3.2000077], [-76.3720296, 3.2000971], [-76.3732988, 3.2021521], [-76.3733341, 3.2022093]]}}, {"type": "Feature", "properties": {"OBJECTID": 608, "Shape_Leng": 947.192998453, "RUTA": null}, "geometry": {"type": "LineString", "coordinates": [[-76.3813263, 3.1990445], [-76.3815732, 3.1990633], [-76.3830763, 3.1991631], [-76.3847658, 3.1992642], [-76.3860836, 3.1993216], [-76.386209, 3.1992537], [-76.3862424, 3.1992214], [-76.3869375, 3.1973646], [-76.3871322, 3.1967427], [-76.3873824, 3.1961412], [-76.3874412, 3.1960225], [-76.3875144, 3.1958748]]}}, {"type": "Feature", "properties": {"OBJECTID": 609, "Shape_Leng": 291.73958265, "RUTA": null}, "geometry": {"type": "LineString", "coordinates": [[-76.3811291, 3.1943437], [-76.381472, 3.1947101], [-76.3817671, 3.1950985], [-76.3818375, 3.1951518], [-76.3818906, 3.1951635], [-76.3833753, 3.1953437]]}}, {"type": "Feature", "properties": {"OBJECTID": 610, "Shape_Leng": 473.114993881, "RUTA": null}, "geometry": {"type": "LineString", "coordinates": [[-76.3797457, 3.1989051], [-76.3798081, 3.1987891], [-76.3809349, 3.1966956], [-76.3816852, 3.1952558], [-76.3817501, 3.1951311]]}}, {"type": "Feature", "properties": {"OBJECTID": 612, "Shape_Leng": 159.633891054, "RUTA": null}, "geometry": {"type": "LineString", "coordinates": [[-76.3511636, 3.1955415], [-76.3504041, 3.1943318], [-76.3503971, 3.1943208]]}}, {"type": "Feature", "properties": {"OBJECTID": 618, "Shape_Leng": 277.897706599, "RUTA": null}, "geometry": {"type": "LineString", "coordinates": [[-76.4053292, 3.1638593], [-76.405255, 3.1638178], [-76.4051444, 3.1638244], [-76.4050619, 3.1638292], [-76.4050148, 3.1638413], [-76.4045081, 3.1639817], [-76.4041894, 3.1641192], [-76.4041202, 3.1641582], [-76.4039978, 3.1642077], [-76.4038087, 3.1641911], [-76.4036997, 3.1641527], [-76.4034624, 3.1640351], [-76.4032918, 3.1639778], [-76.4031515, 3.1639734], [-76.4029576, 3.1640194]]}}, {"type": "Feature", "properties": {"OBJECTID": 620, "Shape_Leng": 1581.19584769, "RUTA": null}, "geometry": {"type": "LineString", "coordinates": [[-76.4054749, 3.1679278], [-76.4052319, 3.1669082], [-76.4051678, 3.1667166], [-76.4051483, 3.1666809], [-76.4049507, 3.1662342], [-76.4049279, 3.1661244], [-76.4049629, 3.1660178], [-76.4050462, 3.165943], [-76.4050664, 3.1659341], [-76.4058064, 3.1654574], [-76.4059031, 3.1653479], [-76.4059663, 3.165222], [-76.405973, 3.1650811], [-76.4059448, 3.16499], [-76.4057668, 3.1643874], [-76.4056502, 3.1641822], [-76.4055559, 3.1640743], [-76.4053994, 3.1638985], [-76.4052695, 3.163692], [-76.4052016, 3.1634995], [-76.405089, 3.1632445], [-76.4049252, 3.1630191], [-76.4049068, 3.1629991], [-76.4046688, 3.1627524], [-76.4045368, 3.1625679], [-76.4044566, 3.1623554], [-76.4044418, 3.1622768], [-76.4044355, 3.1620903], [-76.4044491, 3.1618836], [-76.4045202, 3.1616892], [-76.4045763, 3.1616008], [-76.4060342, 3.1595868], [-76.4067493, 3.1585093], [-76.408093, 3.156211], [-76.4080988, 3.1562024], [-76.4083039, 3.1558971], [-76.4083279, 3.1558431]]}}, {"type": "Feature", "properties": {"OBJECTID": 626, "Shape_Leng": 742.838223636, "RUTA": null}, "geometry": {"type": "LineString", "coordinates": [[-76.4062745, 3.1745763], [-76.4062941, 3.1745232], [-76.4063243, 3.1743764], [-76.4062992, 3.1741786], [-76.4059986, 3.171814], [-76.4056926, 3.1689012], [-76.4056908, 3.1688594], [-76.4056789, 3.1687845], [-76.4054749, 3.1679278]]}}, {"type": "Feature", "properties": {"OBJECTID": 639, "Shape_Leng": 1355.53796727, "RUTA": null}, "geometry": {"type": "LineString", "coordinates": [[-76.4029479, 3.1779899], [-76.4031513, 3.1776708], [-76.4040815, 3.1762183], [-76.4042351, 3.1760372], [-76.404336, 3.1759565], [-76.4062269, 3.1746535], [-76.4076669, 3.1736474], [-76.4094041, 3.172466], [-76.4106012, 3.1717291], [-76.412281, 3.1707307], [-76.4124379, 3.1705897], [-76.4124531, 3.170571]]}}, {"type": "Feature", "properties": {"OBJECTID": 643, "Shape_Leng": 94.7491744027, "RUTA": null}, "geometry": {"type": "LineString", "coordinates": [[-76.4029665, 3.1511597], [-76.4036618, 3.1506641]]}}, {"type": "Feature", "properties": {"OBJECTID": 683, "Shape_Leng": 2223.41028608, "RUTA": null}, "geometry": {"type": "LineString", "coordinates": [[-76.4432843, 3.2317179], [-76.4433742, 3.2316823], [-76.4436657, 3.2315042], [-76.4437785, 3.2314227], [-76.4441838, 3.2311299], [-76.444278, 3.2310684], [-76.4443893, 3.2310144], [-76.4445084, 3.2309648], [-76.4447229, 3.230901], [-76.4448641, 3.2308421], [-76.4449474, 3.2307931], [-76.4450086, 3.2307291], [-76.4451592, 3.2305134], [-76.4452079, 3.2304087], [-76.4452319, 3.2303354], [-76.4452508, 3.2302601], [-76.4452884, 3.2300827], [-76.4453286, 3.2299826], [-76.445379, 3.2299078], [-76.4454753, 3.2297952], [-76.4459635, 3.2293625], [-76.4460683, 3.2292925], [-76.4461471, 3.2292589], [-76.4462754, 3.2292345], [-76.4463708, 3.2292346], [-76.4465159, 3.2292373], [-76.4466248, 3.2292623], [-76.446892, 3.2293371], [-76.447033, 3.2293937], [-76.4471313, 3.2294184], [-76.447224, 3.2294267], [-76.4473199, 3.2294169], [-76.447394, 3.2293964], [-76.4477213, 3.2292385], [-76.4478526, 3.2292], [-76.4480164, 3.2291803], [-76.4481253, 3.2291598], [-76.4482458, 3.2291039], [-76.4483123, 3.2290538], [-76.4484768, 3.228925], [-76.4485809, 3.2288839], [-76.4486773, 3.2288786], [-76.4488881, 3.2288434], [-76.4489871, 3.2287897], [-76.4490949, 3.228709], [-76.4496277, 3.2283794], [-76.4501002, 3.2281319], [-76.4502575, 3.2280714], [-76.4503102, 3.2280621], [-76.4503861, 3.22806], [-76.4506593, 3.2280791], [-76.4506908, 3.2280824], [-76.4507423, 3.2281039], [-76.4507643, 3.2281428], [-76.4507808, 3.2281915], [-76.4508076, 3.2282675], [-76.4508546, 3.22834], [-76.4509346, 3.2284011], [-76.4510099, 3.2284495], [-76.4510892, 3.2285233], [-76.451151, 3.2286283], [-76.4513334, 3.2289808], [-76.4513894, 3.2290845], [-76.4514352, 3.2291405], [-76.4515273, 3.2291896], [-76.4516369, 3.2292528], [-76.4517039, 3.2293105], [-76.4517719, 3.2293979], [-76.4518168, 3.2295002], [-76.4519483, 3.2297993], [-76.4519922, 3.2298386], [-76.4520817, 3.2299092], [-76.4521854, 3.2299627], [-76.4522949, 3.2300102], [-76.4523887, 3.230072], [-76.4525343, 3.2301513], [-76.4526106, 3.2302304], [-76.4526546, 3.2303155], [-76.4526714, 3.2304029], [-76.4526977, 3.230663], [-76.4527131, 3.2309803], [-76.4527128, 3.2312299], [-76.4526953, 3.2313093], [-76.4526772, 3.231409], [-76.4526838, 3.2315809], [-76.4527002, 3.2317148], [-76.4527087, 3.23175], [-76.4527023, 3.231791], [-76.4526735, 3.2318216], [-76.4524719, 3.2319745], [-76.4520368, 3.2322366], [-76.4514265, 3.2326744], [-76.4506601, 3.2332317], [-76.4499693, 3.2337395], [-76.4497406, 3.233918], [-76.4495194, 3.2341352], [-76.4493535, 3.2343634], [-76.4491602, 3.2346346], [-76.4490592, 3.2347281], [-76.4488874, 3.2348569], [-76.4486954, 3.2349791], [-76.4486182, 3.2350247], [-76.4485166, 3.2350965], [-76.4482111, 3.2353969], [-76.4478732, 3.2356906], [-76.4477508, 3.2358158], [-76.4476678, 3.2359007], [-76.447653, 3.2359138], [-76.447615, 3.2359347], [-76.4475883, 3.235936], [-76.4475873, 3.235936]]}}, {"type": "Feature", "properties": {"OBJECTID": 685, "Shape_Leng": 2370.83638279, "RUTA": null}, "geometry": {"type": "LineString", "coordinates": [[-76.4622677, 3.2280774], [-76.4622696, 3.2280713], [-76.4622853, 3.2280494], [-76.4623232, 3.2280226], [-76.4623865, 3.2279964], [-76.4625067, 3.2279642], [-76.4625319, 3.2279574], [-76.4628285, 3.2279072], [-76.4628849, 3.2278818], [-76.4629461, 3.227835], [-76.4630288, 3.2277527], [-76.4638766, 3.2266485], [-76.4639266, 3.2265914], [-76.4640375, 3.2265025], [-76.4641254, 3.2264585], [-76.4643168, 3.2263855], [-76.4657081, 3.2259884], [-76.4657586, 3.2259709], [-76.4657669, 3.2259551], [-76.4657746, 3.2259311], [-76.4657658, 3.2259033], [-76.4657331, 3.2258613], [-76.4652112, 3.2253874], [-76.4650874, 3.2252239], [-76.4649926, 3.2250861], [-76.4649099, 3.2249678], [-76.4648247, 3.2248978], [-76.4647112, 3.2248714], [-76.4645991, 3.2248527], [-76.4644827, 3.2248464], [-76.4643904, 3.2248116], [-76.4643254, 3.2247348], [-76.464293, 3.2246486], [-76.4641712, 3.2240955], [-76.4641462, 3.2239019], [-76.4641432, 3.2237683], [-76.4641565, 3.2235417], [-76.4641875, 3.2231808], [-76.464362, 3.2223425], [-76.46439, 3.222274], [-76.4645134, 3.2221498], [-76.4647183, 3.2220461], [-76.46485, 3.2219798], [-76.464973, 3.2218727], [-76.4652673, 3.2215983], [-76.4652767, 3.2215726], [-76.4652693, 3.2215225], [-76.4652251, 3.2214667], [-76.4651263, 3.2213833], [-76.4643924, 3.2209044], [-76.461755, 3.2191046], [-76.461212, 3.2186853], [-76.4611273, 3.2186361], [-76.4610782, 3.2186164], [-76.4609626, 3.2185375], [-76.4606704, 3.2183182], [-76.4598055, 3.2176902], [-76.458868, 3.2170153], [-76.4587938, 3.2169914], [-76.4587307, 3.2169849], [-76.4586578, 3.216995], [-76.4585642, 3.2170431], [-76.457853, 3.2174773], [-76.4568045, 3.2181808], [-76.4558424, 3.2188058]]}}, {"type": "Feature", "properties": {"OBJECTID": 686, "Shape_Leng": 1334.39713395, "RUTA": null}, "geometry": {"type": "LineString", "coordinates": [[-76.4622973, 3.2281665], [-76.4622351, 3.2281184], [-76.4621815, 3.2280652], [-76.4621123, 3.2279598], [-76.4620487, 3.2278671], [-76.4601255, 3.2250659], [-76.4582571, 3.2223321], [-76.4560822, 3.2191431], [-76.4559218, 3.2188837], [-76.4558952, 3.2188524], [-76.4558605, 3.2188245], [-76.4558268, 3.2188216], [-76.4557884, 3.2188371], [-76.4553474, 3.2191298], [-76.4553196, 3.2191281], [-76.4552944, 3.2191248], [-76.455261, 3.2191135]]}}, {"type": "Feature", "properties": {"OBJECTID": 687, "Shape_Leng": 537.718856866, "RUTA": null}, "geometry": {"type": "LineString", "coordinates": [[-76.4445632, 3.194388], [-76.4445784, 3.1944265], [-76.444598, 3.1944958], [-76.4446074, 3.1945831], [-76.4446124, 3.1947157], [-76.4446287, 3.1947628], [-76.4447959, 3.195048], [-76.4448304, 3.1951426], [-76.4448904, 3.1952972], [-76.4449621, 3.1954344], [-76.4450544, 3.1955615], [-76.4451474, 3.1957147], [-76.4454462, 3.1963758], [-76.4454992, 3.19642], [-76.4455876, 3.1964517], [-76.4456477, 3.1964541], [-76.4464981, 3.1964677], [-76.4465932, 3.1964567], [-76.4466437, 3.1964293], [-76.4467778, 3.1963468], [-76.4468585, 3.1962846], [-76.4471469, 3.1960332], [-76.447187, 3.1960182], [-76.4472423, 3.1960156], [-76.4472958, 3.1960338], [-76.4473556, 3.1960867], [-76.4475517, 3.1963319], [-76.4476005, 3.1963637], [-76.4476505, 3.1963767], [-76.4477737, 3.1963547]]}}, {"type": "Feature", "properties": {"OBJECTID": 689, "Shape_Leng": 1028.75866754, "RUTA": null}, "geometry": {"type": "LineString", "coordinates": [[-76.4240288, 3.2126358], [-76.423077, 3.2134426], [-76.4229766, 3.2135871], [-76.4229535, 3.2136446], [-76.4229302, 3.2137866], [-76.422964, 3.2139239], [-76.4235338, 3.2153468], [-76.4236045, 3.2154502], [-76.4239514, 3.2159134], [-76.4240242, 3.2161129], [-76.4240776, 3.2167223], [-76.4241346, 3.2173805], [-76.4242413, 3.2179545], [-76.4244637, 3.2188616], [-76.4245036, 3.2191392], [-76.4244983, 3.2193173], [-76.4244682, 3.2195316], [-76.4244109, 3.2200433], [-76.4244296, 3.2203342], [-76.4245297, 3.2206769], [-76.424653, 3.2209718], [-76.424702, 3.221089]]}}, {"type": "Feature", "properties": {"OBJECTID": 691, "Shape_Leng": 1323.55276318, "RUTA": null}, "geometry": {"type": "LineString", "coordinates": [[-76.4078242, 3.2120575], [-76.4072323, 3.2116721], [-76.406848, 3.211443], [-76.4063611, 3.2110764], [-76.4062305, 3.2109271], [-76.4062235, 3.2109159], [-76.4058455, 3.2102418], [-76.4054839, 3.2095783], [-76.4049075, 3.2085298], [-76.4044175, 3.2076574], [-76.4044006, 3.2076131], [-76.4040617, 3.2062354], [-76.4030484, 3.2020632], [-76.4029314, 3.2015816]]}}, {"type": "Feature", "properties": {"OBJECTID": 692, "Shape_Leng": 1550.6481695, "RUTA": null}, "geometry": {"type": "LineString", "coordinates": [[-76.4504039, 3.2057714], [-76.4507024, 3.2043556], [-76.4512919, 3.2015391], [-76.4513152, 3.2014691], [-76.4513449, 3.2013381], [-76.4516799, 3.2004418], [-76.4517361, 3.2003324], [-76.4517781, 3.2002186], [-76.4518017, 3.2000533], [-76.4517911, 3.1999107], [-76.4517764, 3.1996902], [-76.4517973, 3.1995889], [-76.4518231, 3.1995216], [-76.45188, 3.1994573], [-76.4519657, 3.1994164], [-76.4520453, 3.1994008], [-76.4524752, 3.1993827], [-76.4525638, 3.1993676], [-76.4526415, 3.1993168], [-76.4527038, 3.1991671], [-76.4528862, 3.1985966], [-76.4528911, 3.1985582], [-76.4528688, 3.1985182], [-76.4528435, 3.1984895], [-76.4515845, 3.1978411], [-76.4513553, 3.1977289], [-76.4511898, 3.1976716], [-76.4510025, 3.1976291], [-76.4509016, 3.197597], [-76.4507714, 3.1975335], [-76.450092, 3.196998], [-76.4491215, 3.1962862], [-76.4489469, 3.1961729], [-76.4488764, 3.1961385], [-76.44879, 3.1961267], [-76.4487117, 3.1961674], [-76.4485488, 3.196221], [-76.4485026, 3.1962408], [-76.4484505, 3.1962399], [-76.4482742, 3.1962109], [-76.4481951, 3.196228], [-76.448119, 3.1962431], [-76.4477737, 3.1963547]]}}, {"type": "Feature", "properties": {"OBJECTID": 694, "Shape_Leng": 1613.53084913, "RUTA": null}, "geometry": {"type": "LineString", "coordinates": [[-76.4324588, 3.2264677], [-76.4323618, 3.2261033], [-76.4317885, 3.2239503], [-76.4317539, 3.223678], [-76.4317536, 3.2236566], [-76.4317654, 3.2231745], [-76.4317694, 3.2227706], [-76.4321727, 3.221424], [-76.4321929, 3.2213883], [-76.4327279, 3.2207542], [-76.4328431, 3.2205497], [-76.4328783, 3.2204464], [-76.4331503, 3.2196089], [-76.4332104, 3.2193176], [-76.433195, 3.219149], [-76.433198, 3.2190328], [-76.4331612, 3.2189549], [-76.4331181, 3.2189261], [-76.4319718, 3.2181177], [-76.4317963, 3.2179617], [-76.4317729, 3.2178516], [-76.4317734, 3.2178439], [-76.4319609, 3.2168799], [-76.4319451, 3.2167938], [-76.4318797, 3.2167359], [-76.4318128, 3.216727], [-76.4309455, 3.2165931], [-76.4306376, 3.2164963], [-76.4305231, 3.2164434], [-76.430209, 3.2162284], [-76.4290231, 3.2153304], [-76.4288473, 3.2151973], [-76.4287225, 3.2150972]]}}, {"type": "Feature", "properties": {"OBJECTID": 697, "Shape_Leng": 185.957852306, "RUTA": null}, "geometry": {"type": "LineString", "coordinates": [[-76.4438026, 3.210243], [-76.4437999, 3.2102401], [-76.4437805, 3.2102188], [-76.4437588, 3.210176], [-76.4437217, 3.210112], [-76.4436748, 3.2100294], [-76.4434066, 3.2097808], [-76.4433167, 3.2097378], [-76.4432502, 3.209721], [-76.4431775, 3.2097212], [-76.4430881, 3.2097641], [-76.4429988, 3.2097952], [-76.4428883, 3.2098036], [-76.442781, 3.2097735], [-76.4423896, 3.2096778]]}}, {"type": "Feature", "properties": {"OBJECTID": 698, "Shape_Leng": 3344.60340872, "RUTA": null}, "geometry": {"type": "LineString", "coordinates": [[-76.4460077, 3.2217392], [-76.4460827, 3.2217176], [-76.4461903, 3.2216693], [-76.446283, 3.2215965], [-76.4464045, 3.22147], [-76.4464879, 3.2213682], [-76.4466341, 3.2211742], [-76.4467889, 3.2209006], [-76.4468884, 3.2207412], [-76.4469978, 3.2206037], [-76.4470466, 3.2205679], [-76.4472106, 3.2204952], [-76.447424, 3.2205084], [-76.447624, 3.2205218], [-76.4477574, 3.2205352], [-76.4479039, 3.2205286], [-76.4480875, 3.2204861], [-76.4488376, 3.2202254], [-76.4493076, 3.2200029], [-76.449669, 3.21983], [-76.449761, 3.2197977], [-76.4499075, 3.2197952], [-76.4500211, 3.2198095], [-76.4504166, 3.219972], [-76.4505783, 3.2200049], [-76.4507965, 3.220031], [-76.4513304, 3.2201185], [-76.4514319, 3.2201299], [-76.4515552, 3.2201102], [-76.4516874, 3.220077], [-76.4545981, 3.2196031], [-76.4547786, 3.2195353], [-76.4549623, 3.2194157], [-76.4551862, 3.219228], [-76.4552463, 3.2191252], [-76.4552514, 3.2190335], [-76.4552346, 3.2189176], [-76.4551182, 3.2186911], [-76.4550296, 3.2186283], [-76.4548744, 3.2185586], [-76.4547712, 3.2184908], [-76.4546677, 3.2183807], [-76.4546147, 3.2182288], [-76.4538349, 3.2147066], [-76.4532106, 3.211901], [-76.4530321, 3.2110662], [-76.4529978, 3.2109985], [-76.4529101, 3.2109805], [-76.452758, 3.2109873], [-76.4525726, 3.2110315], [-76.451999, 3.21125], [-76.4519633, 3.2112718], [-76.4518485, 3.2112912], [-76.4518273, 3.2111916], [-76.451821, 3.2111422], [-76.4518532, 3.2109873], [-76.4519049, 3.2107488], [-76.4519028, 3.2106531], [-76.4518536, 3.2105681], [-76.4517915, 3.2104967], [-76.4517011, 3.2104192], [-76.4516138, 3.2103199], [-76.4515425, 3.2101864], [-76.4514402, 3.2097799], [-76.4513996, 3.2097116], [-76.4513511, 3.2096719], [-76.4512924, 3.2096675], [-76.4511944, 3.2096904], [-76.4510376, 3.2097554], [-76.4509465, 3.2097515], [-76.450889, 3.2097067], [-76.4507938, 3.2095898], [-76.4506656, 3.2093448], [-76.4506466, 3.2092433], [-76.4506012, 3.2091478], [-76.4505597, 3.2091157], [-76.4504601, 3.2091052], [-76.4498294, 3.209179], [-76.4486299, 3.2093514], [-76.4482307, 3.2094276], [-76.4481662, 3.2094417], [-76.4480879, 3.209482], [-76.448032, 3.2095374], [-76.4470995, 3.2104153], [-76.44701, 3.2104827], [-76.4469193, 3.2105311], [-76.4467991, 3.2105387], [-76.44402, 3.2103329], [-76.4439836, 3.2103236], [-76.4439248, 3.210307], [-76.4438851, 3.210287], [-76.4438733, 3.2102847], [-76.4438729, 3.2102847]]}}, {"type": "Feature", "properties": {"OBJECTID": 699, "Shape_Leng": 465.345047886, "RUTA": null}, "geometry": {"type": "LineString", "coordinates": [[-76.4295195, 3.2102336], [-76.4294205, 3.2103849], [-76.4291238, 3.2108379], [-76.4286877, 3.2115037], [-76.4278379, 3.2128004], [-76.4276327, 3.2131479], [-76.4275222, 3.2133215], [-76.4274348, 3.2134685], [-76.4273832, 3.2135554], [-76.427222, 3.2137485]]}}, {"type": "Feature", "properties": {"OBJECTID": 703, "Shape_Leng": 459.747253072, "RUTA": null}, "geometry": {"type": "LineString", "coordinates": [[-76.4323653, 3.2380437], [-76.4349115, 3.2391853], [-76.4352246, 3.2393354], [-76.4353131, 3.2393643], [-76.4354331, 3.2393999], [-76.4361915, 3.2395966]]}}, {"type": "Feature", "properties": {"OBJECTID": 704, "Shape_Leng": 11.680422637, "RUTA": null}, "geometry": {"type": "LineString", "coordinates": [[-76.4505993, 3.2395072], [-76.4506151, 3.2395451], [-76.450631, 3.2395833], [-76.4506325, 3.2396064]]}}, {"type": "Feature", "properties": {"OBJECTID": 705, "Shape_Leng": 1039.7884387, "RUTA": null}, "geometry": {"type": "LineString", "coordinates": [[-76.4356658, 3.2054025], [-76.4359804, 3.2055732], [-76.4367596, 3.2060543], [-76.4368336, 3.2060773], [-76.4369529, 3.2060728], [-76.4371819, 3.2060833], [-76.437373, 3.2061389], [-76.4375424, 3.2062005], [-76.4376734, 3.2062804], [-76.4378023, 3.2063747], [-76.437952, 3.2065266], [-76.4381033, 3.2066958], [-76.4382238, 3.2068178], [-76.4383147, 3.2069001], [-76.4384229, 3.2069636], [-76.4387933, 3.2071276], [-76.4388775, 3.2072097], [-76.4389545, 3.2073316], [-76.4390481, 3.207563], [-76.4390487, 3.2076278], [-76.4390415, 3.2077241], [-76.4390554, 3.2077979], [-76.4391363, 3.2078505], [-76.4392835, 3.2078556], [-76.4394369, 3.2078193], [-76.4395344, 3.2077535], [-76.4396329, 3.2076163], [-76.4398955, 3.2072375], [-76.4399486, 3.2072096], [-76.4400055, 3.2072156], [-76.4400572, 3.2072767], [-76.4401121, 3.2074448], [-76.4404435, 3.207917], [-76.4404949, 3.2080317], [-76.4405516, 3.2082276], [-76.4408133, 3.2089282], [-76.4408555, 3.2089992], [-76.4409363, 3.209089], [-76.4413646, 3.2093798], [-76.4414576, 3.2094353], [-76.4416347, 3.2094897], [-76.4423896, 3.2096778]]}}, {"type": "Feature", "properties": {"OBJECTID": 706, "Shape_Leng": 1337.22088806, "RUTA": null}, "geometry": {"type": "LineString", "coordinates": [[-76.4223934, 3.2321107], [-76.4225276, 3.2322695], [-76.4230845, 3.233238], [-76.4235491, 3.2340576], [-76.4237287, 3.2343343], [-76.4238918, 3.2344734], [-76.4239024, 3.23448], [-76.42578, 3.2353721], [-76.4275659, 3.2362058], [-76.4285912, 3.2367039], [-76.4288184, 3.2368133], [-76.4290507, 3.2368902], [-76.4294888, 3.2369777], [-76.4301364, 3.2370813], [-76.4303757, 3.2371283], [-76.4306353, 3.2372208], [-76.4311963, 3.2374962], [-76.4323653, 3.2380437]]}}, {"type": "Feature", "properties": {"OBJECTID": 708, "Shape_Leng": 462.14108948, "RUTA": null}, "geometry": {"type": "LineString", "coordinates": [[-76.4506222, 3.2091272], [-76.4506891, 3.2091394], [-76.4507384, 3.2091411], [-76.450795, 3.2091195], [-76.4508361, 3.2090856], [-76.450848, 3.2090694], [-76.4508794, 3.2090267], [-76.4510955, 3.2086055], [-76.4511397, 3.2085129], [-76.4511498, 3.2084584], [-76.4511594, 3.2083915], [-76.4511734, 3.2082889], [-76.4512471, 3.2077161], [-76.4512617, 3.2075814], [-76.4512677, 3.2075303], [-76.4512607, 3.2074661], [-76.451227, 3.2073791], [-76.451168, 3.2073215], [-76.4503739, 3.2067718], [-76.4502734, 3.2067027], [-76.4502347, 3.2066568], [-76.4502169, 3.2066207], [-76.4502139, 3.2065687], [-76.4502314, 3.2065133], [-76.4502622, 3.2064376], [-76.4504039, 3.2057714]]}}, {"type": "Feature", "properties": {"OBJECTID": 709, "Shape_Leng": 159.941518418, "RUTA": null}, "geometry": {"type": "LineString", "coordinates": [[-76.4513016, 3.2075204], [-76.4513586, 3.2074518], [-76.4514688, 3.207302], [-76.4519986, 3.2065821], [-76.4520789, 3.2064863], [-76.4521339, 3.2064568], [-76.4522184, 3.2064365]]}}, {"type": "Feature", "properties": {"OBJECTID": 710, "Shape_Leng": 4199.77764226, "RUTA": null}, "geometry": {"type": "LineString", "coordinates": [[-76.4603171, 3.2346382], [-76.4599923, 3.2343319], [-76.4593045, 3.2336926], [-76.4583987, 3.2328309], [-76.4583713, 3.2328086], [-76.4583394, 3.2327864], [-76.4582929, 3.232761], [-76.4582459, 3.2327427], [-76.4581991, 3.2327204], [-76.4581486, 3.2326973], [-76.4579485, 3.2326105], [-76.4578167, 3.2325596], [-76.4576845, 3.2325115], [-76.4570116, 3.2322684], [-76.456403, 3.2320308], [-76.4563439, 3.2320163], [-76.4562714, 3.2320266], [-76.4562188, 3.2320569], [-76.4561831, 3.2321006], [-76.4559049, 3.2325349], [-76.4555598, 3.2330339], [-76.4549011, 3.234041], [-76.4538571, 3.2355851], [-76.4535199, 3.2361046], [-76.4533998, 3.2362585], [-76.4532093, 3.2364879], [-76.4528867, 3.2368792], [-76.4523835, 3.2374734], [-76.4514945, 3.2385372], [-76.4512382, 3.238847], [-76.4508118, 3.239344], [-76.4507104, 3.2394289], [-76.4506532, 3.2394655], [-76.4506211, 3.2394742], [-76.4505836, 3.2394696], [-76.4505421, 3.2394511], [-76.4504861, 3.2394095], [-76.4504201, 3.2393473], [-76.4503526, 3.2392698], [-76.4497958, 3.2386126], [-76.4490816, 3.2377702], [-76.4483148, 3.2368509], [-76.4475698, 3.2359706], [-76.4465833, 3.2347968], [-76.4464584, 3.2346506], [-76.4463951, 3.2345918], [-76.4463319, 3.2345392], [-76.4462704, 3.2345088], [-76.4461963, 3.2344877], [-76.4461108, 3.2344677], [-76.4451543, 3.234362], [-76.4447127, 3.2343026], [-76.4445821, 3.2342685], [-76.4445327, 3.2342542], [-76.4444823, 3.2342298], [-76.4444306, 3.2341968], [-76.4442854, 3.2340927], [-76.4440003, 3.233847], [-76.4439627, 3.2338076], [-76.4439287, 3.2337722], [-76.443883, 3.2337236], [-76.4434901, 3.2331835], [-76.4433283, 3.2329617], [-76.4432913, 3.2329201], [-76.4432534, 3.2328733], [-76.4432346, 3.2328166], [-76.4432284, 3.2327434], [-76.4432406, 3.2326659], [-76.4432763, 3.2323486], [-76.4432924, 3.2319079], [-76.4432819, 3.2318335], [-76.4432533, 3.2317302], [-76.4430405, 3.2310152], [-76.4429565, 3.2308383], [-76.442874, 3.2306816], [-76.442679, 3.2303371], [-76.4424922, 3.2300235], [-76.4422925, 3.2297384], [-76.442263, 3.229666], [-76.4422588, 3.2296243], [-76.4422671, 3.2295589], [-76.442277, 3.2294674], [-76.4422982, 3.2293671], [-76.4423379, 3.2292575], [-76.4424929, 3.2288489], [-76.4426801, 3.2281341], [-76.4426924, 3.2280706], [-76.4427097, 3.2279531], [-76.4428877, 3.2271811], [-76.4429199, 3.2270008], [-76.44291, 3.2268861], [-76.4428873, 3.2268158], [-76.4428486, 3.2267787], [-76.442788, 3.2267402], [-76.4426534, 3.2266696], [-76.441645, 3.2262741], [-76.440625, 3.2258337], [-76.4396898, 3.2254477], [-76.43912, 3.225205], [-76.4390065, 3.2251678], [-76.4389326, 3.225135], [-76.4388748, 3.2251176], [-76.4388088, 3.2251023], [-76.4384994, 3.2251311], [-76.4380611, 3.2252185], [-76.4374623, 3.2253636], [-76.436502, 3.2255801], [-76.4364067, 3.2255984]]}}, {"type": "Feature", "properties": {"OBJECTID": 714, "Shape_Leng": 1377.74061367, "RUTA": null}, "geometry": {"type": "LineString", "coordinates": [[-76.4603171, 3.2346382], [-76.4616935, 3.2359355], [-76.4626986, 3.2366493], [-76.4633632, 3.2370662], [-76.463409, 3.2370603], [-76.4634698, 3.2370392], [-76.4635498, 3.236995], [-76.4636118, 3.2369324], [-76.4642736, 3.2362465], [-76.4646958, 3.2357962], [-76.4647802, 3.2357565], [-76.464842, 3.2357512], [-76.4649308, 3.2357751], [-76.4650237, 3.2358181], [-76.4651155, 3.235869], [-76.4674418, 3.2371345], [-76.4680599, 3.2374862], [-76.4683949, 3.2377171], [-76.46885, 3.2380387], [-76.4691521, 3.2382683], [-76.4692136, 3.238332], [-76.4692707, 3.2384128], [-76.4693286, 3.2385149], [-76.4696295, 3.2390959], [-76.4696865, 3.2392658], [-76.4696986, 3.2394197], [-76.4697252, 3.239619]]}}, {"type": "Feature", "properties": {"OBJECTID": 715, "Shape_Leng": 731.941525836, "RUTA": null}, "geometry": {"type": "LineString", "coordinates": [[-76.4512976, 3.2013821], [-76.4512427, 3.2014136], [-76.4511966, 3.2014214], [-76.4506439, 3.2015144], [-76.4504723, 3.2015841], [-76.4503549, 3.2016476], [-76.4502264, 3.2016915], [-76.4499719, 3.2017324], [-76.4499221, 3.2017743], [-76.4498433, 3.2018655], [-76.4497954, 3.2019327], [-76.4497142, 3.2019848], [-76.4495703, 3.202062], [-76.4493386, 3.2021749], [-76.4492333, 3.20225], [-76.4491642, 3.2022942], [-76.4490742, 3.2023313], [-76.4490155, 3.2023216], [-76.448923, 3.2022894], [-76.4486744, 3.2021375], [-76.4485876, 3.2020976], [-76.4484935, 3.2020971], [-76.4483803, 3.2021234], [-76.4482434, 3.2021708], [-76.4480548, 3.202169], [-76.4478678, 3.202149], [-76.4476861, 3.2021441], [-76.4475292, 3.2021576], [-76.4467801, 3.2022835], [-76.4466627, 3.202325], [-76.446542, 3.2023989], [-76.4463996, 3.2024828], [-76.4463266, 3.202538], [-76.4461898, 3.202607], [-76.4459407, 3.2027058], [-76.4458265, 3.2027421], [-76.4457297, 3.2027659], [-76.4456215, 3.2027586], [-76.4454718, 3.2027156], [-76.4454273, 3.2027048], [-76.4451711, 3.2026428]]}}, {"type": "Feature", "properties": {"OBJECTID": 717, "Shape_Leng": 462.288684413, "RUTA": null}, "geometry": {"type": "LineString", "coordinates": [[-76.4583113, 3.2327327], [-76.4584242, 3.2326185], [-76.4590358, 3.2319997], [-76.4597535, 3.2312547], [-76.4605964, 3.2303541], [-76.4606231, 3.2303044], [-76.4606351, 3.230252], [-76.4606422, 3.2301815], [-76.4606336, 3.2301066], [-76.4606155, 3.2300319], [-76.4605756, 3.2299336], [-76.4605375, 3.2298281], [-76.4605259, 3.2297957], [-76.4605005, 3.2296618], [-76.4604984, 3.229581], [-76.4604812, 3.2295129]]}}, {"type": "Feature", "properties": {"OBJECTID": 726, "Shape_Leng": 880.94585721, "RUTA": null}, "geometry": {"type": "LineString", "coordinates": [[-76.3062831, 3.2467566], [-76.3040128, 3.2466034], [-76.3018892, 3.2464932], [-76.2983709, 3.2462961]]}}, {"type": "Feature", "properties": {"OBJECTID": 727, "Shape_Leng": 731.513352239, "RUTA": null}, "geometry": {"type": "LineString", "coordinates": [[-76.2878224, 3.2574267], [-76.2876886, 3.2577055], [-76.2876299, 3.2578567], [-76.2875986, 3.2579373], [-76.2875668, 3.2581469], [-76.2875611, 3.2622626], [-76.2875478, 3.2639912]]}}, {"type": "Feature", "properties": {"OBJECTID": 728, "Shape_Leng": 1953.17450992, "RUTA": null}, "geometry": {"type": "LineString", "coordinates": [[-76.2808985, 3.2751874], [-76.2807373, 3.2751244], [-76.2803373, 3.2749682], [-76.2801152, 3.2749214], [-76.2800861, 3.2749196], [-76.2799056, 3.2748906], [-76.2797835, 3.2749042], [-76.2792872, 3.2749829], [-76.2790675, 3.2750286], [-76.2789208, 3.2750427], [-76.2776014, 3.2750009], [-76.2775423, 3.2749545], [-76.2775401, 3.2749505], [-76.2773377, 3.2734608], [-76.2768641, 3.2699153], [-76.2765494, 3.268056], [-76.2765343, 3.2679491], [-76.276607, 3.2645365], [-76.2766699, 3.2610136], [-76.2766705, 3.260979], [-76.2767343, 3.2608338], [-76.2767352, 3.2608325]]}}, {"type": "Feature", "properties": {"OBJECTID": 730, "Shape_Leng": 136.510534964, "RUTA": null}, "geometry": {"type": "LineString", "coordinates": [[-76.3329351, 3.2648646], [-76.33263, 3.2648042], [-76.3321144, 3.2647021], [-76.3317367, 3.2645979]]}}, {"type": "Feature", "properties": {"OBJECTID": 732, "Shape_Leng": 4.87317144158, "RUTA": null}, "geometry": {"type": "LineString", "coordinates": [[-76.2767352, 3.2608325], [-76.2767461, 3.2608174], [-76.276766, 3.2608017]]}}, {"type": "Feature", "properties": {"OBJECTID": 733, "Shape_Leng": 956.815465662, "RUTA": null}, "geometry": {"type": "LineString", "coordinates": [[-76.2875478, 3.2639912], [-76.2875262, 3.2658357], [-76.287627, 3.2681633], [-76.2876678, 3.2687631], [-76.2876652, 3.2689507], [-76.2876717, 3.2690738], [-76.2877082, 3.269149], [-76.2882113, 3.2699186], [-76.2895093, 3.2716673], [-76.2897229, 3.27198]]}}, {"type": "Feature", "properties": {"OBJECTID": 734, "Shape_Leng": 975.434097491, "RUTA": null}, "geometry": {"type": "LineString", "coordinates": [[-76.3151093, 3.2473042], [-76.312061, 3.2471027], [-76.3119992, 3.2470808], [-76.3073593, 3.2468025], [-76.3063562, 3.2467615], [-76.306353, 3.2467613]]}}, {"type": "Feature", "properties": {"OBJECTID": 735, "Shape_Leng": 3688.38012611, "RUTA": null}, "geometry": {"type": "LineString", "coordinates": [[-76.2897229, 3.27198], [-76.290086, 3.2725678], [-76.2913807, 3.2747579], [-76.2917495, 3.2753038], [-76.2917558, 3.2753122], [-76.2928139, 3.2765494], [-76.2932347, 3.2770483], [-76.2934355, 3.277324], [-76.2937945, 3.277833], [-76.2940108, 3.2780879], [-76.2940997, 3.2781701], [-76.2951706, 3.2789577], [-76.2954102, 3.2790792], [-76.2975654, 3.2802803], [-76.297698, 3.2803742], [-76.2978337, 3.2804881], [-76.2978779, 3.2805479], [-76.2980119, 3.2807232], [-76.2982222, 3.2809184], [-76.2983837, 3.2810232], [-76.2992181, 3.2814173], [-76.299762, 3.2816428], [-76.3002166, 3.2817842], [-76.3005935, 3.2819016], [-76.3008088, 3.2820051], [-76.3008709, 3.2820486], [-76.3027831, 3.2834107], [-76.3029334, 3.2834803], [-76.3029961, 3.2834921], [-76.3032759, 3.2835343], [-76.3034899, 3.2835038], [-76.3036878, 3.2834166], [-76.3037604, 3.283366], [-76.3055758, 3.2819276], [-76.3078286, 3.280091], [-76.3096285, 3.278629], [-76.3101889, 3.2782114], [-76.310509, 3.278061], [-76.3105861, 3.2780342], [-76.3123556, 3.2776799], [-76.3144006, 3.2773051], [-76.3145202, 3.2772261], [-76.3145375, 3.2772072], [-76.3152919, 3.2761611], [-76.3153426, 3.2760766], [-76.3153533, 3.2759876], [-76.3154234, 3.2759204], [-76.3153414, 3.2759177]]}}, {"type": "Feature", "properties": {"OBJECTID": 737, "Shape_Leng": 341.267015957, "RUTA": null}, "geometry": {"type": "LineString", "coordinates": [[-76.3046403, 3.268701], [-76.3045084, 3.2717841]]}}, {"type": "Feature", "properties": {"OBJECTID": 738, "Shape_Leng": 672.878720437, "RUTA": null}, "geometry": {"type": "LineString", "coordinates": [[-76.3090761, 3.2670713], [-76.3047837, 3.2669644], [-76.3047214, 3.2670158], [-76.3047068, 3.2670862], [-76.3046403, 3.268701]]}}, {"type": "Feature", "properties": {"OBJECTID": 739, "Shape_Leng": 1130.87887857, "RUTA": null}, "geometry": {"type": "LineString", "coordinates": [[-76.3178263, 3.2693525], [-76.3176977, 3.2685226], [-76.3175848, 3.2678889], [-76.3174841, 3.2677411], [-76.3174471, 3.267706], [-76.3165262, 3.2672744], [-76.3164531, 3.2672677], [-76.312033, 3.2671624], [-76.3090761, 3.2670713]]}}, {"type": "Feature", "properties": {"OBJECTID": 740, "Shape_Leng": 2688.90590134, "RUTA": null}, "geometry": {"type": "LineString", "coordinates": [[-76.2928564, 3.257276], [-76.3003532, 3.2570955], [-76.3011886, 3.2571036], [-76.3057305, 3.2570432], [-76.310626, 3.2569644], [-76.3151541, 3.2569388], [-76.3170446, 3.2569363]]}}, {"type": "Feature", "properties": {"OBJECTID": 741, "Shape_Leng": 490.699390176, "RUTA": null}, "geometry": {"type": "LineString", "coordinates": [[-76.3311809, 3.2656849], [-76.3323017, 3.2632975], [-76.3330999, 3.261689]]}}, {"type": "Feature", "properties": {"OBJECTID": 742, "Shape_Leng": 1596.40466626, "RUTA": null}, "geometry": {"type": "LineString", "coordinates": [[-76.2822555, 3.2683226], [-76.2797668, 3.2682055], [-76.2767805, 3.2680662], [-76.2767738, 3.2680651], [-76.2765107, 3.2680528], [-76.2722522, 3.2684132], [-76.2681993, 3.2687527], [-76.2679294, 3.2687761]]}}, {"type": "Feature", "properties": {"OBJECTID": 744, "Shape_Leng": 876.401752877, "RUTA": null}, "geometry": {"type": "LineString", "coordinates": [[-76.3242127, 3.2593249], [-76.3213794, 3.2579438], [-76.3202727, 3.2569327], [-76.3202372, 3.2569046], [-76.3202178, 3.2568949], [-76.3170446, 3.2569363]]}}, {"type": "Feature", "properties": {"OBJECTID": 745, "Shape_Leng": 1355.9225203, "RUTA": null}, "geometry": {"type": "LineString", "coordinates": [[-76.2983709, 3.2462961], [-76.2982235, 3.2462724], [-76.2978427, 3.2462379], [-76.2953353, 3.2460895], [-76.2917639, 3.2458898], [-76.2905638, 3.245819], [-76.2905544, 3.2458169], [-76.2862854, 3.2455691], [-76.286195, 3.2455638]]}}, {"type": "Feature", "properties": {"OBJECTID": 746, "Shape_Leng": 222.778096407, "RUTA": null}, "geometry": {"type": "LineString", "coordinates": [[-76.302903, 3.2834986], [-76.3032684, 3.2837755], [-76.3044968, 3.2847066], [-76.3045037, 3.2847109]]}}, {"type": "Feature", "properties": {"OBJECTID": 747, "Shape_Leng": 1050.45360485, "RUTA": null}, "geometry": {"type": "LineString", "coordinates": [[-76.2928564, 3.257276], [-76.290135, 3.257329], [-76.2878591, 3.2573869], [-76.2872665, 3.2574319], [-76.2836139, 3.2575229], [-76.2834717, 3.2575264], [-76.2834221, 3.2575636]]}}, {"type": "Feature", "properties": {"OBJECTID": 748, "Shape_Leng": 375.237965387, "RUTA": null}, "geometry": {"type": "LineString", "coordinates": [[-76.3184068, 3.2726951], [-76.3183786, 3.2725336], [-76.3179379, 3.2700046], [-76.3178263, 3.2693525]]}}, {"type": "Feature", "properties": {"OBJECTID": 749, "Shape_Leng": 1856.50674988, "RUTA": null}, "geometry": {"type": "LineString", "coordinates": [[-76.3153414, 3.2759177], [-76.3149713, 3.2737298], [-76.3149698, 3.2737163], [-76.3149843, 3.2735567], [-76.3150551, 3.2734131], [-76.3151727, 3.2733048], [-76.3167402, 3.2730146], [-76.3184565, 3.2727424], [-76.3196286, 3.2725132], [-76.3208689, 3.2723003], [-76.3238509, 3.2717698], [-76.3256733, 3.2714347], [-76.3280017, 3.2710261], [-76.3282353, 3.2709393], [-76.3284421, 3.2707998], [-76.3285214, 3.2707238], [-76.3286627, 3.2706245], [-76.3288221, 3.2705125]]}}, {"type": "Feature", "properties": {"OBJECTID": 750, "Shape_Leng": 594.585942531, "RUTA": null}, "geometry": {"type": "LineString", "coordinates": [[-76.3330999, 3.261689], [-76.3351076, 3.2574757], [-76.3354154, 3.2568422]]}}, {"type": "Feature", "properties": {"OBJECTID": 751, "Shape_Leng": 1134.51729405, "RUTA": null}, "geometry": {"type": "LineString", "coordinates": [[-76.3092055, 3.2670753], [-76.3089642, 3.2669786], [-76.3088722, 3.2668802], [-76.3088478, 3.2668286], [-76.3088963, 3.2598403], [-76.3088877, 3.2597935], [-76.3088829, 3.2595964], [-76.3089066, 3.2594805], [-76.3089443, 3.2570266]]}}, {"type": "Feature", "properties": {"OBJECTID": 752, "Shape_Leng": 993.337820078, "RUTA": null}, "geometry": {"type": "LineString", "coordinates": [[-76.317413, 3.2676259], [-76.3174994, 3.2676549], [-76.3175057, 3.2676565], [-76.3173985, 3.2669111], [-76.3173913, 3.2667708], [-76.3174255, 3.2666675], [-76.3178723, 3.2651804], [-76.3179045, 3.2651185], [-76.3200403, 3.2606044], [-76.3205928, 3.2594734]]}}, {"type": "Feature", "properties": {"OBJECTID": 753, "Shape_Leng": 1025.40390119, "RUTA": null}, "geometry": {"type": "LineString", "coordinates": [[-76.320666, 3.2594828], [-76.3188762, 3.263228], [-76.3179792, 3.2651261], [-76.3178795, 3.2653768], [-76.3174876, 3.2668152], [-76.3174844, 3.2668991], [-76.317496, 3.2669988], [-76.3176608, 3.2680564]]}}, {"type": "Feature", "properties": {"OBJECTID": 754, "Shape_Leng": 436.717859721, "RUTA": null}, "geometry": {"type": "LineString", "coordinates": [[-76.3050007, 3.2570071], [-76.3053144, 3.2569605], [-76.305417, 3.25691], [-76.3055397, 3.2567992], [-76.3055778, 3.2567416], [-76.3056232, 3.2566404], [-76.3056514, 3.256502], [-76.3058512, 3.2534804]]}}, {"type": "Feature", "properties": {"OBJECTID": 755, "Shape_Leng": 1550.01762999, "RUTA": null}, "geometry": {"type": "LineString", "coordinates": [[-76.3058512, 3.2534804], [-76.3063064, 3.246468], [-76.3067155, 3.2403912], [-76.3067248, 3.2397672], [-76.3066823, 3.2395174], [-76.3066716, 3.2394997]]}}, {"type": "Feature", "properties": {"OBJECTID": 756, "Shape_Leng": 1547.2095308, "RUTA": null}, "geometry": {"type": "LineString", "coordinates": [[-76.3069282, 3.2394999], [-76.3068125, 3.2401068], [-76.3067809, 3.240483], [-76.306477, 3.2449958], [-76.3063541, 3.2467377], [-76.3060335, 3.2515398], [-76.3059211, 3.2534495]]}}, {"type": "Feature", "properties": {"OBJECTID": 757, "Shape_Leng": 392.62503743, "RUTA": null}, "geometry": {"type": "LineString", "coordinates": [[-76.3059211, 3.2534495], [-76.3059058, 3.2536382], [-76.3058853, 3.2539231], [-76.3056934, 3.2567049], [-76.3056626, 3.2569296], [-76.3056668, 3.2569895]]}}, {"type": "Feature", "properties": {"OBJECTID": 758, "Shape_Leng": 194.112764257, "RUTA": null}, "geometry": {"type": "LineString", "coordinates": [[-76.3205928, 3.2594734], [-76.3211275, 3.2583234], [-76.3212968, 3.2578683]]}}, {"type": "Feature", "properties": {"OBJECTID": 759, "Shape_Leng": 189.045943827, "RUTA": null}, "geometry": {"type": "LineString", "coordinates": [[-76.32147, 3.257988], [-76.3213284, 3.2581268], [-76.320666, 3.2594828]]}}, {"type": "Feature", "properties": {"OBJECTID": 760, "Shape_Leng": 1123.61729792, "RUTA": null}, "geometry": {"type": "LineString", "coordinates": [[-76.3085761, 3.257025], [-76.3087078, 3.2570973], [-76.3088019, 3.2572146], [-76.3088037, 3.2572181], [-76.3088534, 3.2573599], [-76.308857, 3.2573994], [-76.3088266, 3.2595586], [-76.3088348, 3.2597734], [-76.3088316, 3.2598499], [-76.3087721, 3.2670637]]}}, {"type": "Feature", "properties": {"OBJECTID": 761, "Shape_Leng": 154.552072636, "RUTA": null}, "geometry": {"type": "LineString", "coordinates": [[-76.3354129, 3.259958], [-76.3340455, 3.2597045]]}}, {"type": "Feature", "properties": {"OBJECTID": 762, "Shape_Leng": 1458.96881437, "RUTA": null}, "geometry": {"type": "LineString", "coordinates": [[-76.2865171, 3.2396386], [-76.2864456, 3.2406456], [-76.28635, 3.2421972], [-76.2862204, 3.2441356], [-76.2861343, 3.2459696], [-76.2859615, 3.2486226], [-76.2859431, 3.2486516], [-76.2849404, 3.2504777], [-76.2848802, 3.2505777], [-76.2844049, 3.2517173], [-76.2841687, 3.2523954]]}}, {"type": "Feature", "properties": {"OBJECTID": 763, "Shape_Leng": 508.783019328, "RUTA": null}, "geometry": {"type": "LineString", "coordinates": [[-76.2679533, 3.2405463], [-76.2682594, 3.2408323], [-76.2683334, 3.2409557], [-76.2683644, 3.2411298], [-76.2681148, 3.243344], [-76.2679496, 3.2449668]]}}, {"type": "Feature", "properties": {"OBJECTID": 764, "Shape_Leng": 900.57844528, "RUTA": null}, "geometry": {"type": "LineString", "coordinates": [[-76.2841687, 3.2523954], [-76.283761, 3.2542182], [-76.2836153, 3.2552492], [-76.2834462, 3.2565846], [-76.2833897, 3.2575352], [-76.2832069, 3.2591942], [-76.2831117, 3.2597147], [-76.2830715, 3.2600822], [-76.2830897, 3.2604491]]}}, {"type": "Feature", "properties": {"OBJECTID": 765, "Shape_Leng": 3156.62785239, "RUTA": null}, "geometry": {"type": "LineString", "coordinates": [[-76.3354276, 3.2411681], [-76.3347176, 3.2411192], [-76.3324668, 3.2409983], [-76.329771, 3.2408135], [-76.3280261, 3.2407082], [-76.3251328, 3.2405453], [-76.3232957, 3.2404305], [-76.3222472, 3.2403741], [-76.3214814, 3.2403347], [-76.3168371, 3.2400674], [-76.3120684, 3.2397822], [-76.3070772, 3.2395]]}}, {"type": "Feature", "properties": {"OBJECTID": 766, "Shape_Leng": 111.8561611, "RUTA": null}, "geometry": {"type": "LineString", "coordinates": [[-76.2822555, 3.2683226], [-76.2832618, 3.2683341]]}}, {"type": "Feature", "properties": {"OBJECTID": 768, "Shape_Leng": 842.268186178, "RUTA": null}, "geometry": {"type": "LineString", "coordinates": [[-76.3911743, 3.2555428], [-76.3912417, 3.2555797], [-76.3913339, 3.2555805], [-76.3917246, 3.255584], [-76.3919806, 3.2555787], [-76.3926506, 3.2555189], [-76.3967954, 3.2552203], [-76.3987246, 3.2550828]]}}, {"type": "Feature", "properties": {"OBJECTID": 773, "Shape_Leng": 758.934013195, "RUTA": null}, "geometry": {"type": "LineString", "coordinates": [[-76.3932227, 3.2790121], [-76.3932859, 3.2788702], [-76.3949778, 3.2750695], [-76.3950941, 3.2748502], [-76.3951578, 3.274736], [-76.3952325, 3.2745907], [-76.3953347, 3.2743038], [-76.3958889, 3.272702]]}}, {"type": "Feature", "properties": {"OBJECTID": 774, "Shape_Leng": 1036.10379988, "RUTA": null}, "geometry": {"type": "LineString", "coordinates": [[-76.3858752, 3.2809279], [-76.3859475, 3.2809606], [-76.3880617, 3.2819165], [-76.3903879, 3.2829684], [-76.3934579, 3.2843692], [-76.3943724, 3.284781]]}}, {"type": "Feature", "properties": {"OBJECTID": 779, "Shape_Leng": 1878.11842372, "RUTA": null}, "geometry": {"type": "LineString", "coordinates": [[-76.3398038, 3.2524212], [-76.3401059, 3.2524421], [-76.3453815, 3.2527957], [-76.3481332, 3.2529786], [-76.3484297, 3.2530348], [-76.3495582, 3.2532786], [-76.3497191, 3.2532926], [-76.350888, 3.2533646], [-76.3511735, 3.2534162], [-76.3521493, 3.2536051], [-76.3531896, 3.2538107], [-76.3564069, 3.2539083], [-76.3566047, 3.2539143]]}}, {"type": "Feature", "properties": {"OBJECTID": 780, "Shape_Leng": 3132.40481874, "RUTA": null}, "geometry": {"type": "LineString", "coordinates": [[-76.3589718, 3.2426078], [-76.3588742, 3.242594], [-76.3588422, 3.2425894], [-76.3587298, 3.2426186], [-76.3574422, 3.2432208], [-76.3560096, 3.2439591], [-76.3559136, 3.2440061], [-76.3537233, 3.2450974], [-76.3535613, 3.2451131], [-76.3535041, 3.2451044], [-76.3533935, 3.2450798], [-76.3532952, 3.2450221], [-76.3532415, 3.244935], [-76.3525698, 3.2429657], [-76.3524758, 3.242875], [-76.3523519, 3.2428344], [-76.3523335, 3.2428333], [-76.3489429, 3.2421788], [-76.3483568, 3.2420433], [-76.3474504, 3.2419908], [-76.3462492, 3.2420085], [-76.3461127, 3.2419711], [-76.3448241, 3.2417413], [-76.3447481, 3.2417345], [-76.3419051, 3.241574], [-76.3393101, 3.2414155], [-76.3375537, 3.2413147], [-76.3374619, 3.2426009], [-76.3373421, 3.2445959], [-76.3372635, 3.2458854]]}}, {"type": "Feature", "properties": {"OBJECTID": 784, "Shape_Leng": 2056.67760291, "RUTA": null}, "geometry": {"type": "LineString", "coordinates": [[-76.3528306, 3.265745], [-76.3517016, 3.2654007], [-76.349625, 3.2647723], [-76.349589, 3.2647614], [-76.3482603, 3.264426], [-76.3468991, 3.2640825], [-76.3440317, 3.2633587], [-76.3425652, 3.2629896], [-76.3423948, 3.2629134], [-76.3415563, 3.2624077], [-76.3385338, 3.2605846], [-76.3383178, 3.2604981], [-76.3382923, 3.2604919], [-76.3354129, 3.259958]]}}, {"type": "Feature", "properties": {"OBJECTID": 785, "Shape_Leng": 2788.62015292, "RUTA": null}, "geometry": {"type": "LineString", "coordinates": [[-76.4028732, 3.2834092], [-76.4009102, 3.2825268], [-76.3980474, 3.2812368], [-76.3960496, 3.2803272], [-76.3932213, 3.2790515], [-76.3903706, 3.2777374], [-76.38882, 3.2770257], [-76.3887502, 3.2770064], [-76.3886077, 3.2770182], [-76.3885967, 3.2770217], [-76.3885186, 3.2770572], [-76.3885135, 3.2770623], [-76.388464, 3.2771121], [-76.3878406, 3.2780188], [-76.3866577, 3.2797202], [-76.3864529, 3.2800363], [-76.3858715, 3.2808607], [-76.3850072, 3.282108], [-76.3840111, 3.2835628], [-76.3831744, 3.2847727]]}}, {"type": "Feature", "properties": {"OBJECTID": 787, "Shape_Leng": 464.550347792, "RUTA": null}, "geometry": {"type": "LineString", "coordinates": [[-76.3987246, 3.2550828], [-76.4009536, 3.2549289], [-76.4024273, 3.2548198], [-76.4028937, 3.2547861]]}}, {"type": "Feature", "properties": {"OBJECTID": 789, "Shape_Leng": 1247.50569554, "RUTA": null}, "geometry": {"type": "LineString", "coordinates": [[-76.3354154, 3.2568422], [-76.3366529, 3.2542952], [-76.3367585, 3.2540057], [-76.3368027, 3.2537554], [-76.3368344, 3.2530575], [-76.3370917, 3.2488803], [-76.33722, 3.2465988], [-76.3372635, 3.2458854]]}}, {"type": "Feature", "properties": {"OBJECTID": 792, "Shape_Leng": 912.882656324, "RUTA": null}, "geometry": {"type": "LineString", "coordinates": [[-76.4028814, 3.2720739], [-76.4017085, 3.2718817], [-76.4000787, 3.271622], [-76.3985225, 3.2713755], [-76.3965995, 3.2710502], [-76.3965013, 3.2710664], [-76.3964284, 3.2711345], [-76.39641, 3.2711799], [-76.3958889, 3.272702]]}}, {"type": "Feature", "properties": {"OBJECTID": 793, "Shape_Leng": 133.443266747, "RUTA": null}, "geometry": {"type": "LineString", "coordinates": [[-76.3063765, 3.2865945], [-76.3063843, 3.2867037], [-76.3064625, 3.2877981]]}}, {"type": "Feature", "properties": {"OBJECTID": 794, "Shape_Leng": 296.012182972, "RUTA": null}, "geometry": {"type": "LineString", "coordinates": [[-76.3045037, 3.2847109], [-76.3049805, 3.2850104], [-76.3053006, 3.2851838], [-76.3055774, 3.2853427], [-76.3057968, 3.2855265], [-76.3059649, 3.2857531], [-76.3060042, 3.2858245], [-76.3061322, 3.2860637], [-76.3062792, 3.2863682], [-76.3063507, 3.2865161]]}}, {"type": "Feature", "properties": {"OBJECTID": 795, "Shape_Leng": 2269.45206057, "RUTA": null}, "geometry": {"type": "LineString", "coordinates": [[-76.3831365, 3.2848883], [-76.3833762, 3.2849984], [-76.3854012, 3.2859285], [-76.3881214, 3.2871529], [-76.3902608, 3.2881431], [-76.3921765, 3.288996], [-76.395377, 3.2904415], [-76.3984427, 3.2918138], [-76.4012098, 3.2930726], [-76.4017506, 3.2933233]]}}, {"type": "Feature", "properties": {"OBJECTID": 796, "Shape_Leng": 1034.95242595, "RUTA": null}, "geometry": {"type": "LineString", "coordinates": [[-76.3943724, 3.284781], [-76.394874, 3.2850069], [-76.3975725, 3.2862286], [-76.4010963, 3.2878097], [-76.4028695, 3.2886092]]}}, {"type": "Feature", "properties": {"OBJECTID": 799, "Shape_Leng": 247.179409495, "RUTA": null}, "geometry": {"type": "LineString", "coordinates": [[-76.4138199, 3.2633477], [-76.4138309, 3.2630988], [-76.4138399, 3.2628946], [-76.4138641, 3.2623758], [-76.4138807, 3.2623232], [-76.4139255, 3.2622554], [-76.4140717, 3.2620972], [-76.4141508, 3.26199], [-76.4142998, 3.2618471], [-76.4144016, 3.2617863], [-76.41482, 3.2616251]]}}, {"type": "Feature", "properties": {"OBJECTID": 800, "Shape_Leng": 1514.24367754, "RUTA": null}, "geometry": {"type": "LineString", "coordinates": [[-76.4098143, 3.2731712], [-76.4098451, 3.2729803], [-76.410492, 3.268972], [-76.4108289, 3.2667728], [-76.4108667, 3.2665448], [-76.4110589, 3.2652475], [-76.4114227, 3.2630954], [-76.4114666, 3.2630084], [-76.4115517, 3.2629616], [-76.4115875, 3.2629584], [-76.4133041, 3.262975], [-76.4134254, 3.2630059], [-76.4134952, 3.2630586], [-76.4137205, 3.2632773], [-76.4138101, 3.2634004], [-76.4138169, 3.2634157], [-76.4138811, 3.2635336], [-76.4139239, 3.2636454], [-76.4139865, 3.2638112], [-76.4140299, 3.2638472], [-76.4140897, 3.2639436], [-76.4140986, 3.2641757]]}}, {"type": "Feature", "properties": {"OBJECTID": 803, "Shape_Leng": 526.883544179, "RUTA": null}, "geometry": {"type": "LineString", "coordinates": [[-76.4306188, 3.2743182], [-76.4306393, 3.274208], [-76.4306425, 3.2742024], [-76.4306895, 3.2741212], [-76.4327748, 3.2713781], [-76.4334354, 3.2705013]]}}, {"type": "Feature", "properties": {"OBJECTID": 804, "Shape_Leng": 2573.95356849, "RUTA": null}, "geometry": {"type": "LineString", "coordinates": [[-76.4650894, 3.2840449], [-76.4650051, 3.2838293], [-76.4648636, 3.2834672], [-76.4647718, 3.2832404], [-76.4645402, 3.2827048], [-76.4644066, 3.2823922], [-76.4642351, 3.2819375], [-76.463826, 3.2808156], [-76.4636155, 3.2803169], [-76.4635043, 3.2801101], [-76.4633676, 3.2798869], [-76.4632615, 3.2797568], [-76.4630642, 3.2795352], [-76.4626725, 3.2791463], [-76.4620789, 3.2785455], [-76.461877, 3.2783359], [-76.461779, 3.278216], [-76.4617067, 3.278099], [-76.4616344, 3.2779609], [-76.4615191, 3.2777342], [-76.4609916, 3.2766649], [-76.4602116, 3.2751327], [-76.459612, 3.2739131], [-76.4593433, 3.2734088], [-76.4592144, 3.2731065], [-76.4591176, 3.2728568], [-76.4589767, 3.272473], [-76.4588204, 3.2720447], [-76.4585628, 3.2712972], [-76.4583564, 3.2707772], [-76.458114, 3.2700252], [-76.457931, 3.2695281], [-76.4576914, 3.2688847], [-76.4573961, 3.2680702], [-76.4571904, 3.2675246], [-76.4566783, 3.2660615], [-76.4565127, 3.2655846], [-76.4560339, 3.26427], [-76.4555858, 3.2630173]]}}, {"type": "Feature", "properties": {"OBJECTID": 807, "Shape_Leng": 932.917986915, "RUTA": null}, "geometry": {"type": "LineString", "coordinates": [[-76.4028937, 3.2547861], [-76.4042841, 3.2546856], [-76.4043064, 3.254684], [-76.4052595, 3.2546151], [-76.4052607, 3.254615], [-76.4052838, 3.2546133], [-76.4061966, 3.2545444], [-76.4062196, 3.2545426], [-76.4072224, 3.2544669], [-76.4072456, 3.2544652], [-76.4081369, 3.2543979], [-76.4081905, 3.254393], [-76.408213, 3.254391], [-76.4091424, 3.2543072], [-76.4099969, 3.2542301], [-76.4100207, 3.254228], [-76.4111158, 3.2541292], [-76.4112574, 3.2540972]]}}, {"type": "Feature", "properties": {"OBJECTID": 808, "Shape_Leng": 530.980201098, "RUTA": null}, "geometry": {"type": "LineString", "coordinates": [[-76.4402313, 3.2820745], [-76.4390801, 3.2823209], [-76.4381648, 3.282534], [-76.4380591, 3.2825455], [-76.4380183, 3.2825648], [-76.4378877, 3.2826459], [-76.4378289, 3.2826839], [-76.4376203, 3.2828392], [-76.4375863, 3.2828801], [-76.4375495, 3.2829463], [-76.4375205, 3.2830218], [-76.4375016, 3.2830955], [-76.4371578, 3.2848116]]}}, {"type": "Feature", "properties": {"OBJECTID": 809, "Shape_Leng": 780.058692418, "RUTA": null}, "geometry": {"type": "LineString", "coordinates": [[-76.4098083, 3.2732083], [-76.4054938, 3.2725019], [-76.4028814, 3.2720739]]}}, {"type": "Feature", "properties": {"OBJECTID": 810, "Shape_Leng": 1882.80281781, "RUTA": null}, "geometry": {"type": "LineString", "coordinates": [[-76.4144043, 3.2617853], [-76.4151193, 3.2578317], [-76.4157615, 3.2543962], [-76.4166136, 3.2496017], [-76.4168993, 3.2480487], [-76.4174484, 3.2450367]]}}, {"type": "Feature", "properties": {"OBJECTID": 811, "Shape_Leng": 292.778741322, "RUTA": null}, "geometry": {"type": "LineString", "coordinates": [[-76.4174484, 3.2450367], [-76.4179396, 3.2424356]]}}, {"type": "Feature", "properties": {"OBJECTID": 812, "Shape_Leng": 985.160794932, "RUTA": null}, "geometry": {"type": "LineString", "coordinates": [[-76.41482, 3.2616251], [-76.4164099, 3.2610156], [-76.4195089, 3.2598192], [-76.4228426, 3.2584963], [-76.4230854, 3.2584086]]}}, {"type": "Feature", "properties": {"OBJECTID": 813, "Shape_Leng": 374.051374749, "RUTA": null}, "geometry": {"type": "LineString", "coordinates": [[-76.4059457, 3.2847895], [-76.4052133, 3.284461], [-76.4030004, 3.2834663], [-76.4028732, 3.2834092]]}}, {"type": "Feature", "properties": {"OBJECTID": 814, "Shape_Leng": 342.777796291, "RUTA": null}, "geometry": {"type": "LineString", "coordinates": [[-76.436439, 3.2556728], [-76.4373421, 3.2553684], [-76.4385432, 3.2549321], [-76.4393396, 3.2546212]]}}, {"type": "Feature", "properties": {"OBJECTID": 815, "Shape_Leng": 1351.04795691, "RUTA": null}, "geometry": {"type": "LineString", "coordinates": [[-76.4400449, 3.2728266], [-76.4395973, 3.275693], [-76.4395856, 3.275724], [-76.4395647, 3.2757625], [-76.4395213, 3.2757994], [-76.4394696, 3.2758105], [-76.4394078, 3.2758124], [-76.4365758, 3.2753434], [-76.4337936, 3.2748915], [-76.4313726, 3.2744876], [-76.4307118, 3.2743725], [-76.4306386, 3.2743571], [-76.430544, 3.2743393], [-76.4305076, 3.2743378]]}}, {"type": "Feature", "properties": {"OBJECTID": 816, "Shape_Leng": 941.297041637, "RUTA": null}, "geometry": {"type": "LineString", "coordinates": [[-76.4402769, 3.2714017], [-76.4405165, 3.2698543], [-76.4407858, 3.268234], [-76.4409891, 3.2669733], [-76.4411552, 3.2659419], [-76.4413926, 3.2645311], [-76.4414371, 3.2642918], [-76.4414507, 3.264241], [-76.4414671, 3.2641903], [-76.4414984, 3.2641389], [-76.4415577, 3.2640842], [-76.441647, 3.2640456], [-76.4421984, 3.2639104], [-76.442436, 3.263848], [-76.4425127, 3.2637958], [-76.4425512, 3.2637613]]}}, {"type": "Feature", "properties": {"OBJECTID": 817, "Shape_Leng": 443.651112831, "RUTA": null}, "geometry": {"type": "LineString", "coordinates": [[-76.4400449, 3.2728266], [-76.4401365, 3.272232], [-76.4402769, 3.2714017], [-76.4426007, 3.271794], [-76.4426689, 3.2718228], [-76.442695, 3.2718491], [-76.4427586, 3.2719096]]}}, {"type": "Feature", "properties": {"OBJECTID": 818, "Shape_Leng": 1429.76027507, "RUTA": null}, "geometry": {"type": "LineString", "coordinates": [[-76.4402313, 3.2820745], [-76.4428518, 3.2815094], [-76.4452089, 3.2809734], [-76.4476117, 3.2805434], [-76.4483335, 3.2804305], [-76.448385, 3.2804362], [-76.4484423, 3.2804509], [-76.4484881, 3.2804776], [-76.4485294, 3.2805359], [-76.4485645, 3.2806152], [-76.4486007, 3.2808044], [-76.4491616, 3.283515], [-76.4494416, 3.28482]]}}, {"type": "Feature", "properties": {"OBJECTID": 819, "Shape_Leng": 1418.10073116, "RUTA": null}, "geometry": {"type": "LineString", "coordinates": [[-76.4393396, 3.2546212], [-76.4404247, 3.2542246], [-76.4419881, 3.253672], [-76.4431935, 3.2532054], [-76.4446233, 3.2526864], [-76.4456396, 3.2523125], [-76.446577, 3.2520122], [-76.4494731, 3.2510395], [-76.4513863, 3.2504028]]}}, {"type": "Feature", "properties": {"OBJECTID": 820, "Shape_Leng": 730.616562346, "RUTA": null}, "geometry": {"type": "LineString", "coordinates": [[-76.4561226, 3.2515552], [-76.4561947, 3.25179], [-76.4563964, 3.2528028], [-76.4566114, 3.2538904], [-76.457015, 3.2559421], [-76.4571579, 3.2566182], [-76.4574149, 3.2580316]]}}, {"type": "Feature", "properties": {"OBJECTID": 821, "Shape_Leng": 1747.10477307, "RUTA": null}, "geometry": {"type": "LineString", "coordinates": [[-76.4622162, 3.2513099], [-76.461991, 3.2510688], [-76.4616505, 3.2506686], [-76.4616023, 3.2506165], [-76.4614883, 3.2505663], [-76.4614248, 3.250567], [-76.4611859, 3.2506209], [-76.4603075, 3.2507943], [-76.4590072, 3.2510503], [-76.4577123, 3.2513057], [-76.4563628, 3.2515862], [-76.4562514, 3.2515962], [-76.4561852, 3.2515812], [-76.4561043, 3.2515476], [-76.4560576, 3.2515127], [-76.4554606, 3.2506529], [-76.4552745, 3.2503492], [-76.4544824, 3.248582], [-76.4538008, 3.2470776], [-76.4528613, 3.2449396], [-76.452267, 3.2435878], [-76.4522149, 3.2434831], [-76.4521652, 3.2434102], [-76.4520686, 3.2433105], [-76.4520614, 3.2433049]]}}, {"type": "Feature", "properties": {"OBJECTID": 824, "Shape_Leng": 1643.79213041, "RUTA": null}, "geometry": {"type": "LineString", "coordinates": [[-76.4582551, 3.2409926], [-76.4588226, 3.2411998], [-76.4590974, 3.2413187], [-76.4592792, 3.2414055], [-76.4593452, 3.2414348], [-76.4594259, 3.241486], [-76.4594861, 3.241533], [-76.4604682, 3.2424502], [-76.4608219, 3.2427595], [-76.4608623, 3.2427868], [-76.4609279, 3.2428124], [-76.4609932, 3.2428264], [-76.4610549, 3.2428363], [-76.4610936, 3.2428348], [-76.4615485, 3.2427792], [-76.4618818, 3.2427409], [-76.4619297, 3.2427512], [-76.461979, 3.242769], [-76.4620211, 3.242806], [-76.4620585, 3.2428631], [-76.462098, 3.2429257], [-76.4623992, 3.2434593], [-76.4630038, 3.2444803], [-76.4631728, 3.2447378], [-76.4632303, 3.244791], [-76.4633074, 3.2448472], [-76.4633801, 3.2448847], [-76.46391, 3.2451669], [-76.4641859, 3.2453049], [-76.4648708, 3.2457001], [-76.4654577, 3.2460281], [-76.4655603, 3.2461033], [-76.4656278, 3.2461696], [-76.4656803, 3.2462297], [-76.4658294, 3.2464225], [-76.465901, 3.2464828], [-76.4660973, 3.2466226], [-76.4673881, 3.2473616], [-76.4682164, 3.2478391], [-76.4684401, 3.2479714], [-76.468532, 3.2480118], [-76.4685998, 3.2480268], [-76.4687358, 3.2480476], [-76.4688391, 3.2480515], [-76.4690535, 3.2480423], [-76.4703758, 3.2479554]]}}, {"type": "Feature", "properties": {"OBJECTID": 825, "Shape_Leng": 1021.08991183, "RUTA": null}, "geometry": {"type": "LineString", "coordinates": [[-76.4393507, 3.2464476], [-76.4391813, 3.2465242], [-76.436011, 3.2475981], [-76.4359133, 3.2476371], [-76.4358572, 3.2476563], [-76.4358232, 3.2476988], [-76.4357981, 3.247779], [-76.4357664, 3.2478918], [-76.4351878, 3.2512372], [-76.4349049, 3.2528053], [-76.4348528, 3.2530742]]}}, {"type": "Feature", "properties": {"OBJECTID": 826, "Shape_Leng": 244.603648057, "RUTA": null}, "geometry": {"type": "LineString", "coordinates": [[-76.4506325, 3.2396064], [-76.4506364, 3.2396656], [-76.4506094, 3.2397374], [-76.4505449, 3.2398182], [-76.4504229, 3.2399855], [-76.450383, 3.2400896], [-76.4503952, 3.2401845], [-76.4504246, 3.2402755], [-76.4504909, 3.2404975], [-76.4505253, 3.2406523], [-76.4505475, 3.2408675], [-76.4505936, 3.2412679], [-76.450619, 3.2417192]]}}, {"type": "Feature", "properties": {"OBJECTID": 827, "Shape_Leng": 2654.83178776, "RUTA": null}, "geometry": {"type": "LineString", "coordinates": [[-76.4361915, 3.2395966], [-76.436647, 3.2397148], [-76.438259, 3.2401571], [-76.4383775, 3.2401654], [-76.4385037, 3.2401701], [-76.4386334, 3.2401585], [-76.4389273, 3.2401413], [-76.4391568, 3.2401408], [-76.4394036, 3.2401796], [-76.4395619, 3.2402355], [-76.4396865, 3.2403174], [-76.4398207, 3.2404246], [-76.4400362, 3.2406474], [-76.4403477, 3.2409837], [-76.4405143, 3.2411221], [-76.4414054, 3.2418448], [-76.4418558, 3.2421903], [-76.4420286, 3.2422833], [-76.4422327, 3.2423593], [-76.4435875, 3.2427734], [-76.4445875, 3.2431154], [-76.4448103, 3.2432198], [-76.4449872, 3.2433286], [-76.4455311, 3.2436929], [-76.4467262, 3.2444082], [-76.4480099, 3.2451593], [-76.4491059, 3.2458185], [-76.4492809, 3.2459397], [-76.4493405, 3.2459938], [-76.4494051, 3.2460857], [-76.449658, 3.246547], [-76.4502845, 3.247916], [-76.4513947, 3.250386], [-76.4514164, 3.2504459], [-76.4514346, 3.2505205], [-76.4514616, 3.2506503], [-76.4515234, 3.2509478], [-76.4515901, 3.2515526], [-76.451602, 3.2516216], [-76.4516337, 3.2517772], [-76.4517564, 3.2523262], [-76.4517666, 3.2524717], [-76.451735, 3.2525864], [-76.4516761, 3.2527119], [-76.451385, 3.2532888], [-76.4513054, 3.2534785], [-76.451256, 3.2536761], [-76.451231, 3.2538304], [-76.4512397, 3.2543997]]}}, {"type": "Feature", "properties": {"OBJECTID": 828, "Shape_Leng": 1113.54708843, "RUTA": null}, "geometry": {"type": "LineString", "coordinates": [[-76.4555858, 3.2630173], [-76.4552713, 3.2621477], [-76.4552181, 3.2620083], [-76.4551501, 3.2618811], [-76.4551024, 3.2618046], [-76.4550084, 3.2617032], [-76.4548626, 3.2615589], [-76.454464, 3.2612434], [-76.4541408, 3.2609972], [-76.4538678, 3.2607936], [-76.4535485, 3.2605435], [-76.4532705, 3.2603226], [-76.4530792, 3.260172], [-76.4529858, 3.2600869], [-76.4529298, 3.260027], [-76.4528745, 3.2599663], [-76.4528072, 3.2598681], [-76.4526577, 3.25966], [-76.4525024, 3.2594312], [-76.4523925, 3.25924], [-76.4522994, 3.2590495], [-76.4522605, 3.2589451], [-76.4522347, 3.2588514], [-76.4521524, 3.2585119], [-76.452026, 3.2579685], [-76.45188, 3.2572996], [-76.4517399, 3.2566986], [-76.4515868, 3.2560643], [-76.4514347, 3.2553735], [-76.4512822, 3.2546976], [-76.4512397, 3.2543997]]}}, {"type": "Feature", "properties": {"OBJECTID": 829, "Shape_Leng": 1097.9561186, "RUTA": null}, "geometry": {"type": "LineString", "coordinates": [[-76.4582551, 3.2409926], [-76.457856, 3.2408537], [-76.4576531, 3.2407814], [-76.4574958, 3.2407404], [-76.4572802, 3.2406867], [-76.4571063, 3.2406733], [-76.4570258, 3.2406623], [-76.4569586, 3.2406212], [-76.4568399, 3.2405056], [-76.4567757, 3.240458], [-76.4567027, 3.2404455], [-76.4566003, 3.2404611], [-76.4561548, 3.2407553], [-76.4560933, 3.2408245], [-76.4560245, 3.2409346], [-76.4558813, 3.241119], [-76.4556704, 3.2413754], [-76.455457, 3.2416467], [-76.4554064, 3.2417474], [-76.4553153, 3.2419462], [-76.4552778, 3.2420146], [-76.4552062, 3.2421045], [-76.455121, 3.2421676], [-76.455051, 3.2422204], [-76.4549879, 3.2422991], [-76.4549379, 3.2424035], [-76.4547419, 3.2427428], [-76.4547037, 3.2427947], [-76.4546641, 3.2428461], [-76.4546012, 3.2429109], [-76.4545057, 3.242972], [-76.4544254, 3.2430071], [-76.4542449, 3.2430827], [-76.4540918, 3.2431393], [-76.4539411, 3.2431699], [-76.4537422, 3.2431651], [-76.4535894, 3.2431647], [-76.4528449, 3.243253], [-76.4526936, 3.2432926], [-76.4525934, 3.2433187], [-76.4524462, 3.243335], [-76.4522614, 3.2433343], [-76.4520526, 3.2433014], [-76.4516212, 3.2429599], [-76.4514267, 3.242799], [-76.451303, 3.2427173], [-76.4511247, 3.2426123], [-76.4508954, 3.2424813], [-76.4508056, 3.2424149], [-76.4507538, 3.2423622], [-76.4507126, 3.2423131], [-76.4506688, 3.2422425], [-76.4506318, 3.2421033], [-76.450619, 3.2417192]]}}, {"type": "Feature", "properties": {"OBJECTID": 830, "Shape_Leng": 810.011307403, "RUTA": null}, "geometry": {"type": "LineString", "coordinates": [[-76.4120766, 3.2887155], [-76.4117936, 3.2885413], [-76.411509, 3.2883661], [-76.4095026, 3.2869613], [-76.407243, 3.2853895], [-76.4071326, 3.2853219], [-76.4059457, 3.2847895]]}}, {"type": "Feature", "properties": {"OBJECTID": 831, "Shape_Leng": 467.372740904, "RUTA": null}, "geometry": {"type": "LineString", "coordinates": [[-76.4172681, 3.2912199], [-76.4172989, 3.2910961], [-76.4173351, 3.2909509], [-76.4173682, 3.2907789], [-76.4175632, 3.2899131], [-76.4177431, 3.2890109], [-76.4178974, 3.2882301], [-76.4180429, 3.2875685], [-76.4180819, 3.287435], [-76.4181088, 3.2873808], [-76.4181523, 3.2872854], [-76.4182023, 3.2871699], [-76.4182248, 3.2871124]]}}, {"type": "Feature", "properties": {"OBJECTID": 834, "Shape_Leng": 4173.43589801, "RUTA": null}, "geometry": {"type": "LineString", "coordinates": [[-76.4479423, 3.2913858], [-76.4479159, 3.2914906], [-76.4478512, 3.2917471], [-76.4474912, 3.2937125], [-76.4474859, 3.2937702], [-76.4474978, 3.2938599], [-76.4475064, 3.2939299], [-76.4475255, 3.2940033], [-76.447948, 3.2955952], [-76.4481377, 3.2964041], [-76.44839, 3.2973794], [-76.4487643, 3.2988879], [-76.4495399, 3.3019392], [-76.4498108, 3.303035], [-76.4520149, 3.3036432], [-76.4530907, 3.3039571], [-76.4537553, 3.3043939], [-76.4538323, 3.304502], [-76.4538722, 3.3045806], [-76.453891, 3.304669], [-76.4546745, 3.3078043], [-76.4552218, 3.3099358], [-76.4552337, 3.3100367], [-76.4552403, 3.3101639], [-76.4552424, 3.3103105], [-76.4551105, 3.3114829], [-76.4549371, 3.3129353], [-76.4546134, 3.3157267], [-76.4544835, 3.3167491], [-76.4544933, 3.3167843], [-76.4545289, 3.3168301], [-76.4545892, 3.316852], [-76.4546477, 3.3168627], [-76.4548154, 3.3168886], [-76.4565388, 3.3170909], [-76.4574707, 3.3172103], [-76.4591387, 3.3174018], [-76.45999, 3.3174977], [-76.4600565, 3.3174879], [-76.460098, 3.3174393], [-76.4601343, 3.3173631], [-76.4602644, 3.317016], [-76.4606117, 3.3165586], [-76.460695, 3.3164372], [-76.460844, 3.3162645], [-76.4609577, 3.3161387], [-76.4611099, 3.3159962], [-76.4612198, 3.3159142], [-76.461345, 3.3158387], [-76.4618694, 3.3156455], [-76.4619365, 3.3156231], [-76.4619911, 3.3156205], [-76.4620355, 3.3156546], [-76.4620713, 3.3157072], [-76.4621308, 3.3158169], [-76.462177, 3.315869], [-76.4622094, 3.3158996], [-76.4622618, 3.3159133]]}}, {"type": "Feature", "properties": {"OBJECTID": 840, "Shape_Leng": 3263.89797148, "RUTA": null}, "geometry": {"type": "LineString", "coordinates": [[-76.4276125, 3.3125162], [-76.4274493, 3.3124792], [-76.4274142, 3.3124712], [-76.4273072, 3.3124374], [-76.4271571, 3.3124034], [-76.4270072, 3.312389], [-76.4268462, 3.3123873], [-76.4266809, 3.3123767], [-76.4264837, 3.31235], [-76.4263197, 3.3123138], [-76.4261629, 3.3122814], [-76.4260298, 3.3122571], [-76.4259082, 3.3122322], [-76.4258134, 3.31223], [-76.4257254, 3.3122422], [-76.4256093, 3.3122054], [-76.4254501, 3.31217], [-76.424971, 3.3120357], [-76.4246636, 3.311976], [-76.4245328, 3.3119667], [-76.424436, 3.3119693], [-76.4239877, 3.3120318], [-76.4237661, 3.3120352], [-76.4229596, 3.3120752], [-76.4221872, 3.3121895], [-76.421744, 3.3122432], [-76.4216152, 3.3122212], [-76.421527, 3.312195], [-76.4214168, 3.312146], [-76.4202094, 3.3114825], [-76.4195093, 3.3110916], [-76.4186624, 3.3106086], [-76.4185994, 3.3105593], [-76.4185608, 3.3105208], [-76.4185197, 3.3104834], [-76.4184877, 3.3104643], [-76.4184221, 3.3104281], [-76.4176696, 3.3099165], [-76.4176064, 3.30987], [-76.4175514, 3.3098155], [-76.4174833, 3.3097395], [-76.4174541, 3.3096715], [-76.4174454, 3.3095634], [-76.4174624, 3.3094448], [-76.4175104, 3.3093585], [-76.4175749, 3.3092768], [-76.4187034, 3.3081274], [-76.4199559, 3.3068116], [-76.4211854, 3.3055225], [-76.4214163, 3.3052897], [-76.421451, 3.3052486], [-76.4214889, 3.3051961], [-76.4215277, 3.3051312], [-76.4215801, 3.30506], [-76.4217322, 3.304904], [-76.4218934, 3.3047385], [-76.4219912, 3.3046411], [-76.422676, 3.3039203], [-76.4234178, 3.3031422], [-76.423833, 3.3027224], [-76.4243099, 3.3022552], [-76.424387, 3.3021649], [-76.4244426, 3.3020978], [-76.4244629, 3.3020695], [-76.424479, 3.3020379], [-76.4244873, 3.3019895], [-76.4244703, 3.3019277], [-76.4244281, 3.3018488], [-76.4244317, 3.3018153], [-76.4244431, 3.3017764], [-76.4244616, 3.301745], [-76.4250864, 3.301314], [-76.4270835, 3.2999369], [-76.4287763, 3.2987718], [-76.4288208, 3.2987178], [-76.4288667, 3.2986401], [-76.4290645, 3.2977225], [-76.4290913, 3.2976126], [-76.4291011, 3.2975606], [-76.4291079, 3.2975007], [-76.4290982, 3.2974683], [-76.4290662, 3.2974425], [-76.428694, 3.2972366], [-76.4286329, 3.2971896], [-76.4285651, 3.2971149], [-76.4285257, 3.2970552], [-76.4284492, 3.2968827], [-76.428422, 3.2967928], [-76.4283929, 3.29672]]}}, {"type": "Feature", "properties": {"OBJECTID": 842, "Shape_Leng": 750.51115942, "RUTA": null}, "geometry": {"type": "LineString", "coordinates": [[-76.4342829, 3.3018665], [-76.4331969, 3.300914], [-76.4313578, 3.2992991], [-76.4299159, 3.2980165], [-76.4295844, 3.2977289], [-76.4294722, 3.2976508], [-76.4292636, 3.2975479], [-76.4292458, 3.2975394], [-76.4291402, 3.2974886]]}}, {"type": "Feature", "properties": {"OBJECTID": 844, "Shape_Leng": 855.696009569, "RUTA": null}, "geometry": {"type": "LineString", "coordinates": [[-76.4584808, 3.292109], [-76.4585613, 3.2921199], [-76.458683, 3.2921263], [-76.4588311, 3.2921133], [-76.4589088, 3.2920722], [-76.4589709, 3.2920054], [-76.4590496, 3.2918356], [-76.4591308, 3.2915543], [-76.4598824, 3.2885606], [-76.4601124, 3.2879397], [-76.4602254, 3.2877715], [-76.4603727, 3.2875704], [-76.4615335, 3.2860741], [-76.4618772, 3.285685], [-76.461946, 3.2856071]]}}, {"type": "Feature", "properties": {"OBJECTID": 846, "Shape_Leng": 417.3196437, "RUTA": null}, "geometry": {"type": "LineString", "coordinates": [[-76.412097, 3.2887801], [-76.412273, 3.2888949], [-76.4123452, 3.2889123], [-76.4124303, 3.2889184], [-76.4126456, 3.2889215], [-76.4127757, 3.2889018], [-76.4129245, 3.2888493], [-76.4131025, 3.2887589], [-76.4135535, 3.2884511], [-76.4144167, 3.287832], [-76.4148392, 3.2875773], [-76.415003, 3.2874972], [-76.4151027, 3.2874484], [-76.4151272, 3.2874438], [-76.4151865, 3.2874571], [-76.415219, 3.2874973], [-76.4152218, 3.2875458], [-76.4151726, 3.2876384]]}}, {"type": "Feature", "properties": {"OBJECTID": 847, "Shape_Leng": 587.664503461, "RUTA": null}, "geometry": {"type": "LineString", "coordinates": [[-76.4168092, 3.2865855], [-76.4168033, 3.2866126], [-76.4167731, 3.2866554], [-76.4167091, 3.2866769], [-76.4165738, 3.2866928], [-76.4163386, 3.2867941], [-76.4151493, 3.2873282], [-76.4148155, 3.2874848], [-76.4146066, 3.2876069], [-76.4142256, 3.2878555], [-76.4133954, 3.2884466], [-76.413158, 3.2886143], [-76.412875, 3.2887442], [-76.4127372, 3.2887662], [-76.4126119, 3.2887882], [-76.4125487, 3.2887855], [-76.4124317, 3.2887776], [-76.4123357, 3.2887623], [-76.4122598, 3.2887358], [-76.4121819, 3.2887082], [-76.4121329, 3.288683]]}}, {"type": "Feature", "properties": {"OBJECTID": 848, "Shape_Leng": 1559.29719909, "RUTA": null}, "geometry": {"type": "LineString", "coordinates": [[-76.4108481, 3.3031496], [-76.4107557, 3.3030669], [-76.4107122, 3.3030041], [-76.4107003, 3.3029543], [-76.4107124, 3.3029015], [-76.4107484, 3.3028272], [-76.412077, 3.3008838], [-76.4133256, 3.2990591], [-76.4139583, 3.2981385], [-76.4149793, 3.2966301], [-76.4150069, 3.2966111], [-76.4150323, 3.2966032], [-76.4150524, 3.2965566], [-76.4151124, 3.2964483], [-76.4151881, 3.2963333], [-76.415486, 3.2958553], [-76.4160358, 3.2950428], [-76.4164931, 3.2943771], [-76.4165839, 3.2942534], [-76.4166213, 3.2941895], [-76.4166489, 3.2941336], [-76.4166687, 3.2940799], [-76.4166885, 3.2940017], [-76.4169239, 3.2928259], [-76.4171681, 3.2916702], [-76.4172582, 3.2912596], [-76.4170273, 3.2912077]]}}, {"type": "Feature", "properties": {"OBJECTID": 849, "Shape_Leng": 418.347193881, "RUTA": null}, "geometry": {"type": "LineString", "coordinates": [[-76.4244538, 3.2883221], [-76.4244986, 3.2883509], [-76.424553, 3.2884115], [-76.4245821, 3.2884995], [-76.4249985, 3.2900881], [-76.4254524, 3.2917504], [-76.4254622, 3.2917815], [-76.4254787, 3.2918099], [-76.4254954, 3.2918224], [-76.4255271, 3.2918338], [-76.4255622, 3.2918381], [-76.4255946, 3.2918419]]}}, {"type": "Feature", "properties": {"OBJECTID": 850, "Shape_Leng": 644.683327186, "RUTA": null}, "geometry": {"type": "LineString", "coordinates": [[-76.4256009, 3.2918786], [-76.425572, 3.2918758], [-76.4255221, 3.2918955], [-76.4255063, 3.2919191], [-76.4255138, 3.2919569], [-76.4256843, 3.2925121], [-76.4259033, 3.2933571], [-76.4261124, 3.2940925], [-76.4262127, 3.2943763], [-76.42625, 3.294455], [-76.4262836, 3.2945049], [-76.4270962, 3.2953218], [-76.4277793, 3.2960052], [-76.4282728, 3.2965151], [-76.4282909, 3.2965366], [-76.4283146, 3.296556], [-76.4283305, 3.2965543], [-76.4283385, 3.2965216], [-76.4283304, 3.2964538]]}}, {"type": "Feature", "properties": {"OBJECTID": 851, "Shape_Leng": 2132.25711815, "RUTA": null}, "geometry": {"type": "LineString", "coordinates": [[-76.4283704, 3.2967684], [-76.4283058, 3.2966733], [-76.42814, 3.2964822], [-76.4274357, 3.2957751], [-76.4268708, 3.2952042], [-76.4264014, 3.2947273], [-76.4262671, 3.2945884], [-76.4262004, 3.294493], [-76.426109, 3.2942931], [-76.4256526, 3.2926262], [-76.4255259, 3.292186], [-76.4254055, 3.2917835], [-76.4249383, 3.2901094], [-76.4245219, 3.2885208], [-76.4244862, 3.2884368], [-76.4244279, 3.2883819], [-76.4243424, 3.2883513], [-76.4240414, 3.2883846], [-76.4235882, 3.2884145], [-76.4234564, 3.2884207], [-76.4233625, 3.288403], [-76.4233031, 3.2883841], [-76.4231906, 3.2883402], [-76.4210686, 3.2877907], [-76.4181436, 3.287093], [-76.4170581, 3.2868055], [-76.4169072, 3.2867865], [-76.4168403, 3.286785], [-76.4167311, 3.2867957], [-76.4165752, 3.2868285], [-76.4164509, 3.2868614], [-76.4155443, 3.2872716], [-76.4154403, 3.2873368], [-76.4153991, 3.2874068], [-76.4153411, 3.2874984], [-76.4152252, 3.2876571]]}}, {"type": "Feature", "properties": {"OBJECTID": 852, "Shape_Leng": 37.8845338229, "RUTA": null}, "geometry": {"type": "LineString", "coordinates": [[-76.4283757, 3.2964423], [-76.4284082, 3.2966486], [-76.4284178, 3.2966974], [-76.4284385, 3.2967266], [-76.4284787, 3.2967528]]}}, {"type": "Feature", "properties": {"OBJECTID": 853, "Shape_Leng": 547.219413724, "RUTA": null}, "geometry": {"type": "LineString", "coordinates": [[-76.4244641, 3.2883213], [-76.4245796, 3.288304], [-76.4277352, 3.2878324], [-76.4291862, 3.2876464], [-76.4292155, 3.2876492], [-76.4292563, 3.2876657], [-76.4292889, 3.287702], [-76.4292971, 3.2877327]]}}, {"type": "Feature", "properties": {"OBJECTID": 854, "Shape_Leng": 1434.10435499, "RUTA": null}, "geometry": {"type": "LineString", "coordinates": [[-76.4293862, 3.2873177], [-76.4293318, 3.2873988], [-76.4292838, 3.2874428], [-76.4291883, 3.287491], [-76.4291114, 3.2875119], [-76.4266234, 3.2879008], [-76.4239751, 3.2883063], [-76.4236047, 3.2883359], [-76.4235224, 3.2883322], [-76.4234179, 3.2883199], [-76.4232946, 3.2882857], [-76.4224144, 3.2880313], [-76.4202644, 3.2875058], [-76.4180222, 3.2869458], [-76.4172234, 3.2867408], [-76.4170197, 3.286696], [-76.4169235, 3.286679], [-76.4168968, 3.2866585], [-76.416894, 3.286633], [-76.4169008, 3.2865916]]}}, {"type": "Feature", "properties": {"OBJECTID": 855, "Shape_Leng": 802.418140751, "RUTA": null}, "geometry": {"type": "LineString", "coordinates": [[-76.4294301, 3.2873884], [-76.4294088, 3.2874917], [-76.4294066, 3.2875139], [-76.4294243, 3.2875343], [-76.4294603, 3.2875404], [-76.4296187, 3.2875384], [-76.430024, 3.2875424], [-76.4307709, 3.2876078], [-76.4312267, 3.2876759], [-76.4317772, 3.2877691], [-76.4324774, 3.2879199], [-76.4325651, 3.2879398], [-76.4329958, 3.2880549], [-76.4331808, 3.2881232], [-76.4333106, 3.2881814], [-76.4337868, 3.2884131], [-76.4348819, 3.2889164], [-76.4355176, 3.2891761], [-76.4361725, 3.2893817]]}}, {"type": "Feature", "properties": {"OBJECTID": 856, "Shape_Leng": 801.579921309, "RUTA": null}, "geometry": {"type": "LineString", "coordinates": [[-76.429378, 3.2877338], [-76.4293874, 3.2877138], [-76.4294168, 3.2876604], [-76.4294386, 3.2876285], [-76.4295027, 3.2876107], [-76.4295582, 3.2876096], [-76.430314, 3.2876562], [-76.4310198, 3.2877292], [-76.4313481, 3.2877832], [-76.431951, 3.2878981], [-76.4324942, 3.2880119], [-76.4325721, 3.2880252], [-76.4330028, 3.2881403], [-76.4331878, 3.2882086], [-76.4333177, 3.2882668], [-76.4337939, 3.2884985], [-76.4348889, 3.2890018], [-76.4355246, 3.2892615], [-76.4360799, 3.2894514], [-76.4362091, 3.2894729]]}}, {"type": "Feature", "properties": {"OBJECTID": 858, "Shape_Leng": 190.890294819, "RUTA": null}, "geometry": {"type": "LineString", "coordinates": [[-76.4028695, 3.2886092], [-76.4044365, 3.2893159]]}}, {"type": "Feature", "properties": {"OBJECTID": 859, "Shape_Leng": 1529.33280648, "RUTA": null}, "geometry": {"type": "LineString", "coordinates": [[-76.4352973, 3.2971434], [-76.4350256, 3.2960449], [-76.4345542, 3.294168], [-76.4341227, 3.2923858], [-76.4340912, 3.2923361], [-76.4340433, 3.2922892], [-76.4339799, 3.2922426], [-76.4338948, 3.2922104], [-76.433724, 3.2921659], [-76.4327022, 3.2919477], [-76.4308747, 3.2915037], [-76.4289529, 3.2910505], [-76.4288941, 3.2910259], [-76.4288183, 3.2909898], [-76.4287153, 3.2908954], [-76.4286953, 3.2908046], [-76.428694, 3.2906778], [-76.4287151, 3.2905527], [-76.4289234, 3.2895864], [-76.4292039, 3.2884271], [-76.4293355, 3.2877261]]}}, {"type": "Feature", "properties": {"OBJECTID": 861, "Shape_Leng": 187.702116357, "RUTA": null}, "geometry": {"type": "LineString", "coordinates": [[-76.4494416, 3.28482], [-76.4497976, 3.2864792]]}}, {"type": "Feature", "properties": {"OBJECTID": 862, "Shape_Leng": 317.61130236, "RUTA": null}, "geometry": {"type": "LineString", "coordinates": [[-76.4497976, 3.2864792], [-76.4500229, 3.2874098], [-76.4500109, 3.2875004], [-76.4499778, 3.2875401], [-76.4499033, 3.2875859], [-76.4498374, 3.2875949], [-76.4497739, 3.2875837], [-76.4494653, 3.2874902], [-76.4493679, 3.2874425], [-76.4493151, 3.2873807], [-76.4493156, 3.2873029], [-76.449334, 3.2872304], [-76.4493753, 3.2871425], [-76.4496252, 3.2867377], [-76.4497976, 3.2864792]]}}, {"type": "Feature", "properties": {"OBJECTID": 865, "Shape_Leng": 2316.30688826, "RUTA": null}, "geometry": {"type": "LineString", "coordinates": [[-76.4377327, 3.2897106], [-76.4377524, 3.2897141], [-76.4378391, 3.2897209], [-76.437982, 3.2897195], [-76.4380865, 3.2897123], [-76.4392445, 3.2896465], [-76.4393184, 3.2896564], [-76.4394596, 3.2896725], [-76.4395746, 3.289698], [-76.4399334, 3.2898013], [-76.4405844, 3.2900123], [-76.4409313, 3.2900882], [-76.4416281, 3.2902227], [-76.443714, 3.2905862], [-76.4464186, 3.291071], [-76.447826, 3.2913092], [-76.4479627, 3.2913542], [-76.4480611, 3.2913875], [-76.4481851, 3.2914351], [-76.4485269, 3.2915431], [-76.4486057, 3.2915635], [-76.4487332, 3.2915885], [-76.4489316, 3.2915974], [-76.4491144, 3.2915881], [-76.4492826, 3.2915684], [-76.4494353, 3.2915279], [-76.450772, 3.2910852], [-76.4509633, 3.2910722], [-76.4511705, 3.2910767], [-76.4513588, 3.291101], [-76.453119, 3.29141], [-76.4555909, 3.2917229], [-76.4559475, 3.2917758], [-76.4572447, 3.2919441], [-76.4579704, 3.2920474], [-76.4582129, 3.2920711]]}}, {"type": "Feature", "properties": {"OBJECTID": 869, "Shape_Leng": 1208.03165415, "RUTA": null}, "geometry": {"type": "LineString", "coordinates": [[-76.4342829, 3.3018665], [-76.4353565, 3.3028212], [-76.4364511, 3.3037914], [-76.4368142, 3.3041148], [-76.4368711, 3.3041492], [-76.4369637, 3.3041749], [-76.4370257, 3.3041769], [-76.4370815, 3.3041616], [-76.437066, 3.304042], [-76.4367797, 3.3028777], [-76.4364501, 3.3015995], [-76.4362084, 3.3007571], [-76.4361632, 3.3005982], [-76.4359377, 3.2996851], [-76.4357036, 3.2987555], [-76.4354219, 3.2976137], [-76.4352973, 3.2971434]]}}, {"type": "Feature", "properties": {"OBJECTID": 870, "Shape_Leng": 518.791305824, "RUTA": null}, "geometry": {"type": "LineString", "coordinates": [[-76.4371578, 3.2848116], [-76.4370264, 3.2854673], [-76.4367849, 3.2866441], [-76.4364291, 3.2884342], [-76.4361921, 3.2894007]]}}, {"type": "Feature", "properties": {"OBJECTID": 871, "Shape_Leng": 174.609806442, "RUTA": null}, "geometry": {"type": "LineString", "coordinates": [[-76.4377327, 3.2897106], [-76.4362219, 3.289434], [-76.4361873, 3.2894268]]}}, {"type": "Feature", "properties": {"OBJECTID": 886, "Shape_Leng": 534.703251428, "RUTA": null}, "geometry": {"type": "LineString", "coordinates": [[-76.4388286, 3.1943841], [-76.4388348, 3.1946816], [-76.4388471, 3.1951093], [-76.438926, 3.1954347], [-76.4389986, 3.1956577], [-76.4390412, 3.1959029], [-76.4390645, 3.1962074], [-76.4390802, 3.1963874], [-76.4391328, 3.1964789], [-76.4392299, 3.1965824], [-76.4395107, 3.1967137], [-76.4396378, 3.1967307], [-76.4397852, 3.1967184], [-76.4402786, 3.1966761], [-76.4403587, 3.1966654], [-76.440443, 3.1965994], [-76.4405575, 3.1965058], [-76.4406891, 3.1965113], [-76.4408287, 3.1966061], [-76.4409981, 3.1967392], [-76.4410564, 3.1968777], [-76.4411652, 3.1971185], [-76.4412509, 3.1973002]]}}, {"type": "Feature", "properties": {"OBJECTID": 887, "Shape_Leng": 325.708644743, "RUTA": null}, "geometry": {"type": "LineString", "coordinates": [[-76.4388243, 3.2011997], [-76.4388816, 3.2012187], [-76.4390152, 3.2012358], [-76.4396375, 3.2012754], [-76.4397105, 3.2012647], [-76.4398047, 3.2012236], [-76.4399284, 3.201159], [-76.4401526, 3.2010237], [-76.4404554, 3.2007786], [-76.4405556, 3.2007251], [-76.4406099, 3.2007188], [-76.4406975, 3.2007295], [-76.4407751, 3.2007424], [-76.4411089, 3.2008295], [-76.4411825, 3.2008426], [-76.4412312, 3.2008418], [-76.4413064, 3.2008345], [-76.441368, 3.2008233], [-76.4415676, 3.2007805]]}}, {"type": "Feature", "properties": {"OBJECTID": 889, "Shape_Leng": 316.094610984, "RUTA": null}, "geometry": {"type": "LineString", "coordinates": [[-76.4415676, 3.2007805], [-76.4417353, 3.2007564], [-76.4418479, 3.2007836], [-76.4419667, 3.2008499], [-76.4421607, 3.2009697], [-76.4422954, 3.2009871], [-76.4424417, 3.2009686], [-76.442595, 3.200962], [-76.442802, 3.2010034], [-76.4430091, 3.2010938], [-76.4431144, 3.2011942], [-76.4432258, 3.2013936], [-76.4432861, 3.201466], [-76.4433701, 3.2015223], [-76.4434739, 3.2015431], [-76.4436079, 3.2015054], [-76.4437144, 3.2015067], [-76.4437742, 3.2015518], [-76.4438624, 3.2016431], [-76.4439997, 3.2017906]]}}, {"type": "Feature", "properties": {"OBJECTID": 890, "Shape_Leng": 708.374980427, "RUTA": null}, "geometry": {"type": "LineString", "coordinates": [[-76.4436392, 3.2067639], [-76.4434949, 3.2067226], [-76.4434632, 3.2067087], [-76.4434069, 3.2066717], [-76.4433529, 3.2066098], [-76.4433285, 3.2065375], [-76.4433182, 3.2064269], [-76.4433431, 3.20618], [-76.4433496, 3.2060628], [-76.4433417, 3.2059482], [-76.4433653, 3.2058097], [-76.4434128, 3.2056411], [-76.4435389, 3.2053012], [-76.4436291, 3.2051652], [-76.4437031, 3.2050425], [-76.4437858, 3.2048809], [-76.4438216, 3.2047531], [-76.4438625, 3.2044745], [-76.4438942, 3.2042787], [-76.4439181, 3.2041985], [-76.443965, 3.2040593], [-76.4440041, 3.2039651], [-76.4441423, 3.2037429], [-76.4444028, 3.2033964], [-76.444505, 3.2032546], [-76.4445868, 3.2030955], [-76.4446569, 3.202995], [-76.4447262, 3.2029129], [-76.4448381, 3.2028247], [-76.4449448, 3.2027752], [-76.4450757, 3.2027235], [-76.4451284, 3.2026713], [-76.4451533, 3.2025657], [-76.4451182, 3.202476], [-76.4450283, 3.202381], [-76.4447901, 3.2022365], [-76.4445731, 3.2021387], [-76.4444541, 3.2020869], [-76.4443426, 3.2020288], [-76.4442293, 3.2019681], [-76.4441187, 3.2018932], [-76.4439997, 3.2017906]]}}, {"type": "Feature", "properties": {"OBJECTID": 891, "Shape_Leng": 1061.2403937, "RUTA": null}, "geometry": {"type": "LineString", "coordinates": [[-76.4452501, 3.2157341], [-76.4452392, 3.2155823], [-76.4452327, 3.2155285], [-76.4452145, 3.2154422], [-76.4450501, 3.2148699], [-76.44493, 3.2142687], [-76.4448912, 3.2141354], [-76.4448422, 3.2140207], [-76.4447844, 3.2139618], [-76.444681, 3.213879], [-76.4446003, 3.2138106], [-76.4444816, 3.2137272], [-76.4444236, 3.2136277], [-76.4443895, 3.2135039], [-76.4443777, 3.2133133], [-76.4443527, 3.2132083], [-76.4442897, 3.2130933], [-76.4442096, 3.2129762], [-76.4440891, 3.212762], [-76.4440549, 3.2126774], [-76.4440423, 3.2125395], [-76.4440248, 3.2124174], [-76.4440153, 3.2121066], [-76.4439442, 3.2116218], [-76.4438972, 3.2114636], [-76.4438384, 3.2112494], [-76.4437882, 3.2109785], [-76.4437907, 3.2107903], [-76.443792, 3.2105917], [-76.4438016, 3.2104343], [-76.4438329, 3.2102902], [-76.443857, 3.2101884], [-76.4439826, 3.2097499], [-76.444041, 3.2095823], [-76.4441028, 3.2094416], [-76.4441579, 3.2093457], [-76.4442134, 3.2091907], [-76.4442305, 3.2090777], [-76.4442655, 3.2084826], [-76.4442532, 3.2083855], [-76.4442259, 3.2082709], [-76.4441988, 3.2081795], [-76.4440576, 3.2077959], [-76.4439748, 3.2075308], [-76.4439644, 3.2074223], [-76.4439255, 3.2071197], [-76.4439105, 3.2070187], [-76.4438843, 3.2069347], [-76.4438476, 3.206879], [-76.443783, 3.2068228], [-76.4437059, 3.2067783], [-76.4436392, 3.2067639]]}}, {"type": "Feature", "properties": {"OBJECTID": 892, "Shape_Leng": 613.012935663, "RUTA": null}, "geometry": {"type": "LineString", "coordinates": [[-76.4432959, 3.2206913], [-76.4433092, 3.2202932], [-76.4433273, 3.2200221], [-76.4433417, 3.2199325], [-76.4433563, 3.2198435], [-76.443373, 3.219756], [-76.4438421, 3.2180988], [-76.4439306, 3.2178524], [-76.4439839, 3.2177356], [-76.444084, 3.2175647], [-76.4441887, 3.2174582], [-76.4444997, 3.2171558], [-76.4445503, 3.2170843], [-76.4446219, 3.2169381], [-76.4448455, 3.2164552], [-76.44488, 3.2164017], [-76.4449468, 3.2163568], [-76.4451555, 3.2162399], [-76.4452247, 3.2161502], [-76.445267, 3.2160368], [-76.4452738, 3.2159368], [-76.4452501, 3.2157341]]}}, {"type": "Feature", "properties": {"OBJECTID": 894, "Shape_Leng": 63.7951455568, "RUTA": null}, "geometry": {"type": "LineString", "coordinates": [[-76.3123627, 3.225935], [-76.3129355, 3.2259711]]}}, {"type": "Feature", "properties": {"OBJECTID": 895, "Shape_Leng": 188.638431817, "RUTA": null}, "geometry": {"type": "LineString", "coordinates": [[-76.3911725, 3.1932396], [-76.3909778, 3.1933619], [-76.3901663, 3.194068], [-76.3898895, 3.19435]]}}, {"type": "Feature", "properties": {"OBJECTID": 912, "Shape_Leng": 30.0663000715, "RUTA": null}, "geometry": {"type": "LineString", "coordinates": [[-76.4584808, 3.292109], [-76.4582129, 3.2920711]]}}, {"type": "Feature", "properties": {"OBJECTID": 913, "Shape_Leng": 4.03450241961, "RUTA": null}, "geometry": {"type": "LineString", "coordinates": [[-76.4479423, 3.2913858], [-76.447953, 3.291351]]}}, {"type": "Feature", "properties": {"OBJECTID": 917, "Shape_Leng": 2.93805105474, "RUTA": null}, "geometry": {"type": "LineString", "coordinates": [[-76.4361921, 3.2894007], [-76.4361873, 3.2894268]]}}, {"type": "Feature", "properties": {"OBJECTID": 918, "Shape_Leng": 5.1768779202, "RUTA": null}, "geometry": {"type": "LineString", "coordinates": [[-76.4291402, 3.2974886], [-76.4290982, 3.2974683]]}}, {"type": "Feature", "properties": {"OBJECTID": 924, "Shape_Leng": 0.549149792665, "RUTA": null}, "geometry": {"type": "LineString", "coordinates": [[-76.4121329, 3.288683], [-76.4121285, 3.2886809]]}}, {"type": "Feature", "properties": {"OBJECTID": 925, "Shape_Leng": 3.37803927803, "RUTA": null}, "geometry": {"type": "LineString", "coordinates": [[-76.412097, 3.2887801], [-76.4120716, 3.2887633]]}}, {"type": "Feature", "properties": {"OBJECTID": 926, "Shape_Leng": 2.61630770372, "RUTA": null}, "geometry": {"type": "LineString", "coordinates": [[-76.4120766, 3.2887155], [-76.4120971, 3.2887271]]}}, {"type": "Feature", "properties": {"OBJECTID": 935, "Shape_Leng": 1.5246716943, "RUTA": null}, "geometry": {"type": "LineString", "coordinates": [[-76.4513863, 3.2504028], [-76.4513987, 3.250397]]}}, {"type": "Feature", "properties": {"OBJECTID": 936, "Shape_Leng": 2.53389008443, "RUTA": null}, "geometry": {"type": "LineString", "coordinates": [[-76.436439, 3.2556728], [-76.4364173, 3.2556796]]}}, {"type": "Feature", "properties": {"OBJECTID": 937, "Shape_Leng": 53.2786423568, "RUTA": null}, "geometry": {"type": "LineString", "coordinates": [[-76.4348528, 3.2530742], [-76.4347948, 3.253434], [-76.4347832, 3.2535101], [-76.4347699, 3.2535482]]}}, {"type": "Feature", "properties": {"OBJECTID": 938, "Shape_Leng": 0.541381656358, "RUTA": null}, "geometry": {"type": "LineString", "coordinates": [[-76.4520614, 3.2433049], [-76.4520574, 3.2433021]]}}, {"type": "Feature", "properties": {"OBJECTID": 939, "Shape_Leng": 4.51077997691, "RUTA": null}, "geometry": {"type": "LineString", "coordinates": [[-76.4505993, 3.2395072], [-76.4505836, 3.2394696]]}}, {"type": "Feature", "properties": {"OBJECTID": 940, "Shape_Leng": 7.34516076334, "RUTA": null}, "geometry": {"type": "LineString", "coordinates": [[-76.4223934, 3.2321107], [-76.42235, 3.2320606]]}}, {"type": "Feature", "properties": {"OBJECTID": 941, "Shape_Leng": 0.506230288578, "RUTA": null}, "geometry": {"type": "LineString", "coordinates": [[-76.4425512, 3.2637613], [-76.4425545, 3.2637581]]}}, {"type": "Feature", "properties": {"OBJECTID": 942, "Shape_Leng": 1283.37899069, "RUTA": null}, "geometry": {"type": "LineString", "coordinates": [[-76.4413207, 3.2622407], [-76.4411547, 3.262416], [-76.440744, 3.2628729], [-76.4404737, 3.2630738], [-76.4394593, 3.2636862], [-76.4378609, 3.2646849], [-76.437808, 3.2647213], [-76.4377566, 3.2647609], [-76.4377387, 3.2647989], [-76.4374817, 3.2651298], [-76.436358, 3.2666362], [-76.4352398, 3.2681214], [-76.4338263, 3.2699857], [-76.4334354, 3.2705013]]}}, {"type": "Feature", "properties": {"OBJECTID": 943, "Shape_Leng": 2.38655931491, "RUTA": null}, "geometry": {"type": "LineString", "coordinates": [[-76.4413207, 3.2622407], [-76.4413364, 3.2622259]]}}, {"type": "Feature", "properties": {"OBJECTID": 944, "Shape_Leng": 1383.75058697, "RUTA": null}, "geometry": {"type": "LineString", "coordinates": [[-76.4230854, 3.2584086], [-76.4260106, 3.257266], [-76.4280111, 3.2564577], [-76.4314745, 3.2551384], [-76.4344511, 3.2539357], [-76.4346602, 3.2538108]]}}, {"type": "Feature", "properties": {"OBJECTID": 945, "Shape_Leng": 7.78427776483, "RUTA": null}, "geometry": {"type": "LineString", "coordinates": [[-76.4138199, 3.2633477], [-76.4138101, 3.2634004], [-76.4138169, 3.2634157]]}}, {"type": "Feature", "properties": {"OBJECTID": 946, "Shape_Leng": 4.02238236402, "RUTA": null}, "geometry": {"type": "LineString", "coordinates": [[-76.3932227, 3.2790121], [-76.3932073, 3.2790451]]}}, {"type": "Feature", "properties": {"OBJECTID": 953, "Shape_Leng": 4.33102672675, "RUTA": null}, "geometry": {"type": "LineString", "coordinates": [[-76.4347699, 3.2535482], [-76.4347483, 3.2535808]]}}, {"type": "Feature", "properties": {"OBJECTID": 954, "Shape_Leng": 0.0180623490201, "RUTA": null}, "geometry": {"type": "LineString", "coordinates": [[-76.4347483, 3.2535808], [-76.4347482, 3.2535809]]}}, {"type": "Feature", "properties": {"OBJECTID": 955, "Shape_Leng": 0.000396153155244, "RUTA": null}, "geometry": {"type": "LineString", "coordinates": [[-76.4561226, 3.2515552], [-76.4561226, 3.2515552]]}}, {"type": "Feature", "properties": {"OBJECTID": 956, "Shape_Leng": 2.82493533689, "RUTA": null}, "geometry": {"type": "LineString", "coordinates": [[-76.4346219, 3.2539175], [-76.4346457, 3.2539086]]}}, {"type": "Feature", "properties": {"OBJECTID": 957, "Shape_Leng": 0.066800415768, "RUTA": null}, "geometry": {"type": "LineString", "coordinates": [[-76.4346457, 3.2539086], [-76.4346463, 3.2539084]]}}, {"type": "Feature", "properties": {"OBJECTID": 969, "Shape_Leng": 4.55859443734, "RUTA": null}, "geometry": {"type": "LineString", "coordinates": [[-76.3322558, 3.2632987], [-76.3322938, 3.2633144]]}}, {"type": "Feature", "properties": {"OBJECTID": 970, "Shape_Leng": 4.63227289975, "RUTA": null}, "geometry": {"type": "LineString", "coordinates": [[-76.3317367, 3.2645979], [-76.3316966, 3.2645865]]}}, {"type": "Feature", "properties": {"OBJECTID": 971, "Shape_Leng": 22.8601435741, "RUTA": null}, "geometry": {"type": "LineString", "coordinates": [[-76.3329351, 3.2648646], [-76.3331369, 3.2649048]]}}, {"type": "Feature", "properties": {"OBJECTID": 972, "Shape_Leng": 25.0604434147, "RUTA": null}, "geometry": {"type": "LineString", "coordinates": [[-76.3311809, 3.2656849], [-76.3311125, 3.2659008]]}}, {"type": "Feature", "properties": {"OBJECTID": 973, "Shape_Leng": 288.982670099, "RUTA": null}, "geometry": {"type": "LineString", "coordinates": [[-76.3253769, 3.277803], [-76.3250298, 3.2783938], [-76.3247619, 3.2787041], [-76.3247112, 3.2787536], [-76.3241617, 3.2790586], [-76.3241078, 3.2790849], [-76.3237192, 3.2791944], [-76.3233777, 3.2792544]]}}, {"type": "Feature", "properties": {"OBJECTID": 974, "Shape_Leng": 1982.90452572, "RUTA": null}, "geometry": {"type": "LineString", "coordinates": [[-76.3354088, 3.2652735], [-76.3344322, 3.2651039], [-76.3331369, 3.2649048], [-76.3327564, 3.2649042], [-76.3323816, 3.2649632], [-76.3323741, 3.264965], [-76.332047, 3.2650719], [-76.3317429, 3.2652334], [-76.3317409, 3.2652347], [-76.3314254, 3.2654981], [-76.3312071, 3.2657342], [-76.3311125, 3.2659008], [-76.3308502, 3.2663676], [-76.3304917, 3.2671148], [-76.3298353, 3.2684845], [-76.3286685, 3.2709249], [-76.326474, 3.2755307], [-76.3258703, 3.2767648], [-76.3253769, 3.277803]]}}, {"type": "Feature", "properties": {"OBJECTID": 987, "Shape_Leng": 2.70226756627, "RUTA": null}, "geometry": {"type": "LineString", "coordinates": [[-76.3364035, 3.2654463], [-76.3363795, 3.2654422]]}}, {"type": "Feature", "properties": {"OBJECTID": 988, "Shape_Leng": 112.197258491, "RUTA": null}, "geometry": {"type": "LineString", "coordinates": [[-76.3364035, 3.2654463], [-76.3354088, 3.2652735]]}}, {"type": "Feature", "properties": {"OBJECTID": 992, "Shape_Leng": 1399.36030845, "RUTA": null}, "geometry": {"type": "LineString", "coordinates": [[-76.3395214, 3.265988], [-76.340857, 3.2662181], [-76.3449532, 3.2669507], [-76.3482263, 3.2675002], [-76.3487125, 3.2675897], [-76.3488037, 3.2676148], [-76.3489228, 3.2676476], [-76.3515359, 3.2684415], [-76.3518376, 3.2685279]]}}, {"type": "Feature", "properties": {"OBJECTID": 993, "Shape_Leng": 351.693171712, "RUTA": null}, "geometry": {"type": "LineString", "coordinates": [[-76.3395214, 3.265988], [-76.3364035, 3.2654463]]}}, {"type": "Feature", "properties": {"OBJECTID": 996, "Shape_Leng": 6.03828925423, "RUTA": null}, "geometry": {"type": "LineString", "coordinates": [[-76.3184068, 3.2726951], [-76.3184174, 3.2727486]]}}, {"type": "Feature", "properties": {"OBJECTID": 997, "Shape_Leng": 5.67937583296, "RUTA": null}, "geometry": {"type": "LineString", "coordinates": [[-76.3233777, 3.2792544], [-76.3233271, 3.2792613]]}}, {"type": "Feature", "properties": {"OBJECTID": 998, "Shape_Leng": 9.15862123547, "RUTA": null}, "geometry": {"type": "LineString", "coordinates": [[-76.3063765, 3.2865945], [-76.3063662, 3.2865545], [-76.3063507, 3.2865161]]}}, {"type": "Feature", "properties": {"OBJECTID": 999, "Shape_Leng": 13.5073918898, "RUTA": null}, "geometry": {"type": "LineString", "coordinates": [[-76.302903, 3.2834986], [-76.3028081, 3.2834223]]}}, {"type": "Feature", "properties": {"OBJECTID": 1000, "Shape_Leng": 2.40091858335, "RUTA": null}, "geometry": {"type": "LineString", "coordinates": [[-76.3202511, 3.2568921], [-76.3202487, 3.2569137]]}}, {"type": "Feature", "properties": {"OBJECTID": 1001, "Shape_Leng": 3.8817547471, "RUTA": null}, "geometry": {"type": "LineString", "coordinates": [[-76.3089443, 3.2570266], [-76.3089448, 3.2569915]]}}, {"type": "Feature", "properties": {"OBJECTID": 1002, "Shape_Leng": 7.63824502678, "RUTA": null}, "geometry": {"type": "LineString", "coordinates": [[-76.3085761, 3.257025], [-76.3085127, 3.2569984]]}}, {"type": "Feature", "properties": {"OBJECTID": 1003, "Shape_Leng": 6.03007204099, "RUTA": null}, "geometry": {"type": "LineString", "coordinates": [[-76.3056668, 3.2569895], [-76.305668, 3.257044]]}}, {"type": "Feature", "properties": {"OBJECTID": 1004, "Shape_Leng": 20.0640937265, "RUTA": null}, "geometry": {"type": "LineString", "coordinates": [[-76.3050007, 3.2570071], [-76.3048267, 3.2570552]]}}, {"type": "Feature", "properties": {"OBJECTID": 1005, "Shape_Leng": 5.18338601152, "RUTA": null}, "geometry": {"type": "LineString", "coordinates": [[-76.2878224, 3.2574267], [-76.2878483, 3.2573877]]}}, {"type": "Feature", "properties": {"OBJECTID": 1006, "Shape_Leng": 5.97976348075, "RUTA": null}, "geometry": {"type": "LineString", "coordinates": [[-76.2834221, 3.2575636], [-76.2833825, 3.2576003]]}}, {"type": "Feature", "properties": {"OBJECTID": 1007, "Shape_Leng": 42.1210919809, "RUTA": null}, "geometry": {"type": "LineString", "coordinates": [[-76.3215941, 3.2407216], [-76.3216276, 3.2403422]]}}, {"type": "Feature", "properties": {"OBJECTID": 1008, "Shape_Leng": 0.926115582218, "RUTA": null}, "geometry": {"type": "LineString", "coordinates": [[-76.3069282, 3.2394999], [-76.3069298, 3.2394917]]}}, {"type": "Feature", "properties": {"OBJECTID": 1009, "Shape_Leng": 3.44405956622, "RUTA": null}, "geometry": {"type": "LineString", "coordinates": [[-76.3066716, 3.2394997], [-76.3066555, 3.2394731]]}}, {"type": "Feature", "properties": {"OBJECTID": 1010, "Shape_Leng": 0.0543433710105, "RUTA": null}, "geometry": {"type": "LineString", "coordinates": [[-76.306353, 3.2467613], [-76.3063525, 3.2467613]]}}, {"type": "Feature", "properties": {"OBJECTID": 1011, "Shape_Leng": 0.507028255493, "RUTA": null}, "geometry": {"type": "LineString", "coordinates": [[-76.3062831, 3.2467566], [-76.3062876, 3.2467568]]}}, {"type": "Feature", "properties": {"OBJECTID": 1012, "Shape_Leng": 4.62713640697, "RUTA": null}, "geometry": {"type": "LineString", "coordinates": [[-76.286195, 3.2455638], [-76.2861536, 3.2455595]]}}, {"type": "Feature", "properties": {"OBJECTID": 1013, "Shape_Leng": 4.03668547724, "RUTA": null}, "geometry": {"type": "LineString", "coordinates": [[-76.2808985, 3.2751874], [-76.2809331, 3.2751985]]}}, {"type": "Feature", "properties": {"OBJECTID": 1016, "Shape_Leng": 0.0276911232693, "RUTA": null}, "geometry": {"type": "LineString", "coordinates": [[-76.4388243, 3.2011997], [-76.4388241, 3.2011997]]}}, {"type": "Feature", "properties": {"OBJECTID": 1017, "Shape_Leng": 3.8974375035, "RUTA": null}, "geometry": {"type": "LineString", "coordinates": [[-76.4451711, 3.2026428], [-76.4451374, 3.2026333]]}}, {"type": "Feature", "properties": {"OBJECTID": 1018, "Shape_Leng": 5.63587049949, "RUTA": null}, "geometry": {"type": "LineString", "coordinates": [[-76.4512976, 3.2013821], [-76.4513409, 3.2013555]]}}, {"type": "Feature", "properties": {"OBJECTID": 1021, "Shape_Leng": 1719.94905551, "RUTA": null}, "geometry": {"type": "LineString", "coordinates": [[-76.4521339, 3.2064568], [-76.4521585, 3.2064395], [-76.4522295, 3.206426], [-76.4538858, 3.2063885], [-76.4556956, 3.2063636], [-76.4579103, 3.2063277], [-76.4595877, 3.2062344], [-76.4614387, 3.2061401], [-76.4625922, 3.2060826], [-76.4626635, 3.2060699], [-76.4627572, 3.2060494], [-76.4638842, 3.2059898], [-76.464602, 3.2059774], [-76.4647854, 3.205972], [-76.4650525, 3.2059359], [-76.4654974, 3.2059055], [-76.4661776, 3.2058602], [-76.4671393, 3.2058183], [-76.4675825, 3.2058023]]}}, {"type": "Feature", "properties": {"OBJECTID": 1023, "Shape_Leng": 6.69466466626, "RUTA": null}, "geometry": {"type": "LineString", "coordinates": [[-76.4513016, 3.2075204], [-76.4512634, 3.2075671]]}}, {"type": "Feature", "properties": {"OBJECTID": 1024, "Shape_Leng": 7.06248695575, "RUTA": null}, "geometry": {"type": "LineString", "coordinates": [[-76.4506222, 3.2091272], [-76.4505597, 3.2091157]]}}, {"type": "Feature", "properties": {"OBJECTID": 1025, "Shape_Leng": 4.23071580373, "RUTA": null}, "geometry": {"type": "LineString", "coordinates": [[-76.4438733, 3.2102847], [-76.4438361, 3.2102769]]}}, {"type": "Feature", "properties": {"OBJECTID": 1026, "Shape_Leng": 5.22744007802, "RUTA": null}, "geometry": {"type": "LineString", "coordinates": [[-76.4438026, 3.210243], [-76.4438363, 3.2102759]]}}, {"type": "Feature", "properties": {"OBJECTID": 1027, "Shape_Leng": 4.53540156741, "RUTA": null}, "geometry": {"type": "LineString", "coordinates": [[-76.4287225, 3.2150972], [-76.4286912, 3.2150709]]}}, {"type": "Feature", "properties": {"OBJECTID": 1035, "Shape_Leng": 1.70372096574, "RUTA": null}, "geometry": {"type": "LineString", "coordinates": [[-76.455261, 3.2191135], [-76.4552473, 3.2191066]]}}, {"type": "Feature", "properties": {"OBJECTID": 1036, "Shape_Leng": 2.45585606256, "RUTA": null}, "geometry": {"type": "LineString", "coordinates": [[-76.4558424, 3.2188058], [-76.4558268, 3.2188216]]}}, {"type": "Feature", "properties": {"OBJECTID": 1040, "Shape_Leng": 3.73552513051, "RUTA": null}, "geometry": {"type": "LineString", "coordinates": [[-76.4583113, 3.2327327], [-76.4582929, 3.232761]]}}, {"type": "Feature", "properties": {"OBJECTID": 1041, "Shape_Leng": 5.80216934199, "RUTA": null}, "geometry": {"type": "LineString", "coordinates": [[-76.4475883, 3.235936], [-76.4475364, 3.2359308]]}}, {"type": "Feature", "properties": {"OBJECTID": 1042, "Shape_Leng": 3.71097669088, "RUTA": null}, "geometry": {"type": "LineString", "coordinates": [[-76.4432843, 3.2317179], [-76.4432533, 3.2317302]]}}, {"type": "Feature", "properties": {"OBJECTID": 1049, "Shape_Leng": 0.114964572396, "RUTA": null}, "geometry": {"type": "LineString", "coordinates": [[-76.4412509, 3.1973002], [-76.4412513, 3.1973011]]}}, {"type": "Feature", "properties": {"OBJECTID": 1050, "Shape_Leng": 2241.45953028, "RUTA": null}, "geometry": {"type": "LineString", "coordinates": [[-76.4251568, 3.195102], [-76.4251636, 3.1954244], [-76.4252045, 3.1955622], [-76.4252791, 3.1956941], [-76.425479, 3.1959016], [-76.4255443, 3.196015], [-76.4255957, 3.1961764], [-76.4255943, 3.1962874], [-76.4255592, 3.1963793], [-76.4254887, 3.196468], [-76.4252091, 3.1966846], [-76.4250761, 3.1968267], [-76.425005, 3.196942], [-76.4249616, 3.1970678], [-76.4249257, 3.197224], [-76.4248757, 3.1973541], [-76.4245722, 3.1980131], [-76.4244659, 3.1983321], [-76.4244024, 3.1985708], [-76.4243588, 3.1986943], [-76.4243161, 3.1988077], [-76.4242616, 3.1989455], [-76.4242319, 3.1990217], [-76.4242156, 3.1990813], [-76.4242065, 3.1991798], [-76.4242245, 3.1992905], [-76.4242792, 3.1996608], [-76.4242912, 3.1998515], [-76.4242683, 3.1999939], [-76.42424, 3.2001742], [-76.4242367, 3.2003127], [-76.4242592, 3.2004661], [-76.4242949, 3.2006241], [-76.4244733, 3.2014896], [-76.4245352, 3.2016645], [-76.4246544, 3.2019589], [-76.4249255, 3.2024811], [-76.4249755, 3.2026058], [-76.4250207, 3.2027697], [-76.4251491, 3.2031589], [-76.4252218, 3.2033439], [-76.4252816, 3.2034754], [-76.4253788, 3.2036189], [-76.4256477, 3.2039503], [-76.425774, 3.2040773], [-76.4258788, 3.2041909], [-76.4259676, 3.2043258], [-76.4260402, 3.2044799], [-76.4261141, 3.2046951], [-76.4261411, 3.2048143], [-76.4261947, 3.2049748], [-76.4263189, 3.2051418], [-76.4266592, 3.2053425], [-76.426762, 3.2054389], [-76.4268505, 3.2056203], [-76.4268662, 3.2057799], [-76.4268671, 3.2059397], [-76.4268488, 3.2063431], [-76.4268491, 3.2064939], [-76.4268764, 3.206611], [-76.4269545, 3.206815], [-76.4270447, 3.2070837], [-76.4271321, 3.207394], [-76.427214, 3.2077784], [-76.4272876, 3.2079136], [-76.4273602, 3.2080272], [-76.4274588, 3.2081598], [-76.4276061, 3.2083559], [-76.4277822, 3.2086352], [-76.4278767, 3.2087952], [-76.4279707, 3.2089369], [-76.428064, 3.2090546], [-76.4281581, 3.2091693], [-76.4285032, 3.2094763], [-76.4286524, 3.2095736], [-76.4288436, 3.2096478], [-76.4290272, 3.2097183], [-76.4291949, 3.2098175], [-76.4293186, 3.2099427], [-76.4294583, 3.2101011], [-76.4295884, 3.210283], [-76.4299303, 3.2107019], [-76.4300576, 3.2108834], [-76.4301536, 3.2110902], [-76.4301858, 3.2112723], [-76.4301752, 3.2114261], [-76.4301602, 3.2116825], [-76.430141, 3.2118863], [-76.4301398, 3.2120786], [-76.4301541, 3.2122668], [-76.4301785, 3.2125156], [-76.4302097, 3.2126548], [-76.4302395, 3.2127691]]}}, {"type": "Feature", "properties": {"OBJECTID": 1051, "Shape_Leng": 0.791893574142, "RUTA": null}, "geometry": {"type": "LineString", "coordinates": [[-76.4302395, 3.2127691], [-76.4302413, 3.212776]]}}, {"type": "Feature", "properties": {"OBJECTID": 1052, "Shape_Leng": 3.52651347465, "RUTA": null}, "geometry": {"type": "LineString", "coordinates": [[-76.427222, 3.2137485], [-76.4272027, 3.2137738]]}}, {"type": "Feature", "properties": {"OBJECTID": 1053, "Shape_Leng": 78.1030761293, "RUTA": null}, "geometry": {"type": "LineString", "coordinates": [[-76.4029331, 3.1991467], [-76.4023622, 3.1988422], [-76.4023121, 3.1988161]]}}, {"type": "Feature", "properties": {"OBJECTID": 1054, "Shape_Leng": 781.212898761, "RUTA": null}, "geometry": {"type": "LineString", "coordinates": [[-76.4090139, 3.2026662], [-76.4087048, 3.202417], [-76.4080913, 3.20203], [-76.4066745, 3.2011486], [-76.4061296, 3.2007938], [-76.405206, 3.2003177], [-76.4042398, 3.1998285], [-76.4035921, 3.199492], [-76.4031484, 3.1992615], [-76.4029331, 3.1991467]]}}, {"type": "Feature", "properties": {"OBJECTID": 1055, "Shape_Leng": 484.211209045, "RUTA": null}, "geometry": {"type": "LineString", "coordinates": [[-76.3866402, 3.185651], [-76.3851193, 3.1852842], [-76.3826638, 3.1848937], [-76.3825401, 3.1848484], [-76.3823777, 3.1847848]]}}, {"type": "Feature", "properties": {"OBJECTID": 1070, "Shape_Leng": 5.12420765137, "RUTA": null}, "geometry": {"type": "LineString", "coordinates": [[-76.3376586, 3.2118834], [-76.3376852, 3.2119212]]}}, {"type": "Feature", "properties": {"OBJECTID": 1071, "Shape_Leng": 289.104563695, "RUTA": null}, "geometry": {"type": "LineString", "coordinates": [[-76.3599201, 3.203436], [-76.3598944, 3.2034058], [-76.3599908, 3.2031384], [-76.3607583, 3.2009821]]}}, {"type": "Feature", "properties": {"OBJECTID": 1072, "Shape_Leng": 7.58754659664, "RUTA": null}, "geometry": {"type": "LineString", "coordinates": [[-76.3599201, 3.203436], [-76.3599648, 3.2034878]]}}, {"type": "Feature", "properties": {"OBJECTID": 1078, "Shape_Leng": 4.2462321411, "RUTA": null}, "geometry": {"type": "LineString", "coordinates": [[-76.3733341, 3.2022093], [-76.3733547, 3.2022417]]}}, {"type": "Feature", "properties": {"OBJECTID": 1079, "Shape_Leng": 3.59200837424, "RUTA": null}, "geometry": {"type": "LineString", "coordinates": [[-76.3797457, 3.1989051], [-76.3797307, 3.1989339]]}}, {"type": "Feature", "properties": {"OBJECTID": 1080, "Shape_Leng": 4.06136984294, "RUTA": null}, "geometry": {"type": "LineString", "coordinates": [[-76.3817501, 3.1951311], [-76.3817671, 3.1950985]]}}, {"type": "Feature", "properties": {"OBJECTID": 1081, "Shape_Leng": 4.83301291306, "RUTA": null}, "geometry": {"type": "LineString", "coordinates": [[-76.3875144, 3.1958748], [-76.3875326, 3.1958352]]}}, {"type": "Feature", "properties": {"OBJECTID": 1082, "Shape_Leng": 4.05749343453, "RUTA": null}, "geometry": {"type": "LineString", "coordinates": [[-76.2865982, 3.2382087], [-76.2865959, 3.2382453]]}}, {"type": "Feature", "properties": {"OBJECTID": 1083, "Shape_Leng": 2.39098577984, "RUTA": null}, "geometry": {"type": "LineString", "coordinates": [[-76.2870321, 3.2309652], [-76.2870106, 3.2309639]]}}, {"type": "Feature", "properties": {"OBJECTID": 1084, "Shape_Leng": 4.40861796433, "RUTA": null}, "geometry": {"type": "LineString", "coordinates": [[-76.3106968, 3.2250951], [-76.3106667, 3.2251209]]}}, {"type": "Feature", "properties": {"OBJECTID": 1086, "Shape_Leng": 3.63904451747, "RUTA": null}, "geometry": {"type": "LineString", "coordinates": [[-76.3078271, 3.2235954], [-76.3078076, 3.2236218]]}}, {"type": "Feature", "properties": {"OBJECTID": 1087, "Shape_Leng": 3.88864167338, "RUTA": null}, "geometry": {"type": "LineString", "coordinates": [[-76.3050879, 3.2233816], [-76.3050838, 3.2234165]]}}, {"type": "Feature", "properties": {"OBJECTID": 1090, "Shape_Leng": 4.42146785594, "RUTA": null}, "geometry": {"type": "LineString", "coordinates": [[-76.2818552, 3.2223627], [-76.2818749, 3.2223975]]}}, {"type": "Feature", "properties": {"OBJECTID": 1091, "Shape_Leng": 7.20829239267, "RUTA": null}, "geometry": {"type": "LineString", "coordinates": [[-76.2797534, 3.2230951], [-76.2796891, 3.2230867]]}}, {"type": "Feature", "properties": {"OBJECTID": 1092, "Shape_Leng": 3.96175795457, "RUTA": null}, "geometry": {"type": "LineString", "coordinates": [[-76.2797707, 3.2232159], [-76.2797851, 3.2232487]]}}, {"type": "Feature", "properties": {"OBJECTID": 1093, "Shape_Leng": 2.28434589594, "RUTA": null}, "geometry": {"type": "LineString", "coordinates": [[-76.268457, 3.2251179], [-76.2684389, 3.2251278]]}}, {"type": "Feature", "properties": {"OBJECTID": 1095, "Shape_Leng": 6.57081037607, "RUTA": null}, "geometry": {"type": "LineString", "coordinates": [[-76.2831928, 3.1953444], [-76.283251, 3.1953546]]}}, {"type": "Feature", "properties": {"OBJECTID": 1096, "Shape_Leng": 2.57308708605, "RUTA": null}, "geometry": {"type": "LineString", "coordinates": [[-76.2706263, 3.193187], [-76.2706243, 3.1932102]]}}, {"type": "Feature", "properties": {"OBJECTID": 1097, "Shape_Leng": 2.39326344702, "RUTA": null}, "geometry": {"type": "LineString", "coordinates": [[-76.331442, 3.1947901], [-76.3314629, 3.1947955]]}}, {"type": "Feature", "properties": {"OBJECTID": 1099, "Shape_Leng": 1254.78361101, "RUTA": null}, "geometry": {"type": "LineString", "coordinates": [[-76.3735318, 3.1599441], [-76.3735171, 3.1606275], [-76.3734768, 3.160757], [-76.3734133, 3.1608537], [-76.3733261, 3.1610077], [-76.3732707, 3.1611654], [-76.373272, 3.1613268], [-76.3731906, 3.1618244], [-76.3729351, 3.1629482], [-76.3729448, 3.163008], [-76.3730131, 3.16307], [-76.3730949, 3.1630811], [-76.374236, 3.1631485], [-76.3743013, 3.1631919], [-76.3743204, 3.1632683], [-76.3743031, 3.1633154], [-76.3741224, 3.1669109], [-76.3739952, 3.1696737], [-76.3739819, 3.1699635]]}}, {"type": "Feature", "properties": {"OBJECTID": 1100, "Shape_Leng": 562.438771952, "RUTA": null}, "geometry": {"type": "LineString", "coordinates": [[-76.3684914, 3.1595052], [-76.3726122, 3.1598376], [-76.3735318, 3.1599441]]}}, {"type": "Feature", "properties": {"OBJECTID": 1135, "Shape_Leng": 7.06211901623, "RUTA": null}, "geometry": {"type": "LineString", "coordinates": [[-76.3911114, 3.193222], [-76.3911725, 3.1932396]]}}, {"type": "Feature", "properties": {"OBJECTID": 1136, "Shape_Leng": 4.1279225485, "RUTA": null}, "geometry": {"type": "LineString", "coordinates": [[-76.3898042, 3.1905219], [-76.3898292, 3.1905494]]}}, {"type": "Feature", "properties": {"OBJECTID": 1137, "Shape_Leng": 11.1450517271, "RUTA": null}, "geometry": {"type": "LineString", "coordinates": [[-76.3898529, 3.1905035], [-76.3898989, 3.190414]]}}, {"type": "Feature", "properties": {"OBJECTID": 1138, "Shape_Leng": 5.71647090565, "RUTA": null}, "geometry": {"type": "LineString", "coordinates": [[-76.3805732, 3.188382], [-76.3805219, 3.1883853]]}}, {"type": "Feature", "properties": {"OBJECTID": 1139, "Shape_Leng": 12.7978264639, "RUTA": null}, "geometry": {"type": "LineString", "coordinates": [[-76.382694, 3.1704831], [-76.3826587, 3.1704337], [-76.3826119, 3.1704054]]}}, {"type": "Feature", "properties": {"OBJECTID": 1140, "Shape_Leng": 11.6928441792, "RUTA": null}, "geometry": {"type": "LineString", "coordinates": [[-76.387457, 3.1744826], [-76.3875242, 3.1745639]]}}, {"type": "Feature", "properties": {"OBJECTID": 1141, "Shape_Leng": 9.50189654164, "RUTA": null}, "geometry": {"type": "LineString", "coordinates": [[-76.3875194, 3.1744784], [-76.3874899, 3.1745224], [-76.3874614, 3.1745386]]}}, {"type": "Feature", "properties": {"OBJECTID": 1142, "Shape_Leng": 7.49798173653, "RUTA": null}, "geometry": {"type": "LineString", "coordinates": [[-76.4062745, 3.1745763], [-76.406248, 3.1746387]]}}, {"type": "Feature", "properties": {"OBJECTID": 1143, "Shape_Leng": 8.92699260678, "RUTA": null}, "geometry": {"type": "LineString", "coordinates": [[-76.4053292, 3.1638593], [-76.4053994, 3.1638985]]}}, {"type": "Feature", "properties": {"OBJECTID": 1144, "Shape_Leng": 12.2421838331, "RUTA": null}, "geometry": {"type": "LineString", "coordinates": [[-76.3988774, 3.16294], [-76.3989617, 3.1630112]]}}, {"type": "Feature", "properties": {"OBJECTID": 1145, "Shape_Leng": 3.8263348542, "RUTA": null}, "geometry": {"type": "LineString", "coordinates": [[-76.3874623, 3.1548001], [-76.3874308, 3.1547862]]}}, {"type": "Feature", "properties": {"OBJECTID": 1146, "Shape_Leng": 4.0601554649, "RUTA": null}, "geometry": {"type": "LineString", "coordinates": [[-76.3943463, 3.1556137], [-76.394382, 3.1556215]]}}, {"type": "Feature", "properties": {"OBJECTID": 1147, "Shape_Leng": 4.64868960373, "RUTA": null}, "geometry": {"type": "LineString", "coordinates": [[-76.3895705, 3.1508009], [-76.3895444, 3.1507681]]}}, {"type": "Feature", "properties": {"OBJECTID": 1148, "Shape_Leng": 12.1967412861, "RUTA": null}, "geometry": {"type": "LineString", "coordinates": [[-76.3949032, 3.1524391], [-76.3948745, 3.1525456]]}}, {"type": "Feature", "properties": {"OBJECTID": 1149, "Shape_Leng": 9.72566343317, "RUTA": null}, "geometry": {"type": "LineString", "coordinates": [[-76.3949403, 3.1524838], [-76.3948915, 3.1524827], [-76.394853, 3.1524858]]}}, {"type": "Feature", "properties": {"OBJECTID": 1150, "Shape_Leng": 16.5025753747, "RUTA": null}, "geometry": {"type": "LineString", "coordinates": [[-76.3985588, 3.1535985], [-76.3985486, 3.1537474]]}}, {"type": "Feature", "properties": {"OBJECTID": 1151, "Shape_Leng": 2.43473142916, "RUTA": null}, "geometry": {"type": "LineString", "coordinates": [[-76.4036618, 3.1506641], [-76.4036792, 3.1506507]]}}, {"type": "Feature", "properties": {"OBJECTID": 1152, "Shape_Leng": 5.53936112726, "RUTA": null}, "geometry": {"type": "LineString", "coordinates": [[-76.3735484, 3.1932385], [-76.3735544, 3.1932882]]}}, {"type": "Feature", "properties": {"OBJECTID": 1153, "Shape_Leng": 4.07244496582, "RUTA": null}, "geometry": {"type": "LineString", "coordinates": [[-76.3655604, 3.1878273], [-76.365569, 3.1877914]]}}, {"type": "Feature", "properties": {"OBJECTID": 1154, "Shape_Leng": 6.81715498665, "RUTA": null}, "geometry": {"type": "LineString", "coordinates": [[-76.3491809, 3.1915283], [-76.3492269, 3.1915691]]}}, {"type": "Feature", "properties": {"OBJECTID": 1155, "Shape_Leng": 4.16703586178, "RUTA": null}, "geometry": {"type": "LineString", "coordinates": [[-76.3419072, 3.1860979], [-76.3419206, 3.1860628]]}}, {"type": "Feature", "properties": {"OBJECTID": 1156, "Shape_Leng": 3.8366960886, "RUTA": null}, "geometry": {"type": "LineString", "coordinates": [[-76.3739819, 3.1699635], [-76.3739809, 3.1699982]]}}, {"type": "Feature", "properties": {"OBJECTID": 1157, "Shape_Leng": 5.34110906172, "RUTA": null}, "geometry": {"type": "LineString", "coordinates": [[-76.3626234, 3.1708752], [-76.3626613, 3.170905]]}}, {"type": "Feature", "properties": {"OBJECTID": 1158, "Shape_Leng": 3.59630951789, "RUTA": null}, "geometry": {"type": "LineString", "coordinates": [[-76.3624098, 3.1630772], [-76.3624418, 3.163082]]}}, {"type": "Feature", "properties": {"OBJECTID": 1159, "Shape_Leng": 4.11122278232, "RUTA": null}, "geometry": {"type": "LineString", "coordinates": [[-76.3629233, 3.1590498], [-76.3628866, 3.1590455]]}}, {"type": "Feature", "properties": {"OBJECTID": 1160, "Shape_Leng": 4.04646866111, "RUTA": null}, "geometry": {"type": "LineString", "coordinates": [[-76.352172, 3.1559438], [-76.3521588, 3.1559097]]}}, {"type": "Feature", "properties": {"OBJECTID": 1161, "Shape_Leng": 4.17138393284, "RUTA": null}, "geometry": {"type": "LineString", "coordinates": [[-76.3128672, 3.1908572], [-76.3128743, 3.1908202]]}}, {"type": "Feature", "properties": {"OBJECTID": 1162, "Shape_Leng": 57.8440408687, "RUTA": null}, "geometry": {"type": "LineString", "coordinates": [[-76.2940404, 3.1838712], [-76.2935524, 3.1836895]]}}, {"type": "Feature", "properties": {"OBJECTID": 1163, "Shape_Leng": 2.54098538671, "RUTA": null}, "geometry": {"type": "LineString", "coordinates": [[-76.3008146, 3.1866152], [-76.3008375, 3.1866159]]}}, {"type": "Feature", "properties": {"OBJECTID": 1164, "Shape_Leng": 3.65221257448, "RUTA": null}, "geometry": {"type": "LineString", "coordinates": [[-76.3005334, 3.1881444], [-76.3005261, 3.1881766]]}}, {"type": "Feature", "properties": {"OBJECTID": 1165, "Shape_Leng": 4.31455824312, "RUTA": null}, "geometry": {"type": "LineString", "coordinates": [[-76.3136946, 3.1908476], [-76.3136948, 3.1908866]]}}, {"type": "Feature", "properties": {"OBJECTID": 1166, "Shape_Leng": 0.390467668232, "RUTA": null}, "geometry": {"type": "LineString", "coordinates": [[-76.3329274, 3.1832719], [-76.332924, 3.1832712]]}}, {"type": "Feature", "properties": {"OBJECTID": 1167, "Shape_Leng": 4.22400071388, "RUTA": null}, "geometry": {"type": "LineString", "coordinates": [[-76.3294571, 3.1822757], [-76.3294739, 3.18231]]}}, {"type": "Feature", "properties": {"OBJECTID": 1168, "Shape_Leng": 2.60981628432, "RUTA": null}, "geometry": {"type": "LineString", "coordinates": [[-76.3153704, 3.181979], [-76.3153872, 3.1819955]]}}, {"type": "Feature", "properties": {"OBJECTID": 1169, "Shape_Leng": 3.10807078431, "RUTA": null}, "geometry": {"type": "LineString", "coordinates": [[-76.3171325, 3.1789916], [-76.3171379, 3.1789641]]}}, {"type": "Feature", "properties": {"OBJECTID": 1170, "Shape_Leng": 2.24222986085, "RUTA": null}, "geometry": {"type": "LineString", "coordinates": [[-76.3149262, 3.1783399], [-76.3149332, 3.1783589]]}}, {"type": "Feature", "properties": {"OBJECTID": 1171, "Shape_Leng": 2.86623134201, "RUTA": null}, "geometry": {"type": "LineString", "coordinates": [[-76.3108418, 3.1762505], [-76.3108422, 3.1762764]]}}, {"type": "Feature", "properties": {"OBJECTID": 1172, "Shape_Leng": 2.35917443189, "RUTA": null}, "geometry": {"type": "LineString", "coordinates": [[-76.3072247, 3.1758646], [-76.3072424, 3.1758528]]}}, {"type": "Feature", "properties": {"OBJECTID": 1173, "Shape_Leng": 5.01212199837, "RUTA": null}, "geometry": {"type": "LineString", "coordinates": [[-76.3160641, 3.1749555], [-76.3160981, 3.1749852]]}}, {"type": "Feature", "properties": {"OBJECTID": 1174, "Shape_Leng": 3.03490230489, "RUTA": null}, "geometry": {"type": "LineString", "coordinates": [[-76.3338979, 3.1694995], [-76.3339225, 3.1695116]]}}, {"type": "Feature", "properties": {"OBJECTID": 1175, "Shape_Leng": 2.16412117354, "RUTA": null}, "geometry": {"type": "LineString", "coordinates": [[-76.3284548, 3.1668161], [-76.3284464, 3.1668338]]}}, {"type": "Feature", "properties": {"OBJECTID": 1176, "Shape_Leng": 2.51139419676, "RUTA": null}, "geometry": {"type": "LineString", "coordinates": [[-76.3240284, 3.1648208], [-76.3240208, 3.1648421]]}}, {"type": "Feature", "properties": {"OBJECTID": 1177, "Shape_Leng": 2.63151990108, "RUTA": null}, "geometry": {"type": "LineString", "coordinates": [[-76.3213259, 3.1636679], [-76.321303, 3.1636618]]}}, {"type": "Feature", "properties": {"OBJECTID": 1178, "Shape_Leng": 2.48365710163, "RUTA": null}, "geometry": {"type": "LineString", "coordinates": [[-76.3206466, 3.1597042], [-76.3206464, 3.1596817]]}}, {"type": "Feature", "properties": {"OBJECTID": 1179, "Shape_Leng": 4.89226566511, "RUTA": null}, "geometry": {"type": "LineString", "coordinates": [[-76.3256916, 3.1593953], [-76.3256862, 3.1594162], [-76.3256814, 3.1594383]]}}, {"type": "Feature", "properties": {"OBJECTID": 1180, "Shape_Leng": 1.74336705868, "RUTA": null}, "geometry": {"type": "LineString", "coordinates": [[-76.330912, 3.1611701], [-76.3309182, 3.1611555]]}}, {"type": "Feature", "properties": {"OBJECTID": 1181, "Shape_Leng": 88.9583244443, "RUTA": null}, "geometry": {"type": "LineString", "coordinates": [[-76.3356911, 3.162765], [-76.3354872, 3.1635429]]}}, {"type": "Feature", "properties": {"OBJECTID": 1182, "Shape_Leng": 10.8894485043, "RUTA": null}, "geometry": {"type": "LineString", "coordinates": [[-76.3356911, 3.162765], [-76.3357178, 3.1626703]]}}, {"type": "Feature", "properties": {"OBJECTID": 1183, "Shape_Leng": 5.33304693894, "RUTA": null}, "geometry": {"type": "LineString", "coordinates": [[-76.3049463, 3.1598161], [-76.304972, 3.1597753]]}}, {"type": "Feature", "properties": {"OBJECTID": 1184, "Shape_Leng": 2.78592006618, "RUTA": null}, "geometry": {"type": "LineString", "coordinates": [[-76.3106627, 3.1548127], [-76.3106747, 3.1547906]]}}, {"type": "Feature", "properties": {"OBJECTID": 1185, "Shape_Leng": 2.29660314373, "RUTA": null}, "geometry": {"type": "LineString", "coordinates": [[-76.2998065, 3.1557099], [-76.2998014, 3.1556898]]}}, {"type": "Feature", "properties": {"OBJECTID": 1186, "Shape_Leng": 4.88721903391, "RUTA": null}, "geometry": {"type": "LineString", "coordinates": [[-76.2949727, 3.1513614], [-76.2949513, 3.1514]]}}, {"type": "Feature", "properties": {"OBJECTID": 1187, "Shape_Leng": 2.86442142282, "RUTA": null}, "geometry": {"type": "LineString", "coordinates": [[-76.2936378, 3.1510237], [-76.2936129, 3.1510169]]}}, {"type": "Feature", "properties": {"OBJECTID": 1188, "Shape_Leng": 6.60788778656, "RUTA": null}, "geometry": {"type": "LineString", "coordinates": [[-76.3016307, 3.1494572], [-76.3016791, 3.1494226]]}}, {"type": "Feature", "properties": {"OBJECTID": 3385, "Shape_Leng": 13526.9602568, "RUTA": null}, "geometry": {"type": "MultiLineString", "coordinates": [[[-76.2402015, 3.3750802], [-76.2395874, 3.3737804], [-76.2389825, 3.372484], [-76.2389489, 3.3724429], [-76.2389031, 3.3724271], [-76.2388505, 3.3724272], [-76.2381203, 3.3726104], [-76.237547, 3.3727122]], [[-76.2275274, 3.36476], [-76.2274083, 3.3657255], [-76.2272786, 3.3666789], [-76.2270953, 3.3680591], [-76.2270227, 3.3686286], [-76.2268587, 3.3698819], [-76.226785, 3.3700074], [-76.2267151, 3.3700674]], [[-76.2628732, 3.3607957], [-76.2636827, 3.3610792], [-76.2656201, 3.3618059], [-76.2672508, 3.3624397], [-76.2678485, 3.3626562]], [[-76.2627998, 3.3607673], [-76.2628411, 3.3607845], [-76.2628732, 3.3607957]], [[-76.2182084, 3.3605954], [-76.2182393, 3.3605831], [-76.2182632, 3.3605698], [-76.2182905, 3.3605537], [-76.2183156, 3.3605378], [-76.2183411, 3.3605231], [-76.2183688, 3.3605061], [-76.2183964, 3.3604891], [-76.2184224, 3.3604735], [-76.2184475, 3.3604576], [-76.2184724, 3.3604394], [-76.218497, 3.3604221], [-76.2185232, 3.3604035], [-76.218554, 3.3603792], [-76.218578, 3.3603607], [-76.2186017, 3.360343], [-76.2186248, 3.3603241], [-76.2186466, 3.3603034], [-76.2186683, 3.3602828], [-76.2186895, 3.3602609], [-76.2187145, 3.3602352], [-76.218741, 3.3602059], [-76.2187671, 3.3601753], [-76.2187948, 3.3601433], [-76.2188207, 3.3601105], [-76.2188483, 3.3600762], [-76.218875, 3.3600416], [-76.2189006, 3.3600044], [-76.2189238, 3.3599704], [-76.2189447, 3.3599419], [-76.218967, 3.359915], [-76.2189909, 3.3598868], [-76.2190153, 3.3598576], [-76.2190387, 3.359828], [-76.2190613, 3.3597981], [-76.2190838, 3.3597681], [-76.2191063, 3.3597381], [-76.2191267, 3.3597083], [-76.2191464, 3.3596825], [-76.2191639, 3.3596567], [-76.2191827, 3.3596305], [-76.2192015, 3.3596043], [-76.2192164, 3.3595796], [-76.2192326, 3.3595544], [-76.2192484, 3.3595301], [-76.2192642, 3.3595058], [-76.2192808, 3.3594797], [-76.2192991, 3.3594522], [-76.2193191, 3.3594233], [-76.2193398, 3.3593925], [-76.2193615, 3.3593622], [-76.2193841, 3.3593344], [-76.219406, 3.3593085], [-76.2194275, 3.3592834], [-76.2194509, 3.3592613], [-76.2194751, 3.359245], [-76.219498, 3.3592291], [-76.2195269, 3.3592117], [-76.2195592, 3.3591913], [-76.2195874, 3.3591756], [-76.2196189, 3.3591571], [-76.2196516, 3.3591358], [-76.2196871, 3.3591105], [-76.2197241, 3.3590868], [-76.2197597, 3.3590636], [-76.2197949, 3.3590391], [-76.2198302, 3.3590168], [-76.2198609, 3.3590001], [-76.2198914, 3.3589865], [-76.2199173, 3.3589796]], [[-76.2199173, 3.3589796], [-76.219955, 3.3589755], [-76.2199859, 3.3589782], [-76.220019, 3.3589883]], [[-76.2199434, 3.3589505], [-76.2199173, 3.3589796]], [[-76.2202349, 3.3541844], [-76.2202492, 3.3542377], [-76.2202785, 3.3542838], [-76.2202925, 3.3543067], [-76.2203249, 3.3543599], [-76.220354, 3.3544263], [-76.2203705, 3.3544872], [-76.2205113, 3.3554065], [-76.2208326, 3.3571826], [-76.2210046, 3.3580445], [-76.2210997, 3.3584815], [-76.2210388, 3.3586199], [-76.2209301, 3.3587245], [-76.2209164, 3.3587329], [-76.2203993, 3.3588432], [-76.2202557, 3.3588635], [-76.2201219, 3.3588686], [-76.2200214, 3.3589033], [-76.2199793, 3.3589271], [-76.2199493, 3.358944], [-76.2199434, 3.3589505]], [[-76.2202279, 3.3541582], [-76.2202349, 3.3541844]], [[-76.2574924, 3.3498604], [-76.2574897, 3.349895]], [[-76.2574897, 3.349895], [-76.2576142, 3.3497759], [-76.25776, 3.3497223], [-76.2578596, 3.3496766], [-76.2579806, 3.3497371], [-76.2580651, 3.3498431], [-76.2580687, 3.3498508], [-76.2582815, 3.3502035], [-76.2589815, 3.351366], [-76.2594427, 3.3520805], [-76.2606352, 3.3540147], [-76.26116, 3.3548568], [-76.2612969, 3.3549776], [-76.2613487, 3.3550131], [-76.26139, 3.3550469], [-76.2614691, 3.3552031], [-76.2614922, 3.3553768], [-76.261471, 3.3555067], [-76.2614898, 3.355839], [-76.2615943, 3.3570968], [-76.2617195, 3.3585973], [-76.2618259, 3.3599989], [-76.2618862, 3.3602158], [-76.2620006, 3.3604095], [-76.2620196, 3.3604329], [-76.2620593, 3.3604589], [-76.2621391, 3.3604935], [-76.262613, 3.3606898], [-76.2627998, 3.3607673]], [[-76.2223352, 3.3485619], [-76.222039, 3.3490554], [-76.2217215, 3.3496257], [-76.2213276, 3.3504154], [-76.2211124, 3.350781], [-76.2206766, 3.3515479], [-76.2202863, 3.3523025], [-76.2200221, 3.3528062]], [[-76.2579157, 3.3448777], [-76.2578932, 3.3451511], [-76.2578718, 3.3453206], [-76.2578648, 3.3453502], [-76.2578575, 3.3453828], [-76.2578527, 3.3454144], [-76.2578499, 3.3454438], [-76.2578473, 3.3454774], [-76.2578444, 3.3455048], [-76.2578441, 3.3455353], [-76.2578432, 3.3455697], [-76.2578404, 3.3455991], [-76.2578375, 3.3456286], [-76.257836, 3.3456596], [-76.2578322, 3.3456937], [-76.2578286, 3.3457249], [-76.2578262, 3.3457534], [-76.2578249, 3.3457815], [-76.2578234, 3.3458126], [-76.2578205, 3.3458399], [-76.2578154, 3.3458745], [-76.2578109, 3.3459032], [-76.2578037, 3.3459358], [-76.2577956, 3.3459679], [-76.2577872, 3.3459939], [-76.2577776, 3.3460224], [-76.2577653, 3.3460527], [-76.2577516, 3.3460813], [-76.2577342, 3.3461022], [-76.2577107, 3.3461163], [-76.2576825, 3.3461293], [-76.2576535, 3.346142], [-76.2576257, 3.346152], [-76.2575998, 3.3461599], [-76.2575715, 3.3461688], [-76.2575439, 3.3461759], [-76.2575163, 3.346183], [-76.2574874, 3.3461886], [-76.2574543, 3.3461943], [-76.2574263, 3.3462002], [-76.257395, 3.3462087], [-76.2573633, 3.3462181], [-76.2573355, 3.3462282], [-76.257307, 3.3462421], [-76.2572807, 3.3462601], [-76.257259, 3.346277], [-76.2572327, 3.3462949], [-76.2572045, 3.3463151], [-76.2571837, 3.3463344], [-76.2571642, 3.3463533], [-76.2571395, 3.3463792], [-76.2571186, 3.3464036], [-76.2570988, 3.3464275], [-76.2570787, 3.3464523], [-76.2570578, 3.3464788], [-76.2570371, 3.3465074], [-76.2570172, 3.3465385], [-76.2570037, 3.3465621], [-76.2569869, 3.3465955], [-76.2569716, 3.3466255], [-76.2569565, 3.3466597], [-76.2569411, 3.3466948], [-76.2569297, 3.3467204], [-76.256915, 3.3467538], [-76.256903, 3.3467832], [-76.2568912, 3.3468147], [-76.2568822, 3.3468465], [-76.2568745, 3.3468779], [-76.256868, 3.3469087], [-76.2568626, 3.346937], [-76.2568597, 3.3469644], [-76.2568581, 3.3469933], [-76.2568583, 3.3470251], [-76.2568582, 3.3470599], [-76.2568585, 3.3470938], [-76.256862, 3.347125], [-76.256866, 3.3471575], [-76.2568728, 3.3471882], [-76.2568839, 3.3472207], [-76.2568969, 3.3472511], [-76.2569087, 3.3472799], [-76.256922, 3.3473073], [-76.2569366, 3.3473363], [-76.2569551, 3.347366], [-76.256973, 3.3473945], [-76.2569908, 3.3474188], [-76.2570065, 3.3474432], [-76.2570189, 3.3474682], [-76.2570324, 3.3474998], [-76.2570462, 3.3475285], [-76.257058, 3.3475593], [-76.2570686, 3.3475885], [-76.2570799, 3.3476182], [-76.257093, 3.3476485], [-76.2571062, 3.3476739], [-76.2571236, 3.347699], [-76.2571468, 3.3477248], [-76.2571762, 3.3477481], [-76.2572036, 3.3477644], [-76.2572309, 3.3477766], [-76.2572606, 3.3477898], [-76.2572963, 3.3478058], [-76.2573273, 3.3478186], [-76.2573571, 3.3478319], [-76.2573865, 3.347846], [-76.2574138, 3.3478602], [-76.2574385, 3.3478733], [-76.2574675, 3.3478954], [-76.2574948, 3.3479189], [-76.2575149, 3.3479401], [-76.2575351, 3.3479635], [-76.2575545, 3.3479864], [-76.2575697, 3.3480096], [-76.257585, 3.3480328], [-76.2575996, 3.3480618], [-76.2576109, 3.3480893], [-76.2576163, 3.3481163], [-76.2576169, 3.3481472], [-76.2576165, 3.3481757], [-76.257613, 3.348209], [-76.2576101, 3.3482363], [-76.2576069, 3.3482666], [-76.2576057, 3.3482947], [-76.2576049, 3.3483333], [-76.2576021, 3.3483627], [-76.2576015, 3.3483941], [-76.2575988, 3.3484277], [-76.2575958, 3.3484622], [-76.257594, 3.3484941], [-76.2575921, 3.348526], [-76.2575898, 3.3485588], [-76.2575877, 3.3485936], [-76.2575847, 3.3486281], [-76.2575824, 3.3486608], [-76.2575801, 3.3486915], [-76.2575771, 3.3487188], [-76.2575742, 3.3487462], [-76.2575714, 3.3487756], [-76.2575662, 3.3488081], [-76.2575631, 3.3488405], [-76.2575591, 3.3488704], [-76.2575571, 3.3489002], [-76.257555, 3.3489279], [-76.2575527, 3.3489586], [-76.2575503, 3.3489872], [-76.2575464, 3.3490213], [-76.2575437, 3.3490528], [-76.2575404, 3.3490902], [-76.2575374, 3.3491247], [-76.2575337, 3.3491629], [-76.2575299, 3.3491899], [-76.2575271, 3.3492285], [-76.2575234, 3.3492647], [-76.2575223, 3.349297], [-76.2575211, 3.3493251], [-76.2575204, 3.3493544], [-76.257519, 3.3493876], [-76.2575174, 3.3494258], [-76.2575168, 3.3494593], [-76.2575149, 3.3494891], [-76.2575152, 3.349523], [-76.2575136, 3.3495519], [-76.2575107, 3.3495793], [-76.2575077, 3.3496066], [-76.2575045, 3.3496369], [-76.2575023, 3.3496697], [-76.257502, 3.3496752], [-76.2575008, 3.3497007], [-76.2575, 3.3497301], [-76.2574988, 3.3497582], [-76.2574973, 3.3497892], [-76.2574957, 3.3498182], [-76.2574924, 3.3498604]], [[-76.2449844, 3.3452751], [-76.2452574, 3.3451677], [-76.2455035, 3.3450076], [-76.2455326, 3.3449835], [-76.2457715, 3.3448333], [-76.2460362, 3.3447364], [-76.2460889, 3.3447243], [-76.2461947, 3.3446876], [-76.2463976, 3.344645], [-76.2466041, 3.3446614], [-76.2467978, 3.3447355], [-76.2469146, 3.3448164], [-76.2470658, 3.3448981], [-76.2472819, 3.3449598], [-76.2473744, 3.3449785], [-76.2474804, 3.3450013], [-76.2475558, 3.345038], [-76.2480958, 3.3454149], [-76.2483636, 3.3455784], [-76.2486448, 3.3457601], [-76.2488587, 3.3458934], [-76.2489525, 3.3459701], [-76.249, 3.346082], [-76.2489902, 3.3462031], [-76.2489885, 3.3462081], [-76.2490432, 3.3465195], [-76.2491549, 3.346815], [-76.2491851, 3.3468739], [-76.2492264, 3.3470038], [-76.2492632, 3.3470796], [-76.2493363, 3.3472335], [-76.2494571, 3.3473531], [-76.2495767, 3.3474139], [-76.2504015, 3.3477337], [-76.2518163, 3.3482391], [-76.2528156, 3.3486204], [-76.2543915, 3.3491689], [-76.2555593, 3.3496019], [-76.2567893, 3.3500207], [-76.2569927, 3.3500603], [-76.257199, 3.3500408], [-76.2573915, 3.3499638], [-76.2574837, 3.3499008], [-76.2574897, 3.349895]], [[-76.2244309, 3.3440821], [-76.2244394, 3.3440842], [-76.2250351, 3.3442406], [-76.2257932, 3.3444212], [-76.2269111, 3.344702], [-76.2273329, 3.3447981], [-76.2279854, 3.3449757], [-76.2289101, 3.3452031], [-76.2306652, 3.3456454], [-76.2313809, 3.3458184], [-76.2322128, 3.3460207], [-76.2330904, 3.3462302], [-76.2340577, 3.3464673], [-76.2349077, 3.3466839], [-76.2355218, 3.3468494], [-76.2357386, 3.3468571], [-76.2359464, 3.3468055], [-76.2376515, 3.3463539], [-76.239067, 3.3459981], [-76.2403905, 3.3456636], [-76.2411693, 3.3456059], [-76.2418458, 3.3455425], [-76.2432366, 3.3454407], [-76.2449125, 3.3452972], [-76.2449844, 3.3452751]], [[-76.2244247, 3.344056], [-76.2244309, 3.3440821]], [[-76.2587264, 3.342102], [-76.2581205, 3.3431507], [-76.2580447, 3.3433102], [-76.2580251, 3.3434304], [-76.2579157, 3.3448777]], [[-76.2249905, 3.3371949], [-76.2250621, 3.3372862], [-76.2251396, 3.3374379], [-76.2251612, 3.3376069], [-76.2251435, 3.3377174], [-76.2250562, 3.3382238], [-76.2248365, 3.339507], [-76.2247779, 3.3398471], [-76.2246499, 3.3406832], [-76.2245138, 3.3418625], [-76.2244518, 3.3424037], [-76.224371, 3.343225], [-76.2243432, 3.3435328], [-76.224374, 3.3438363], [-76.2243893, 3.3439074], [-76.2244247, 3.344056]], [[-76.2287655, 3.3298576], [-76.228686, 3.3308303], [-76.2285963, 3.3309895], [-76.2285694, 3.3310207], [-76.2278219, 3.3317452], [-76.2275026, 3.3320215], [-76.2273879, 3.3321034], [-76.2265724, 3.3326408], [-76.2263239, 3.3328113], [-76.2261534, 3.3329792], [-76.2255575, 3.3335489], [-76.2243934, 3.3346806], [-76.2243196, 3.3347444], [-76.2242944, 3.334839], [-76.224311, 3.3349054], [-76.2244602, 3.3364816], [-76.2245238, 3.3366268], [-76.2245609, 3.3366737], [-76.2249735, 3.3371705]], [[-76.2267151, 3.3700674], [-76.2265586, 3.3702852], [-76.2265424, 3.3703394], [-76.2265282, 3.3704473], [-76.2265293, 3.3705588], [-76.226525, 3.3706488], [-76.2265111, 3.3707463], [-76.2265049, 3.3708598], [-76.2265091, 3.3709568], [-76.2265103, 3.3710704], [-76.2264886, 3.3721241], [-76.2264822, 3.372248], [-76.2264598, 3.3726461], [-76.2264174, 3.3731052], [-76.2264055, 3.3733821], [-76.2264272, 3.3736261], [-76.2265065, 3.3738577], [-76.2265165, 3.3738778], [-76.2266295, 3.3742306], [-76.2267539, 3.3745862], [-76.2269213, 3.375068]], [[-76.2202279, 3.3541582], [-76.2202152, 3.3541552], [-76.2201864, 3.3541501], [-76.2201543, 3.3541426], [-76.2201239, 3.3541337], [-76.2200961, 3.3541237], [-76.2200633, 3.354118], [-76.220032, 3.3541087], [-76.2200052, 3.3540938], [-76.2199804, 3.3540744], [-76.2199576, 3.3540505], [-76.2199399, 3.3540245], [-76.2199245, 3.3540006], [-76.219909, 3.3539745], [-76.2198917, 3.3539477], [-76.2198797, 3.3539209], [-76.2198686, 3.3538946], [-76.2198546, 3.3538627], [-76.2198404, 3.3538285], [-76.2198289, 3.3537956], [-76.2198191, 3.3537612], [-76.2198103, 3.3537295], [-76.2198057, 3.3537006], [-76.2198015, 3.3536729], [-76.219801, 3.3536394], [-76.2198031, 3.3536123], [-76.2198089, 3.3535815], [-76.2198126, 3.353553], [-76.2198163, 3.3535246], [-76.2198216, 3.3534925], [-76.2198266, 3.3534635], [-76.2198308, 3.3534363], [-76.2198362, 3.3534064], [-76.2198407, 3.3533761], [-76.2198461, 3.3533462], [-76.2198533, 3.3533171], [-76.2198826, 3.3532578], [-76.2198979, 3.3532311], [-76.219907, 3.353205], [-76.2199179, 3.3531796], [-76.21993, 3.3531515], [-76.2199417, 3.3531244], [-76.2199534, 3.3530972], [-76.2199651, 3.3530701], [-76.2199764, 3.3530438], [-76.2199889, 3.3530149], [-76.2200022, 3.3529841], [-76.2200143, 3.352956], [-76.2200291, 3.3529291], [-76.2200434, 3.352901], [-76.2200613, 3.3528743], [-76.2200758, 3.3528506], [-76.220088, 3.3528406]], [[-76.2182084, 3.3605954], [-76.220541, 3.360825], [-76.2239066, 3.3612119], [-76.2257673, 3.3614295], [-76.2278876, 3.3616678], [-76.2279321, 3.3616939], [-76.2279686, 3.3617353], [-76.2279258, 3.3617876], [-76.2277111, 3.3632982], [-76.2275274, 3.36476]]]}}, {"type": "Feature", "properties": {"OBJECTID": 3386, "Shape_Leng": 6644.78784434, "RUTA": null}, "geometry": {"type": "MultiLineString", "coordinates": [[[-76.2402015, 3.3750802], [-76.2415222, 3.3779122], [-76.2417358, 3.3783661], [-76.2431409, 3.381352], [-76.2437917, 3.3827433], [-76.2440105, 3.3832544], [-76.2441797, 3.3836104], [-76.2442115, 3.3836773], [-76.2442877, 3.3837808], [-76.2443318, 3.3838192]], [[-76.2678298, 3.3840527], [-76.2664223, 3.3839999], [-76.2658049, 3.383995], [-76.2644742, 3.3839433], [-76.2639253, 3.3839228], [-76.263748, 3.3839402], [-76.2634075, 3.3840155], [-76.2627614, 3.3841582], [-76.261182, 3.3845184], [-76.260681, 3.3846312], [-76.2606094, 3.3846149], [-76.2599475, 3.3843522], [-76.2586812, 3.3838535], [-76.257834, 3.3835269], [-76.2576455, 3.3834355], [-76.2575478, 3.3834197], [-76.257462, 3.3834178], [-76.2573232, 3.3834446], [-76.2569323, 3.3835618], [-76.2566468, 3.3836255], [-76.2565292, 3.3836342], [-76.2551398, 3.3836839], [-76.2545225, 3.3837077], [-76.25381, 3.3837165], [-76.2531562, 3.3836992], [-76.2527144, 3.3836675], [-76.2519149, 3.3836024], [-76.2515564, 3.3835864], [-76.2510854, 3.3835872], [-76.250432, 3.3835723], [-76.2498759, 3.3835814], [-76.2493052, 3.3836046], [-76.2485, 3.3836564], [-76.2476511, 3.3837157], [-76.2463227, 3.383806], [-76.2446561, 3.3839045], [-76.2446422, 3.3839049], [-76.2444486, 3.3839104]], [[-76.2443318, 3.3838192], [-76.2443583, 3.3838422], [-76.2444486, 3.3839104]], [[-76.2378112, 3.3976012], [-76.2368162, 3.3969898], [-76.2357152, 3.3963147], [-76.235556, 3.3961953], [-76.2354386, 3.3960342], [-76.235048, 3.3954138], [-76.2346078, 3.3947618], [-76.2345252, 3.3946104], [-76.2344736, 3.3945439], [-76.2335967, 3.3936993], [-76.2327878, 3.3929348], [-76.2322799, 3.3924401], [-76.2311656, 3.3913974], [-76.2303009, 3.3905552], [-76.2302016, 3.3904484], [-76.2301309, 3.3902934], [-76.2300291, 3.3898683], [-76.229803, 3.3886947], [-76.2295999, 3.3876932], [-76.2295328, 3.3874353], [-76.2293467, 3.3868095], [-76.229305, 3.3866537], [-76.2292946, 3.3865037], [-76.2292841, 3.3860535], [-76.2289063, 3.3841995], [-76.2285845, 3.38292], [-76.2278392, 3.3800908], [-76.2278143, 3.3799065], [-76.2278175, 3.3796148], [-76.227757, 3.3794933], [-76.2277185, 3.3793614], [-76.2276905, 3.3791637], [-76.2276812, 3.3788998], [-76.2276637, 3.3783914], [-76.2276599, 3.3778252], [-76.2276517, 3.3774256], [-76.2276385, 3.3771852], [-76.2276225, 3.3769827], [-76.2276106, 3.3769198], [-76.2275487, 3.3767135], [-76.2274315, 3.3764533], [-76.2272578, 3.3760935], [-76.2272006, 3.3759461], [-76.2270702, 3.3755171], [-76.2270307, 3.3753717], [-76.2269784, 3.3752176], [-76.2269213, 3.375068]]]}}, {"type": "Feature", "properties": {"OBJECTID": 3387, "Shape_Leng": 2711.94132512, "RUTA": null}, "geometry": {"type": "LineString", "coordinates": [[-76.2677824, 3.437672], [-76.2671426, 3.4377176], [-76.2661683, 3.4377744], [-76.2653072, 3.4378183], [-76.2647013, 3.4378664], [-76.2642725, 3.4378909], [-76.2637429, 3.4379228], [-76.2631599, 3.4379568], [-76.2625316, 3.4379918], [-76.2619741, 3.4380357], [-76.2618627, 3.438026], [-76.2616041, 3.4380453], [-76.2612829, 3.4380378], [-76.2608273, 3.4379644], [-76.2594235, 3.4377086], [-76.2590301, 3.437639], [-76.2587021, 3.4375466], [-76.2580746, 3.437259], [-76.2571577, 3.43683], [-76.2560725, 3.4363221], [-76.2556351, 3.4361199], [-76.2555276, 3.4360498], [-76.2552672, 3.4357681], [-76.2546404, 3.4349502], [-76.2541919, 3.4343287], [-76.254092, 3.4342072], [-76.2539589, 3.4341309], [-76.2538174, 3.4341062], [-76.2528686, 3.4339315], [-76.2526273, 3.4338808], [-76.2524029, 3.4337722], [-76.2522354, 3.4336374], [-76.251823, 3.4331863], [-76.2509686, 3.4323115], [-76.2505779, 3.4319079], [-76.2504015, 3.4317063], [-76.2501881, 3.43155], [-76.2499458, 3.431444], [-76.2497242, 3.4313972], [-76.2483052, 3.431203], [-76.2472344, 3.431053], [-76.2468395, 3.4309816], [-76.2464584, 3.4308521], [-76.2462248, 3.4307393], [-76.2458224, 3.4305056]]}}, {"type": "Feature", "properties": {"OBJECTID": 3390, "Shape_Leng": 823.566683818, "RUTA": null}, "geometry": {"type": "LineString", "coordinates": [[-76.2284122, 3.4248174], [-76.2289689, 3.4249365], [-76.2294011, 3.4250694], [-76.2296254, 3.4251338], [-76.22978, 3.4251579], [-76.2299021, 3.4251494], [-76.2311166, 3.4249202], [-76.2318969, 3.424732], [-76.23215, 3.4246885], [-76.232431, 3.4246598], [-76.2328999, 3.4246442], [-76.2338307, 3.424635], [-76.2348844, 3.4246482], [-76.235535, 3.4246754], [-76.23573, 3.4246749]]}}, {"type": "Feature", "properties": {"OBJECTID": 3393, "Shape_Leng": 461.002072888, "RUTA": null}, "geometry": {"type": "LineString", "coordinates": [[-76.235635, 3.4247021], [-76.2356661, 3.4247005], [-76.235701, 3.4246974], [-76.2357426, 3.4246933], [-76.2357779, 3.4246894], [-76.2358052, 3.4246892], [-76.2358398, 3.4247007], [-76.2358717, 3.4247111], [-76.2359093, 3.424723], [-76.2359516, 3.4247359], [-76.235978, 3.4247448], [-76.2360044, 3.4247537], [-76.2360479, 3.4247662], [-76.2360889, 3.4247775], [-76.2361258, 3.4247816], [-76.2361598, 3.4247804], [-76.2361946, 3.4247752], [-76.2362305, 3.4247652], [-76.2362671, 3.4247493], [-76.2363044, 3.4247316], [-76.2363409, 3.4247156], [-76.236377, 3.4247005], [-76.2364117, 3.424691], [-76.236449, 3.4246849], [-76.2364859, 3.4246796], [-76.2365199, 3.4246741], [-76.2365516, 3.4246664], [-76.2365803, 3.4246585], [-76.2366073, 3.4246497], [-76.2366347, 3.4246401], [-76.2366616, 3.4246292], [-76.2366867, 3.4246154], [-76.2367133, 3.4245981], [-76.2367416, 3.4245773], [-76.2367697, 3.4245544], [-76.2367974, 3.4245302], [-76.2368234, 3.4245073], [-76.2368533, 3.4244852], [-76.23688, 3.4244678], [-76.2369134, 3.4244494], [-76.2369398, 3.4244351], [-76.2369704, 3.4244207], [-76.2370023, 3.4244057], [-76.237035, 3.4243912], [-76.2370686, 3.4243771], [-76.2371081, 3.4243614], [-76.2371494, 3.4243465], [-76.2371755, 3.4243374], [-76.2372016, 3.4243283], [-76.2372408, 3.4243156], [-76.2372764, 3.4243066], [-76.2373068, 3.4242994], [-76.2373377, 3.4242935], [-76.2373712, 3.4242867], [-76.2374084, 3.4242784], [-76.2374462, 3.4242714], [-76.2374856, 3.4242652], [-76.2375229, 3.4242569], [-76.2375558, 3.4242488], [-76.2375892, 3.4242398], [-76.2376216, 3.4242283], [-76.2376535, 3.4242133], [-76.2376857, 3.4241954], [-76.2377175, 3.4241783], [-76.2377467, 3.4241601], [-76.2377759, 3.4241418], [-76.2378047, 3.4241244], [-76.2378347, 3.4241065], [-76.2378648, 3.4240887], [-76.2378936, 3.4240713], [-76.2379228, 3.4240552], [-76.2379471, 3.424041], [-76.2379759, 3.4240257], [-76.2380015, 3.4240132], [-76.2380266, 3.4240015], [-76.2380523, 3.4239911], [-76.2380801, 3.4239827], [-76.2381081, 3.4239765], [-76.2381362, 3.4239746], [-76.2381698, 3.423972], [-76.2382033, 3.4239768], [-76.238231, 3.4239894], [-76.2382636, 3.4240054], [-76.2382921, 3.4240257], [-76.2383217, 3.4240508], [-76.2383416, 3.4240693], [-76.2383612, 3.4240909], [-76.2383791, 3.4241138], [-76.2383953, 3.4241359], [-76.2384124, 3.4241584], [-76.2384357, 3.4241901], [-76.2384533, 3.4242139], [-76.2384708, 3.4242377], [-76.2384862, 3.4242615], [-76.238502, 3.4242845], [-76.238524, 3.4243124], [-76.2385454, 3.4243369], [-76.2385702, 3.4243608], [-76.2385927, 3.4243806], [-76.2386152, 3.4244003], [-76.2386385, 3.4244183], [-76.2386626, 3.4244345], [-76.2386945, 3.4244543], [-76.2387268, 3.4244732], [-76.23875, 3.4244891], [-76.2387759, 3.4245083], [-76.2388058, 3.4245324], [-76.238835, 3.4245605], [-76.2388644, 3.4245928], [-76.2388929, 3.4246248], [-76.2389211, 3.4246597], [-76.2389497, 3.4246938], [-76.2389782, 3.4247257], [-76.2390062, 3.4247543], [-76.2390331, 3.4247781], [-76.2390594, 3.4247964], [-76.2390851, 3.4248113], [-76.2391108, 3.4248241], [-76.239136, 3.4248355], [-76.2391658, 3.424846], [-76.2392003, 3.4248554], [-76.2392331, 3.424864]]}}, {"type": "Feature", "properties": {"OBJECTID": 3395, "Shape_Leng": 1693.62742395, "RUTA": null}, "geometry": {"type": "LineString", "coordinates": [[-76.25666, 3.420701], [-76.2566373, 3.4209345], [-76.2565835, 3.4211111], [-76.2565288, 3.4212415], [-76.2564681, 3.4213519], [-76.2563772, 3.4214406], [-76.2561181, 3.4217083], [-76.2559413, 3.4219038], [-76.2557291, 3.4221081], [-76.2556051, 3.4222898], [-76.2554316, 3.4226498], [-76.2545463, 3.4243592], [-76.2540728, 3.4253148], [-76.2537046, 3.4260211], [-76.2536421, 3.426162], [-76.2534614, 3.4269108], [-76.2531704, 3.4280388], [-76.2526703, 3.4299907], [-76.2525435, 3.4304812], [-76.2524827, 3.4306638], [-76.2523657, 3.4308725], [-76.2522807, 3.4310516], [-76.2522321, 3.4311577], [-76.252071, 3.4316302], [-76.2519963, 3.4319485], [-76.2519155, 3.4322051], [-76.2518027, 3.4325668], [-76.2517513, 3.432853], [-76.2517754, 3.4330235], [-76.2518489, 3.4331367], [-76.2519874, 3.4331864], [-76.2521657, 3.433177], [-76.252293, 3.4330858], [-76.252358, 3.4329971], [-76.2523954, 3.4328875], [-76.2523946, 3.4327301], [-76.2523506, 3.4326161], [-76.2519971, 3.4319755]]}}, {"type": "Feature", "properties": {"OBJECTID": 3396, "Shape_Leng": 770.784095433, "RUTA": null}, "geometry": {"type": "LineString", "coordinates": [[-76.2219018, 3.4228847], [-76.2219267, 3.4229033], [-76.2225124, 3.423183], [-76.2233686, 3.4235712], [-76.2242222, 3.4239836], [-76.2248493, 3.4242853], [-76.2252251, 3.4244503], [-76.2256101, 3.4245763], [-76.2261258, 3.4247305], [-76.226381, 3.4247752], [-76.2266883, 3.4247996], [-76.2269617, 3.4247948], [-76.2272297, 3.4247602], [-76.2274213, 3.4247023], [-76.2276371, 3.424665], [-76.2276379, 3.4246654], [-76.2278031, 3.4246775], [-76.2284122, 3.4248174]]}}, {"type": "Feature", "properties": {"OBJECTID": 3406, "Shape_Leng": 966.724046253, "RUTA": null}, "geometry": {"type": "LineString", "coordinates": [[-76.2677824, 3.437672], [-76.2688079, 3.4376151], [-76.2689013, 3.4376504], [-76.2689597, 3.4377317], [-76.2689637, 3.4378318], [-76.2689299, 3.4378987], [-76.26842, 3.4399467], [-76.2684684, 3.4400451], [-76.2685599, 3.4401048], [-76.2686186, 3.4401349], [-76.2731437, 3.4420574]]}}, {"type": "Feature", "properties": {"OBJECTID": 3407, "Shape_Leng": 2424.97729859, "RUTA": null}, "geometry": {"type": "LineString", "coordinates": [[-76.3166837, 3.42036], [-76.3121682, 3.4283545], [-76.312138, 3.4285221], [-76.3063103, 3.4388866], [-76.3060627, 3.4392813], [-76.3058983, 3.439383]]}}, {"type": "Feature", "properties": {"OBJECTID": 3412, "Shape_Leng": 453.762266972, "RUTA": null}, "geometry": {"type": "LineString", "coordinates": [[-76.3239981, 3.4227098], [-76.3227837, 3.4223113], [-76.323316, 3.420867], [-76.3232052, 3.4207714], [-76.3221535, 3.4203646]]}}, {"type": "Feature", "properties": {"OBJECTID": 3416, "Shape_Leng": 1038.01749979, "RUTA": null}, "geometry": {"type": "LineString", "coordinates": [[-76.2775798, 3.428576], [-76.2753302, 3.4282787], [-76.2750683, 3.4281931], [-76.2726645, 3.4269785], [-76.2710443, 3.426128], [-76.2708097, 3.4260114], [-76.2706113, 3.4258129], [-76.2705032, 3.4256577], [-76.2696401, 3.4243671]]}}, {"type": "Feature", "properties": {"OBJECTID": 3424, "Shape_Leng": 1883.5601423, "RUTA": null}, "geometry": {"type": "LineString", "coordinates": [[-76.2750688, 3.4427074], [-76.2784672, 3.4442219], [-76.2785299, 3.4443148], [-76.2785379, 3.4444267], [-76.2785182, 3.4444841], [-76.2781537, 3.4469172], [-76.2778314, 3.4489729], [-76.277425, 3.451362], [-76.2767484, 3.4554925], [-76.2764529, 3.4572285], [-76.2764364, 3.4573256]]}}, {"type": "Feature", "properties": {"OBJECTID": 3426, "Shape_Leng": 4308.3578352, "RUTA": null}, "geometry": {"type": "LineString", "coordinates": [[-76.2719776, 3.4563816], [-76.2720735, 3.4564018], [-76.2734199, 3.456684], [-76.2764601, 3.4573562], [-76.2782474, 3.4579383], [-76.2865165, 3.4606545], [-76.2866085, 3.4606492], [-76.2866795, 3.4605902], [-76.2867024, 3.4605142], [-76.2875574, 3.4589614], [-76.2914818, 3.4518786], [-76.2919754, 3.4510307], [-76.2948255, 3.4461813], [-76.2960672, 3.444102], [-76.297108, 3.4423084], [-76.2972565, 3.4421362], [-76.2973659, 3.4420217], [-76.2974726, 3.4418574], [-76.2983874, 3.4402228]]}}, {"type": "Feature", "properties": {"OBJECTID": 3433, "Shape_Leng": 358.57282856, "RUTA": null}, "geometry": {"type": "LineString", "coordinates": [[-76.3063072, 3.43894], [-76.3063704, 3.4392362], [-76.3069831, 3.4421105]]}}, {"type": "Feature", "properties": {"OBJECTID": 3434, "Shape_Leng": 844.846011242, "RUTA": null}, "geometry": {"type": "LineString", "coordinates": [[-76.3056855, 3.4394476], [-76.305518, 3.4394857], [-76.3053957, 3.4395476], [-76.3053101, 3.439655], [-76.3052937, 3.4396946], [-76.3046686, 3.4408062], [-76.3045926, 3.4408787], [-76.3044899, 3.4408998], [-76.3043917, 3.4408632], [-76.3043408, 3.4408068], [-76.3021786, 3.4394204], [-76.2997789, 3.4379652], [-76.2997056, 3.4379207]]}}, {"type": "Feature", "properties": {"OBJECTID": 3435, "Shape_Leng": 1069.53124013, "RUTA": null}, "geometry": {"type": "LineString", "coordinates": [[-76.2900527, 3.4434706], [-76.289944, 3.4434691], [-76.2899331, 3.443465], [-76.289871, 3.4434414], [-76.2817541, 3.4386034]]}}, {"type": "Feature", "properties": {"OBJECTID": 3436, "Shape_Leng": 3887.13621376, "RUTA": 1.0}, "geometry": {"type": "LineString", "coordinates": [[-76.2877639, 3.4474607], [-76.2878094, 3.4473831], [-76.2900553, 3.443558], [-76.2900775, 3.443471], [-76.2932819, 3.4381773], [-76.2942343, 3.4369386], [-76.2962548, 3.4328386], [-76.2963352, 3.432682], [-76.3003407, 3.4256126], [-76.3003472, 3.4255127], [-76.3002977, 3.4254258], [-76.3002303, 3.4253862], [-76.292435, 3.4209267], [-76.2924495, 3.4203392]]}}, {"type": "Feature", "properties": {"OBJECTID": 3437, "Shape_Leng": 2435.73574769, "RUTA": null}, "geometry": {"type": "LineString", "coordinates": [[-76.2932625, 3.4381604], [-76.293106, 3.4380975], [-76.2904652, 3.4370375], [-76.2903272, 3.4368909], [-76.2903213, 3.4367153], [-76.2903574, 3.4365822], [-76.2910974, 3.4354641], [-76.291148, 3.4353612], [-76.2911418, 3.4352466], [-76.2910805, 3.4351498], [-76.2910789, 3.4351484], [-76.2904574, 3.4342264], [-76.2901892, 3.4339866], [-76.2900154, 3.4338679], [-76.2887451, 3.4330846], [-76.2885398, 3.433026], [-76.2883264, 3.4330261], [-76.2882817, 3.4330337], [-76.2872701, 3.4332209], [-76.2858734, 3.433737], [-76.2857316, 3.4337683], [-76.2855891, 3.4337408], [-76.2854688, 3.4336592], [-76.2854554, 3.4336446], [-76.2849418, 3.4332855], [-76.284555, 3.4330679], [-76.2843927, 3.4328667], [-76.2842802, 3.4326336], [-76.2842704, 3.4326045], [-76.2839679, 3.4314748], [-76.283874, 3.4313039], [-76.2837335, 3.431169], [-76.2836334, 3.4311113], [-76.2813222, 3.4291569], [-76.2811014, 3.4290595], [-76.2808636, 3.4290188], [-76.280835, 3.4290179], [-76.2775798, 3.428576]]}}, {"type": "Feature", "properties": {"OBJECTID": 3438, "Shape_Leng": 2403.36303683, "RUTA": null}, "geometry": {"type": "LineString", "coordinates": [[-76.3121377, 3.4283885], [-76.3119917, 3.4283543], [-76.3095616, 3.4277857], [-76.3060466, 3.4268699], [-76.3059205, 3.4269381], [-76.3058391, 3.4270377], [-76.3051652, 3.4282245], [-76.2996778, 3.4379173], [-76.2992963, 3.4385652], [-76.2983944, 3.4402144]]}}, {"type": "Feature", "properties": {"OBJECTID": 3439, "Shape_Leng": 1864.82084685, "RUTA": null}, "geometry": {"type": "LineString", "coordinates": [[-76.327179, 3.4356811], [-76.3270327, 3.4356489], [-76.3236935, 3.4349135], [-76.323362, 3.4347572], [-76.3233177, 3.4347311], [-76.3123171, 3.4284635], [-76.3121875, 3.4283896]]}}, {"type": "Feature", "properties": {"OBJECTID": 3440, "Shape_Leng": 354.248891734, "RUTA": null}, "geometry": {"type": "LineString", "coordinates": [[-76.3157504, 3.421963], [-76.3156284, 3.4218919], [-76.3145173, 3.4212449], [-76.3139776, 3.4209306], [-76.3134492, 3.4206229], [-76.3129924, 3.4203569]]}}, {"type": "Feature", "properties": {"OBJECTID": 3441, "Shape_Leng": 833.227755963, "RUTA": null}, "geometry": {"type": "LineString", "coordinates": [[-76.3059467, 3.4268976], [-76.3059992, 3.426805], [-76.3094115, 3.4207976], [-76.3096634, 3.420354]]}}, {"type": "Feature", "properties": {"OBJECTID": 3442, "Shape_Leng": 736.946590963, "RUTA": null}, "geometry": {"type": "LineString", "coordinates": [[-76.2924335, 3.4209546], [-76.2924259, 3.4211005], [-76.29236, 3.4223721], [-76.2923083, 3.422394], [-76.2921875, 3.4223542], [-76.2891582, 3.4212055], [-76.2885733, 3.4208711], [-76.287583, 3.420335]]}}, {"type": "Feature", "properties": {"OBJECTID": 3665, "Shape_Leng": 20.5805833638, "RUTA": null}, "geometry": {"type": "LineString", "coordinates": [[-76.2587264, 3.342102], [-76.2588185, 3.3419405]]}}, {"type": "Feature", "properties": {"OBJECTID": 3666, "Shape_Leng": 617.93943868, "RUTA": null}, "geometry": {"type": "LineString", "coordinates": [[-76.2346258, 3.3750751], [-76.2346397, 3.3750251], [-76.234636, 3.37487], [-76.2346297, 3.3744511], [-76.2346269, 3.3741012], [-76.2345912, 3.3738224], [-76.2345619, 3.3736183], [-76.2345844, 3.3734791], [-76.2346353, 3.3733562], [-76.2347337, 3.3732671], [-76.2347803, 3.3732458], [-76.237547, 3.3727122], [-76.2375294, 3.3734389], [-76.2375681, 3.3734442], [-76.2375878, 3.3734571], [-76.2375995, 3.3735003]]}}, {"type": "Feature", "properties": {"OBJECTID": 3667, "Shape_Leng": 933.088064391, "RUTA": null}, "geometry": {"type": "LineString", "coordinates": [[-76.2278149, 3.3798517], [-76.2278699, 3.379836], [-76.2279015, 3.3798213], [-76.2279294, 3.3798103], [-76.2279589, 3.3797957], [-76.2279846, 3.3797848], [-76.2280142, 3.3797724], [-76.2280489, 3.3797601], [-76.2280836, 3.3797457], [-76.2281139, 3.3797315], [-76.2281415, 3.3797214], [-76.2281745, 3.3797084], [-76.2282095, 3.3796931], [-76.2282437, 3.3796796], [-76.2282716, 3.3796685], [-76.2283008, 3.379657], [-76.2283257, 3.3796457], [-76.2283585, 3.3796284], [-76.2283917, 3.3796123], [-76.2284165, 3.3795989], [-76.2284426, 3.3795871], [-76.2284687, 3.3795731], [-76.2284952, 3.3795604], [-76.2285252, 3.3795471], [-76.2285572, 3.3795315], [-76.2285916, 3.3795128], [-76.2286247, 3.3794946], [-76.2286558, 3.3794786], [-76.2286856, 3.379461], [-76.2287136, 3.3794448], [-76.2287481, 3.379426], [-76.2287834, 3.3794077], [-76.2288103, 3.3793941], [-76.2288396, 3.3793774], [-76.2288648, 3.379363], [-76.2288894, 3.3793474], [-76.2289153, 3.3793313], [-76.2289421, 3.3793156], [-76.2289694, 3.3793011], [-76.2289992, 3.3792835], [-76.2290272, 3.3792672], [-76.2290553, 3.379251], [-76.2290809, 3.3792358], [-76.2291064, 3.3792205], [-76.2291337, 3.3792061], [-76.2291635, 3.3791906], [-76.2291954, 3.3791729], [-76.2292289, 3.3791538], [-76.2292592, 3.3791374], [-76.2292843, 3.3791231], [-76.2293162, 3.3791053], [-76.2293481, 3.3790876], [-76.2293812, 3.3790694], [-76.2294131, 3.3790516], [-76.2294383, 3.3790373], [-76.2294639, 3.3790242], [-76.2294976, 3.3790073], [-76.2295291, 3.3789904], [-76.2295542, 3.3789761], [-76.2295806, 3.3789612], [-76.2296105, 3.3789457], [-76.2296407, 3.3789294], [-76.229668, 3.3789149], [-76.2296969, 3.3788991], [-76.2297264, 3.3788845], [-76.2297541, 3.3788692], [-76.2297814, 3.3788547], [-76.2298138, 3.3788383], [-76.2298416, 3.3788251], [-76.2298728, 3.3788113], [-76.2298982, 3.3788013], [-76.2299239, 3.3787904], [-76.2299535, 3.378778], [-76.2299826, 3.3787643], [-76.230007, 3.3787517], [-76.2300364, 3.3787371], [-76.2300654, 3.3787213], [-76.2300947, 3.3787045], [-76.2301241, 3.3786878], [-76.230147, 3.3786736], [-76.2301713, 3.3786589], [-76.2302017, 3.3786447], [-76.2302333, 3.37863], [-76.2302598, 3.3786173], [-76.2302852, 3.3786073], [-76.2303131, 3.3785963], [-76.2303445, 3.3785868], [-76.2303758, 3.378573], [-76.2303991, 3.3785579], [-76.2304251, 3.3785418], [-76.2304544, 3.378525], [-76.2304826, 3.378511], [-76.2305073, 3.3784975], [-76.2305355, 3.3784834], [-76.2306097, 3.3784085], [-76.2307267, 3.3783318], [-76.2307664, 3.3783178], [-76.2308044, 3.3783031], [-76.2308372, 3.3782882], [-76.2308696, 3.378272], [-76.2308967, 3.3782556], [-76.2309268, 3.3782373], [-76.2309553, 3.3782205], [-76.2309887, 3.3781995], [-76.2310252, 3.3781809], [-76.2310579, 3.3781638], [-76.2310843, 3.3781492], [-76.2311068, 3.3781339], [-76.2311367, 3.3781113], [-76.2311579, 3.3780944], [-76.2311811, 3.3780773], [-76.2312115, 3.378056], [-76.2312348, 3.3780389], [-76.2312629, 3.3780229], [-76.2312917, 3.3780052], [-76.2313277, 3.3779853], [-76.2313556, 3.377965], [-76.2313868, 3.3779441], [-76.2314142, 3.3779225], [-76.2314396, 3.3779054], [-76.2314647, 3.3778817], [-76.2314891, 3.3778599], [-76.2315092, 3.3778403], [-76.2315373, 3.3778148], [-76.2315619, 3.3777899], [-76.2315901, 3.3777592], [-76.2316193, 3.3777311], [-76.2316485, 3.377703], [-76.231682, 3.3776746], [-76.2317168, 3.3776458], [-76.2317481, 3.3776249], [-76.2317816, 3.377606], [-76.2318164, 3.3775888], [-76.2318529, 3.3775776], [-76.231888, 3.3775648], [-76.2319252, 3.3775518], [-76.2319594, 3.3775385], [-76.2319897, 3.3775246], [-76.2320201, 3.3775128], [-76.2320532, 3.3774948], [-76.2320819, 3.3774749], [-76.2321046, 3.3774544], [-76.2321249, 3.3774297], [-76.2321431, 3.3774051], [-76.2321574, 3.3773798], [-76.2321717, 3.3773545], [-76.2321863, 3.3773262], [-76.2322026, 3.3772965], [-76.2322167, 3.3772669], [-76.2322345, 3.3772337], [-76.2322559, 3.3772042], [-76.2322809, 3.3771784], [-76.2323073, 3.3771542], [-76.232336, 3.3771343], [-76.2323668, 3.3771121], [-76.2323964, 3.3770926], [-76.2324208, 3.3770729], [-76.2324453, 3.3770532], [-76.2324682, 3.3770297], [-76.2324928, 3.3770026], [-76.2325151, 3.3769756], [-76.232536, 3.3769522], [-76.2325534, 3.3769293], [-76.2325678, 3.3769062], [-76.2325808, 3.3768814], [-76.2325986, 3.3768482], [-76.2326169, 3.3768162], [-76.2326313, 3.3767931], [-76.232646, 3.3767669], [-76.232662, 3.3767403], [-76.2326794, 3.3767174], [-76.2326981, 3.3766941], [-76.2327194, 3.3766719], [-76.2327426, 3.3766527], [-76.2327667, 3.376636], [-76.2327878, 3.376619], [-76.2328135, 3.3765988], [-76.2328385, 3.3765804], [-76.232862, 3.3765603], [-76.2328839, 3.3765416], [-76.2329092, 3.3765201], [-76.2329339, 3.3764973], [-76.2329583, 3.3764776], [-76.2329849, 3.3764578], [-76.2330144, 3.3764361], [-76.2330452, 3.3764139], [-76.2330751, 3.3763914], [-76.2331025, 3.3763698], [-76.2331253, 3.3763441], [-76.2331499, 3.376317], [-76.2331752, 3.3762882], [-76.2332007, 3.3762542], [-76.2332257, 3.3762189], [-76.2332507, 3.3761836], [-76.2332708, 3.3761546], [-76.2332939, 3.3761237], [-76.2333153, 3.3760942], [-76.2333389, 3.3760667], [-76.2333627, 3.3760414], [-76.2333894, 3.3760143], [-76.2334162, 3.3759914], [-76.2334459, 3.3759719], [-76.2334747, 3.3759541], [-76.2335025, 3.3759338], [-76.2335243, 3.3759129], [-76.2335482, 3.3758898], [-76.2335703, 3.3758659], [-76.2335945, 3.3758418], [-76.2336183, 3.3758165], [-76.2336432, 3.3757886], [-76.233669, 3.375761], [-76.2336986, 3.375732], [-76.2337179, 3.3757121], [-76.2337505, 3.3756834], [-76.2337865, 3.375654], [-76.233808, 3.3756362], [-76.2338308, 3.3756178], [-76.2338549, 3.375599], [-76.2338785, 3.3755811], [-76.2339144, 3.3755569], [-76.2339381, 3.3755411], [-76.233978, 3.3755198], [-76.2340162, 3.3754999], [-76.2340497, 3.375481], [-76.2340833, 3.3754643], [-76.2341177, 3.3754459], [-76.2341515, 3.375424], [-76.234183, 3.3754001], [-76.2342083, 3.3753807], [-76.2342409, 3.3753593], [-76.234273, 3.3753388], [-76.2343012, 3.3753176], [-76.2343295, 3.3752965], [-76.234359, 3.3752748], [-76.2343886, 3.3752552], [-76.2344186, 3.3752348], [-76.2344469, 3.3752158], [-76.2344716, 3.3752004], [-76.234503, 3.3751838], [-76.234532, 3.3751682], [-76.2345545, 3.3751529], [-76.2345775, 3.3751315], [-76.2345919, 3.3751167]]}}, {"type": "Feature", "properties": {"OBJECTID": 3668, "Shape_Leng": 112.656258587, "RUTA": null}, "geometry": {"type": "LineString", "coordinates": [[-76.2378112, 3.3976012], [-76.238685, 3.3981175]]}}, {"type": "Feature", "properties": {"OBJECTID": 3671, "Shape_Leng": 986.107362094, "RUTA": null}, "geometry": {"type": "LineString", "coordinates": [[-76.2537046, 3.4260211], [-76.2535175, 3.4258382], [-76.2534511, 3.4257923], [-76.253364, 3.4257547], [-76.2532686, 3.4257338], [-76.2531608, 3.425667], [-76.2530613, 3.4255668], [-76.2528747, 3.425404], [-76.2527918, 3.4253414], [-76.252713, 3.4252913], [-76.2525222, 3.4252077], [-76.2523397, 3.425145], [-76.2518171, 3.4249736], [-76.2515391, 3.4249066], [-76.2512572, 3.4247931], [-76.2505887, 3.4246296], [-76.2495861, 3.4244047], [-76.248948, 3.4242514], [-76.2479554, 3.4241182], [-76.2470945, 3.4240258], [-76.2466143, 3.4239907], [-76.2466055, 3.4247807], [-76.2465646, 3.4251878], [-76.2465186, 3.4253564]]}}, {"type": "Feature", "properties": {"OBJECTID": 3724, "Shape_Leng": 2.70009164346, "RUTA": null}, "geometry": {"type": "LineString", "coordinates": [[-76.3157504, 3.421963], [-76.3157712, 3.4219756]]}}, {"type": "Feature", "properties": {"OBJECTID": 3725, "Shape_Leng": 2.92267273852, "RUTA": null}, "geometry": {"type": "LineString", "coordinates": [[-76.3121875, 3.4283896], [-76.3121641, 3.4283776]]}}, {"type": "Feature", "properties": {"OBJECTID": 3726, "Shape_Leng": 2.68009903129, "RUTA": null}, "geometry": {"type": "LineString", "coordinates": [[-76.3121377, 3.4283885], [-76.312161, 3.4283949]]}}, {"type": "Feature", "properties": {"OBJECTID": 3727, "Shape_Leng": 5.34361768842, "RUTA": null}, "geometry": {"type": "LineString", "coordinates": [[-76.3059467, 3.4268976], [-76.3059205, 3.4269381]]}}, {"type": "Feature", "properties": {"OBJECTID": 3728, "Shape_Leng": 3.96253650365, "RUTA": null}, "geometry": {"type": "LineString", "coordinates": [[-76.3063072, 3.43894], [-76.3062987, 3.4389052]]}}, {"type": "Feature", "properties": {"OBJECTID": 3729, "Shape_Leng": 24.7074994687, "RUTA": null}, "geometry": {"type": "LineString", "coordinates": [[-76.3058983, 3.439383], [-76.3056855, 3.4394476]]}}, {"type": "Feature", "properties": {"OBJECTID": 3731, "Shape_Leng": 2.86582385309, "RUTA": null}, "geometry": {"type": "LineString", "coordinates": [[-76.2997056, 3.4379207], [-76.2996835, 3.4379074]]}}, {"type": "Feature", "properties": {"OBJECTID": 3732, "Shape_Leng": 1.20791555992, "RUTA": null}, "geometry": {"type": "LineString", "coordinates": [[-76.2983944, 3.4402144], [-76.2983874, 3.4402228]]}}, {"type": "Feature", "properties": {"OBJECTID": 3741, "Shape_Leng": 225.686633909, "RUTA": null}, "geometry": {"type": "LineString", "coordinates": [[-76.2750688, 3.4427074], [-76.2731437, 3.4420574]]}}, {"type": "Feature", "properties": {"OBJECTID": 3744, "Shape_Leng": 2.968820202, "RUTA": null}, "geometry": {"type": "LineString", "coordinates": [[-76.2932625, 3.4381604], [-76.2932874, 3.4381702]]}}, {"type": "Feature", "properties": {"OBJECTID": 3745, "Shape_Leng": 3.0820525628, "RUTA": null}, "geometry": {"type": "LineString", "coordinates": [[-76.2924335, 3.4209546], [-76.292435, 3.4209267]]}}, {"type": "Feature", "properties": {"OBJECTID": 3746, "Shape_Leng": 359.686622407, "RUTA": null}, "geometry": {"type": "LineString", "coordinates": [[-76.2689412, 3.4234623], [-76.2688376, 3.4232379], [-76.2679394, 3.4203716]]}}, {"type": "Feature", "properties": {"OBJECTID": 3747, "Shape_Leng": 126.672876375, "RUTA": null}, "geometry": {"type": "LineString", "coordinates": [[-76.2696401, 3.4243671], [-76.2689412, 3.4234623]]}}, {"type": "Feature", "properties": {"OBJECTID": 3748, "Shape_Leng": 1407.43321876, "RUTA": null}, "geometry": {"type": "LineString", "coordinates": [[-76.2784672, 3.4442219], [-76.2817541, 3.4386034], [-76.2843284, 3.4342226], [-76.2849418, 3.4332855]]}}, {"type": "Feature", "properties": {"OBJECTID": 3895, "Shape_Leng": 728.858905402, "RUTA": null}, "geometry": {"type": "LineString", "coordinates": [[-76.2901834, 3.3221614], [-76.2839756, 3.3200372]]}}, {"type": "Feature", "properties": {"OBJECTID": 3896, "Shape_Leng": 2087.42731097, "RUTA": null}, "geometry": {"type": "LineString", "coordinates": [[-76.2857104, 3.3266716], [-76.2746779, 3.3228322], [-76.2745268, 3.3227772], [-76.2742774, 3.3227201], [-76.2713087, 3.3222295], [-76.2711735, 3.3221936], [-76.2704221, 3.3218983], [-76.2684704, 3.321107], [-76.2678848, 3.3208739]]}}, {"type": "Feature", "properties": {"OBJECTID": 3897, "Shape_Leng": 2374.34603609, "RUTA": null}, "geometry": {"type": "LineString", "coordinates": [[-76.3292008, 3.298861], [-76.3315091, 3.2954669], [-76.3315399, 3.2953665], [-76.331513, 3.2952649], [-76.3313845, 3.2951755], [-76.3278315, 3.2927132], [-76.3276485, 3.2925958], [-76.3275236, 3.2925502], [-76.3232138, 3.2909399], [-76.3230443, 3.2908867], [-76.3229387, 3.2908826], [-76.3227592, 3.2908386], [-76.3226682, 3.290755], [-76.3232879, 3.2899631], [-76.3233248, 3.289901], [-76.3263647, 3.2847287]]}}, {"type": "Feature", "properties": {"OBJECTID": 3898, "Shape_Leng": 291.089758592, "RUTA": null}, "geometry": {"type": "LineString", "coordinates": [[-76.3063577, 3.2865198], [-76.3059536, 3.2857562], [-76.305807, 3.2855432], [-76.3056161, 3.2853693], [-76.3054858, 3.2852884], [-76.304994, 3.2850133], [-76.3045611, 3.284711]]}}, {"type": "Feature", "properties": {"OBJECTID": 3899, "Shape_Leng": 2823.6597888, "RUTA": null}, "geometry": {"type": "LineString", "coordinates": [[-76.3064243, 3.2866106], [-76.3063732, 3.2867122], [-76.3063676, 3.2868503], [-76.3063786, 3.2868951], [-76.3065536, 3.2893672], [-76.3065504, 3.2896596], [-76.3064885, 3.2899454], [-76.3064784, 3.2899753], [-76.3063119, 3.2905552], [-76.3062254, 3.29118], [-76.306207, 3.2914383], [-76.3061195, 3.2924552], [-76.3060152, 3.2932139], [-76.3059559, 3.2939694], [-76.3059834, 3.294694], [-76.3060406, 3.2952188], [-76.3063278, 3.2971069], [-76.3067526, 3.2998224], [-76.3068375, 3.3001704], [-76.3068641, 3.3005278], [-76.3068348, 3.3008663], [-76.3064801, 3.3038658], [-76.3061616, 3.3069036], [-76.3060776, 3.3076881], [-76.305992, 3.3078502], [-76.3058596, 3.3079766], [-76.3056942, 3.3080543], [-76.305678, 3.3080586], [-76.3043455, 3.3079562], [-76.3020108, 3.307712]]}}, {"type": "Feature", "properties": {"OBJECTID": 3901, "Shape_Leng": 1676.0633138, "RUTA": null}, "geometry": {"type": "LineString", "coordinates": [[-76.3020108, 3.307712], [-76.2979963, 3.3073199], [-76.2978133, 3.3073726], [-76.2977148, 3.3074755], [-76.2976135, 3.307622], [-76.2974413, 3.3079774], [-76.296479, 3.3100114], [-76.29621, 3.3102176], [-76.2961424, 3.3103915], [-76.2961229, 3.3104825], [-76.2958319, 3.3121513], [-76.2957529, 3.3126881], [-76.295616, 3.313213], [-76.2955352, 3.3134456], [-76.2944725, 3.3166501], [-76.2944012, 3.3168142], [-76.2942807, 3.3169462], [-76.2941241, 3.3170316], [-76.2939484, 3.3170614], [-76.2937726, 3.3170322], [-76.2937509, 3.3170242]]}}, {"type": "Feature", "properties": {"OBJECTID": 3903, "Shape_Leng": 2011.75073161, "RUTA": null}, "geometry": {"type": "LineString", "coordinates": [[-76.2937726, 3.3170322], [-76.2925937, 3.3166605], [-76.2924413, 3.3166585], [-76.2922626, 3.3167093], [-76.2921087, 3.3168136], [-76.2919948, 3.316961], [-76.2916086, 3.3180899], [-76.2901834, 3.3221614], [-76.2894536, 3.3243172], [-76.2893319, 3.3246652], [-76.2891925, 3.3248984], [-76.2891083, 3.3250422], [-76.2889066, 3.3251721], [-76.2873067, 3.3253715], [-76.2863156, 3.325465], [-76.286146, 3.3256306], [-76.2860224, 3.3258332], [-76.2859863, 3.3259259], [-76.2853982, 3.3276837], [-76.2846379, 3.329907]]}}, {"type": "Feature", "properties": {"OBJECTID": 3907, "Shape_Leng": 67.7149055673, "RUTA": null}, "geometry": {"type": "LineString", "coordinates": [[-76.2855129, 3.329288], [-76.2849132, 3.3291798]]}}, {"type": "Feature", "properties": {"OBJECTID": 3908, "Shape_Leng": 400.01370627, "RUTA": null}, "geometry": {"type": "LineString", "coordinates": [[-76.2855129, 3.329288], [-76.2890583, 3.3299108]]}}, {"type": "Feature", "properties": {"OBJECTID": 3909, "Shape_Leng": 22.6438762947, "RUTA": null}, "geometry": {"type": "LineString", "coordinates": [[-76.3190999, 3.2847229], [-76.3190944, 3.2847912], [-76.3189639, 3.284828]]}}, {"type": "Feature", "properties": {"OBJECTID": 3910, "Shape_Leng": 1187.94065915, "RUTA": null}, "geometry": {"type": "LineString", "coordinates": [[-76.3244535, 3.2847272], [-76.3216352, 3.2885252], [-76.3214327, 3.2888599], [-76.3213005, 3.2891697], [-76.3211552, 3.2895941], [-76.321014, 3.28991], [-76.3208212, 3.2901971], [-76.3206779, 3.2903571], [-76.3204676, 3.290698], [-76.3197596, 3.2920462], [-76.3190558, 3.2933212], [-76.3189341, 3.2934842], [-76.3187709, 3.2936053], [-76.3186543, 3.2936548]]}}, {"type": "Feature", "properties": {"OBJECTID": 3911, "Shape_Leng": 56.2539788746, "RUTA": null}, "geometry": {"type": "LineString", "coordinates": [[-76.2764714, 3.2849892], [-76.2768044, 3.2846061]]}}, {"type": "Feature", "properties": {"OBJECTID": 3912, "Shape_Leng": 459.431100191, "RUTA": null}, "geometry": {"type": "LineString", "coordinates": [[-76.2723351, 3.2847182], [-76.2762714, 3.2849822], [-76.2764576, 3.2850111]]}}, {"type": "Feature", "properties": {"OBJECTID": 3913, "Shape_Leng": 1140.83779144, "RUTA": null}, "geometry": {"type": "LineString", "coordinates": [[-76.3226423, 3.2907625], [-76.322639, 3.2907646], [-76.3201279, 3.2939974], [-76.3184583, 3.2960883], [-76.3184628, 3.2962018], [-76.3185227, 3.2962981], [-76.3185836, 3.2963388], [-76.3199262, 3.2974322], [-76.3210688, 3.2983856]]}}, {"type": "Feature", "properties": {"OBJECTID": 3914, "Shape_Leng": 542.685422993, "RUTA": null}, "geometry": {"type": "LineString", "coordinates": [[-76.3261455, 3.2920633], [-76.3230787, 3.2958818]]}}, {"type": "Feature", "properties": {"OBJECTID": 3916, "Shape_Leng": 355.773291252, "RUTA": null}, "geometry": {"type": "LineString", "coordinates": [[-76.3230787, 3.2958818], [-76.3210688, 3.2983856]]}}, {"type": "Feature", "properties": {"OBJECTID": 3917, "Shape_Leng": 617.120070171, "RUTA": null}, "geometry": {"type": "LineString", "coordinates": [[-76.3063102, 3.2968151], [-76.3117473, 3.2979464]]}}, {"type": "Feature", "properties": {"OBJECTID": 3919, "Shape_Leng": 340.821035762, "RUTA": null}, "geometry": {"type": "LineString", "coordinates": [[-76.2962166, 3.3071357], [-76.29621, 3.3102176]]}}, {"type": "Feature", "properties": {"OBJECTID": 3920, "Shape_Leng": 1049.61576092, "RUTA": null}, "geometry": {"type": "LineString", "coordinates": [[-76.2979924, 3.3036383], [-76.2976884, 3.3035634], [-76.2975697, 3.3035278], [-76.2910388, 3.3010237], [-76.2891547, 3.3003009]]}}, {"type": "Feature", "properties": {"OBJECTID": 3921, "Shape_Leng": 508.26799206, "RUTA": null}, "geometry": {"type": "LineString", "coordinates": [[-76.2976844, 3.3072605], [-76.2980192, 3.3036227], [-76.2978856, 3.3026895]]}}, {"type": "Feature", "properties": {"OBJECTID": 3922, "Shape_Leng": 770.009739907, "RUTA": null}, "geometry": {"type": "LineString", "coordinates": [[-76.2822926, 3.3039566], [-76.2807438, 3.3050862], [-76.2806593, 3.3051582], [-76.2806225, 3.3052632], [-76.2806434, 3.3053726], [-76.2806485, 3.3053825], [-76.2807545, 3.3055829], [-76.2808054, 3.305804], [-76.2807978, 3.3060308], [-76.2807692, 3.3061504], [-76.2806342, 3.3065708], [-76.2805468, 3.3068787], [-76.2805192, 3.3071198], [-76.2803847, 3.3079061], [-76.2803632, 3.3081125], [-76.2804005, 3.3083166], [-76.2804151, 3.3083564], [-76.2804794, 3.3087477], [-76.280464, 3.3090668], [-76.2804706, 3.3091593], [-76.2804323, 3.3095755], [-76.2803435, 3.3098348], [-76.2802917, 3.3099535]]}}, {"type": "Feature", "properties": {"OBJECTID": 3923, "Shape_Leng": 2734.80655875, "RUTA": null}, "geometry": {"type": "LineString", "coordinates": [[-76.2839756, 3.3200372], [-76.2839168, 3.3200171], [-76.2836478, 3.3199139], [-76.2833059, 3.3197887], [-76.2825621, 3.3193463], [-76.2821292, 3.3190312], [-76.2821019, 3.3190113], [-76.2819228, 3.3188888], [-76.2816943, 3.318748], [-76.2813137, 3.3185418], [-76.2812562, 3.3184278], [-76.2812553, 3.3183001], [-76.281311, 3.3181853], [-76.2813149, 3.3181806], [-76.2816012, 3.3172597], [-76.2816047, 3.3170179], [-76.281561, 3.3169132], [-76.2814715, 3.3168441], [-76.2814596, 3.3168395], [-76.27742, 3.3145038], [-76.2771357, 3.3142988], [-76.2743401, 3.3125259], [-76.2743064, 3.3124946], [-76.2742664, 3.3122692], [-76.2742093, 3.3118926], [-76.2741896, 3.3116407], [-76.274272, 3.3114946], [-76.2743714, 3.3114038], [-76.2747168, 3.3110329], [-76.2746453, 3.3107838], [-76.2744874, 3.3105765], [-76.2714903, 3.3079347], [-76.2693002, 3.3059985], [-76.268808, 3.3055544], [-76.2685221, 3.3051829], [-76.2684359, 3.3050489], [-76.2681399, 3.3045888], [-76.2678991, 3.3042246]]}}, {"type": "Feature", "properties": {"OBJECTID": 3924, "Shape_Leng": 239.994373808, "RUTA": null}, "geometry": {"type": "LineString", "coordinates": [[-76.2979182, 3.3073148], [-76.2962045, 3.3071091], [-76.2957722, 3.3070776]]}}, {"type": "Feature", "properties": {"OBJECTID": 3925, "Shape_Leng": 737.060452933, "RUTA": null}, "geometry": {"type": "LineString", "coordinates": [[-76.2747215, 3.3109534], [-76.2750681, 3.310534], [-76.2753058, 3.3102619], [-76.2753601, 3.3101032], [-76.2756865, 3.3085738], [-76.2757366, 3.3085139], [-76.2757653, 3.3085087], [-76.2758131, 3.308533], [-76.2786924, 3.3109971], [-76.2787509, 3.311021]]}}, {"type": "Feature", "properties": {"OBJECTID": 3926, "Shape_Leng": 632.024114263, "RUTA": null}, "geometry": {"type": "LineString", "coordinates": [[-76.277403, 3.3144585], [-76.2774981, 3.3142472], [-76.2777292, 3.3135708], [-76.2778493, 3.3129984], [-76.2778859, 3.3128552], [-76.2779714, 3.3126018], [-76.2781725, 3.3118957], [-76.2781976, 3.3117208], [-76.2782371, 3.3115888], [-76.2783107, 3.311442], [-76.2784311, 3.3113306], [-76.2784624, 3.3113124], [-76.2794266, 3.3104523], [-76.2795616, 3.3103565], [-76.2797381, 3.3103352], [-76.2800193, 3.3102779], [-76.2801391, 3.3101434], [-76.2802917, 3.3099535]]}}, {"type": "Feature", "properties": {"OBJECTID": 3927, "Shape_Leng": 2032.43163769, "RUTA": null}, "geometry": {"type": "LineString", "coordinates": [[-76.2962339, 3.310225], [-76.2964229, 3.3102839], [-76.2970633, 3.3104051], [-76.2972651, 3.3104451], [-76.2976639, 3.3104624], [-76.2977981, 3.3103575], [-76.2980899, 3.3101082], [-76.298253, 3.3100154], [-76.2984367, 3.309978], [-76.2986116, 3.3099964], [-76.2988125, 3.3099991], [-76.2991228, 3.3099983], [-76.2992001, 3.3100069], [-76.3000383, 3.3102701], [-76.300428, 3.3103585], [-76.3008264, 3.3103882], [-76.3008591, 3.310388], [-76.303021, 3.3105739], [-76.3017225, 3.3163354], [-76.3016706, 3.3165015], [-76.3012418, 3.3186754], [-76.3005833, 3.3216206]]}}, {"type": "Feature", "properties": {"OBJECTID": 3928, "Shape_Leng": 882.153217396, "RUTA": null}, "geometry": {"type": "LineString", "coordinates": [[-76.2742861, 3.3125102], [-76.2742716, 3.3125214], [-76.2741795, 3.3125132], [-76.2731781, 3.3124625], [-76.2729738, 3.3124439], [-76.2729158, 3.312423], [-76.2726294, 3.3123243], [-76.2725102, 3.3122998], [-76.2724773, 3.3123429], [-76.2721332, 3.3129268], [-76.2720181, 3.3130225], [-76.2719686, 3.3130097], [-76.2718243, 3.3129566], [-76.2713626, 3.3127801], [-76.2710725, 3.3127208], [-76.2709239, 3.3126624], [-76.2707437, 3.3125781], [-76.2700095, 3.3121897], [-76.2698241, 3.3121197], [-76.2697144, 3.3120861], [-76.2696125, 3.3120747], [-76.269602, 3.3120812], [-76.2691098, 3.3126667], [-76.2684552, 3.3137418], [-76.2683798, 3.3138175], [-76.2682761, 3.3138425], [-76.2681747, 3.3138096], [-76.2681472, 3.3137874], [-76.267891, 3.313697]]}}, {"type": "Feature", "properties": {"OBJECTID": 3929, "Shape_Leng": 1533.91298988, "RUTA": null}, "geometry": {"type": "LineString", "coordinates": [[-76.3273927, 3.3146416], [-76.3280681, 3.317031], [-76.3290007, 3.3202821], [-76.3294687, 3.321921], [-76.3293829, 3.3219877], [-76.3253547, 3.3224245], [-76.3252574, 3.3224358], [-76.3234, 3.3222274], [-76.3233041, 3.3221254]]}}, {"type": "Feature", "properties": {"OBJECTID": 3933, "Shape_Leng": 941.390038363, "RUTA": null}, "geometry": {"type": "LineString", "coordinates": [[-76.3005833, 3.3216206], [-76.2992896, 3.3276678], [-76.2988544, 3.3296444], [-76.2988794, 3.3297898], [-76.2989589, 3.3299139], [-76.2989622, 3.3299173], [-76.2989643, 3.3299192]]}}, {"type": "Feature", "properties": {"OBJECTID": 3934, "Shape_Leng": 1745.8240672, "RUTA": null}, "geometry": {"type": "LineString", "coordinates": [[-76.3233262, 3.3222751], [-76.3233886, 3.3226129], [-76.3234033, 3.3227961], [-76.3234188, 3.3229237], [-76.3234322, 3.323056], [-76.323448, 3.323195], [-76.3234603, 3.32331], [-76.3234942, 3.3234852], [-76.3235198, 3.3235561], [-76.3235615, 3.323621], [-76.3236212, 3.3236807], [-76.3237098, 3.3237547], [-76.3238794, 3.3238804], [-76.3239776, 3.3239432], [-76.3240907, 3.3240196], [-76.3241954, 3.3240999], [-76.3242582, 3.3241599], [-76.3243865, 3.3242811], [-76.3244725, 3.3243685], [-76.3245352, 3.3244262], [-76.3245902, 3.3244715], [-76.3247062, 3.3245905], [-76.3247555, 3.3246387], [-76.3248304, 3.3247087], [-76.3249011, 3.3247757], [-76.3250159, 3.3248607], [-76.3251123, 3.3249249], [-76.3252244, 3.3249963], [-76.3253332, 3.3250651], [-76.3254075, 3.3251192], [-76.3256622, 3.3252827], [-76.3257467, 3.3253292], [-76.3258461, 3.325377], [-76.3259195, 3.3254038], [-76.3260564, 3.3254498], [-76.3261361, 3.3254651], [-76.3262843, 3.3254715], [-76.3263844, 3.325476], [-76.3265711, 3.3254979], [-76.3267114, 3.3255096], [-76.326837, 3.3255191], [-76.3269874, 3.3255255], [-76.3270765, 3.3255249], [-76.3271807, 3.3255034], [-76.3274684, 3.3254275], [-76.3277661, 3.3253148], [-76.3283651, 3.3251279], [-76.3286993, 3.3250867], [-76.328838, 3.3249939], [-76.3295323, 3.3241975], [-76.329963, 3.3235584], [-76.330106, 3.3235591], [-76.3305533, 3.3239079], [-76.3306576, 3.3239155], [-76.3307304, 3.3238751], [-76.3307961, 3.3238404], [-76.3308953, 3.3238323], [-76.3311355, 3.3238954], [-76.3318778, 3.3240689], [-76.3322442, 3.3240546], [-76.3327161, 3.3239424], [-76.3330322, 3.3239263], [-76.3336737, 3.3240648], [-76.3340597, 3.3241813], [-76.3341606, 3.3241794], [-76.3342452, 3.3241545], [-76.3348491, 3.3235892], [-76.3351245, 3.3232464], [-76.335333, 3.3227177], [-76.3353572, 3.32257], [-76.3353637, 3.3225168]]}}, {"type": "Feature", "properties": {"OBJECTID": 3935, "Shape_Leng": 806.196430237, "RUTA": null}, "geometry": {"type": "LineString", "coordinates": [[-76.3191786, 3.3231395], [-76.3191114, 3.3233097], [-76.3170595, 3.328599], [-76.3165495, 3.3299339]]}}, {"type": "Feature", "properties": {"OBJECTID": 3936, "Shape_Leng": 1336.43832845, "RUTA": null}, "geometry": {"type": "LineString", "coordinates": [[-76.2818187, 3.3299046], [-76.2816105, 3.3297732], [-76.2814431, 3.3296372], [-76.2812965, 3.329447], [-76.2811823, 3.3292279], [-76.2811111, 3.3291304], [-76.2809675, 3.3290046], [-76.2806434, 3.3288154], [-76.2804986, 3.3287676], [-76.2803465, 3.3287781], [-76.2802095, 3.3288454], [-76.2801679, 3.3288818], [-76.2794474, 3.3293287], [-76.2793401, 3.3293509], [-76.2792365, 3.3293152], [-76.2792191, 3.3293019], [-76.278504, 3.328872], [-76.2778566, 3.3286224], [-76.277469, 3.3285025], [-76.273606, 3.3272482], [-76.2735507, 3.3272871], [-76.272699, 3.3298968]]}}, {"type": "Feature", "properties": {"OBJECTID": 3937, "Shape_Leng": 299.434085308, "RUTA": null}, "geometry": {"type": "LineString", "coordinates": [[-76.2946642, 3.3299156], [-76.2945946, 3.3296999], [-76.2945502, 3.3294643], [-76.2945315, 3.3292721], [-76.294517, 3.3291026], [-76.2945284, 3.3289856], [-76.2944907, 3.3287573], [-76.2944779, 3.3285986], [-76.2944693, 3.3283812], [-76.2945168, 3.3282495], [-76.2945793, 3.3281333], [-76.2954548, 3.3281272]]}}, {"type": "Feature", "properties": {"OBJECTID": 3938, "Shape_Leng": 1181.66986697, "RUTA": null}, "geometry": {"type": "LineString", "coordinates": [[-76.3229992, 3.3299391], [-76.3233092, 3.3293981], [-76.3234674, 3.3292182], [-76.3235549, 3.3291232], [-76.3236763, 3.3290269], [-76.3238103, 3.3289398], [-76.3238731, 3.3289138], [-76.3239786, 3.3289041], [-76.3246791, 3.3288586], [-76.3250263, 3.3288255], [-76.3252566, 3.3288148], [-76.3255842, 3.3288052], [-76.3259074, 3.3287979], [-76.3261768, 3.3287918], [-76.3264533, 3.3287922], [-76.3267275, 3.3287826], [-76.3270349, 3.3287737], [-76.3284948, 3.3287488], [-76.3301291, 3.3286942], [-76.3310739, 3.328698], [-76.3324378, 3.3287843], [-76.3331244, 3.3288307]]}}, {"type": "Feature", "properties": {"OBJECTID": 3940, "Shape_Leng": 1563.16805085, "RUTA": null}, "geometry": {"type": "LineString", "coordinates": [[-76.2967779, 3.2958499], [-76.2941176, 3.2952899], [-76.2939005, 3.2953152], [-76.2937524, 3.2953117], [-76.292838, 3.2951279], [-76.2926554, 3.2950382], [-76.292508, 3.2949022], [-76.2923654, 3.2947254], [-76.2921347, 3.294541], [-76.2915949, 3.2941658], [-76.2910745, 3.2939475], [-76.2906886, 3.2938252], [-76.2902273, 3.2936546], [-76.2897007, 3.2934922], [-76.2893632, 3.2933429], [-76.2891375, 3.2932415], [-76.288972, 3.2931484], [-76.288831, 3.2930198], [-76.2886929, 3.2928947], [-76.2884962, 3.2927577], [-76.288248, 3.2925932], [-76.2880989, 3.2924853], [-76.2879132, 3.2923609], [-76.2877437, 3.2922494], [-76.2875605, 3.2921639], [-76.2874613, 3.2921049], [-76.2873909, 3.291862], [-76.2873775, 3.2917487], [-76.2874834, 3.291409], [-76.2885037, 3.2884773]]}}, {"type": "Feature", "properties": {"OBJECTID": 3941, "Shape_Leng": 494.781021476, "RUTA": null}, "geometry": {"type": "LineString", "coordinates": [[-76.2842224, 3.2935627], [-76.2844669, 3.2930866], [-76.2854688, 3.2915486], [-76.2856459, 3.2915042], [-76.285895, 3.2915851], [-76.2863242, 3.2917536], [-76.2864784, 3.2918029], [-76.2866431, 3.2918979], [-76.2867719, 3.2919745], [-76.2868795, 3.2920173], [-76.2871204, 3.2920868], [-76.2873553, 3.2920982], [-76.2874362, 3.2921071]]}}, {"type": "Feature", "properties": {"OBJECTID": 3942, "Shape_Leng": 1139.14292322, "RUTA": null}, "geometry": {"type": "LineString", "coordinates": [[-76.2842161, 3.293575], [-76.2841585, 3.2935698], [-76.2839862, 3.2937966], [-76.2837557, 3.2942005], [-76.2836733, 3.294319], [-76.2835604, 3.2943772], [-76.2832017, 3.2943902], [-76.2779314, 3.2949499], [-76.2778492, 3.2949671], [-76.2777329, 3.2950392], [-76.2772968, 3.2966011], [-76.2772588, 3.2967735], [-76.2772179, 3.2968675], [-76.2771301, 3.296934], [-76.2770328, 3.2969742], [-76.2768571, 3.2969039], [-76.2766793, 3.2968934], [-76.276599, 3.2969084], [-76.2765356, 3.2969121], [-76.2764965, 3.2968834], [-76.276487, 3.2968526], [-76.2764807, 3.2967577], [-76.276483, 3.2966458], [-76.2764541, 3.2964876], [-76.2763804, 3.2963681], [-76.2763134, 3.2963103]]}}, {"type": "Feature", "properties": {"OBJECTID": 3943, "Shape_Leng": 1242.8013397, "RUTA": null}, "geometry": {"type": "LineString", "coordinates": [[-76.2825149, 3.3039066], [-76.2850424, 3.3004285], [-76.2851141, 3.3002775], [-76.2851294, 3.3001108], [-76.285128, 3.3000968], [-76.2851743, 3.2995003], [-76.2851233, 3.2991871], [-76.2845324, 3.2955694], [-76.2842052, 3.2935961]]}}, {"type": "Feature", "properties": {"OBJECTID": 3944, "Shape_Leng": 902.8903452, "RUTA": null}, "geometry": {"type": "LineString", "coordinates": [[-76.3186543, 3.2936548], [-76.3174935, 3.2943999], [-76.313225, 3.2969938], [-76.3118944, 3.2978832], [-76.3117473, 3.2979464]]}}, {"type": "Feature", "properties": {"OBJECTID": 3945, "Shape_Leng": 1153.20491621, "RUTA": null}, "geometry": {"type": "LineString", "coordinates": [[-76.2763134, 3.2963103], [-76.2760194, 3.2961384], [-76.2758581, 3.2960793], [-76.275734, 3.2960734], [-76.2755935, 3.2960868], [-76.2754562, 3.2961227], [-76.2753457, 3.2961407], [-76.2751926, 3.2961329], [-76.2749157, 3.2960784], [-76.274675, 3.2960147], [-76.2744299, 3.2959534], [-76.2742359, 3.2958763], [-76.2740446, 3.2957982], [-76.2738914, 3.295736], [-76.273475, 3.2955192], [-76.2724017, 3.2950661], [-76.2717639, 3.2948662], [-76.2710418, 3.2946152], [-76.2709466, 3.294631], [-76.2708772, 3.2946984], [-76.2708582, 3.2947935], [-76.2708621, 3.294816], [-76.2708153, 3.295358], [-76.2707121, 3.295868], [-76.2706692, 3.2959508], [-76.2705861, 3.2959924], [-76.2705249, 3.295989], [-76.2702303, 3.295982], [-76.2701172, 3.2960318], [-76.2700393, 3.296128], [-76.2700171, 3.2961988], [-76.2698715, 3.2965933], [-76.2697954, 3.2966764], [-76.2696882, 3.2967105], [-76.2696684, 3.2967105], [-76.2694588, 3.2967305], [-76.2693123, 3.2966783], [-76.2692715, 3.2966509], [-76.2690161, 3.2964365], [-76.2689654, 3.2963372], [-76.2689128, 3.2962571], [-76.2688504, 3.2962213], [-76.2686346, 3.2962131], [-76.2680194, 3.2963095]]}}, {"type": "Feature", "properties": {"OBJECTID": 3946, "Shape_Leng": 1935.72778438, "RUTA": null}, "geometry": {"type": "LineString", "coordinates": [[-76.30638, 3.2976029], [-76.3026276, 3.2967709], [-76.3022949, 3.2966798], [-76.3019824, 3.296533], [-76.3019743, 3.2965283], [-76.3010883, 3.2961309], [-76.2992398, 3.2953102], [-76.2991557, 3.2953731], [-76.2987648, 3.2961832], [-76.2986818, 3.296209], [-76.2985946, 3.2962119], [-76.2968439, 3.2958593], [-76.2968038, 3.2958579], [-76.2978856, 3.3026895]]}}, {"type": "Feature", "properties": {"OBJECTID": 3947, "Shape_Leng": 3933.56333597, "RUTA": null}, "geometry": {"type": "LineString", "coordinates": [[-76.2957722, 3.3070776], [-76.2952438, 3.3069548], [-76.2947318, 3.306775], [-76.2944787, 3.3066618], [-76.293978, 3.3063213], [-76.293556, 3.3060858], [-76.2929999, 3.3058987], [-76.292494, 3.3057808], [-76.2922447, 3.3057133], [-76.2920171, 3.3055908], [-76.2918721, 3.3054706], [-76.2915575, 3.3051787], [-76.2912303, 3.3049272], [-76.2908706, 3.3047254], [-76.2907987, 3.3046928], [-76.2896395, 3.3042245], [-76.2893586, 3.3040873], [-76.2891676, 3.3040205], [-76.2889758, 3.3040108], [-76.2881544, 3.3039535], [-76.2874667, 3.3038509], [-76.2871124, 3.3038566], [-76.2869358, 3.3038818], [-76.2864602, 3.3039299], [-76.2857635, 3.3039361], [-76.285414, 3.3039168], [-76.2840086, 3.3038289], [-76.2836075, 3.3037885], [-76.2834182, 3.303772], [-76.28327, 3.303801], [-76.2825556, 3.3039224], [-76.282422, 3.3039546], [-76.2822871, 3.3039292], [-76.2787475, 3.3005915], [-76.2785004, 3.3004336], [-76.2782748, 3.3003427], [-76.2780941, 3.3002605], [-76.2779879, 3.3001851], [-76.2779251, 3.3000707], [-76.2779189, 3.3000444], [-76.2778383, 3.2998708], [-76.2777738, 3.2997606], [-76.2776673, 3.2996907], [-76.2775409, 3.2996758], [-76.2775003, 3.2996836], [-76.2772539, 3.2996649], [-76.2770602, 3.2996106], [-76.2768904, 3.2995022], [-76.2768197, 3.2994312], [-76.2765839, 3.2992744], [-76.2764523, 3.2992069], [-76.276305, 3.299196], [-76.276165, 3.2992433], [-76.2761411, 3.2992584], [-76.2759687, 3.2993869], [-76.2758376, 3.2995575], [-76.2758156, 3.2995988], [-76.275538, 3.3000771], [-76.2754164, 3.3001475], [-76.2752768, 3.3001622], [-76.2751433, 3.3001185], [-76.2751037, 3.3000916], [-76.2749714, 3.2999402], [-76.2742553, 3.2990878], [-76.2740613, 3.2988157], [-76.2738225, 3.2985823], [-76.2735465, 3.2983949], [-76.2734552, 3.2983474], [-76.2732414, 3.2982503], [-76.2730141, 3.2982385], [-76.2727914, 3.2982856], [-76.2727324, 3.2983089], [-76.2722738, 3.2985617], [-76.2718828, 3.2988362], [-76.2715323, 3.2991708], [-76.2713659, 3.2993429], [-76.2711627, 3.2994687], [-76.2709351, 3.2995407], [-76.2708089, 3.2995554], [-76.270469, 3.2994914], [-76.2701367, 3.2994032], [-76.2696324, 3.2993613], [-76.2694309, 3.2993612], [-76.2690713, 3.2994036], [-76.268591, 3.2994496], [-76.2684932, 3.2994297], [-76.2684225, 3.2993588], [-76.2684025, 3.2992605], [-76.2684049, 3.299243], [-76.2679065, 3.2956807]]}}, {"type": "Feature", "properties": {"OBJECTID": 3948, "Shape_Leng": 1030.04842562, "RUTA": null}, "geometry": {"type": "LineString", "coordinates": [[-76.285132, 3.2993971], [-76.2847293, 3.2993737], [-76.2846291, 3.2993414], [-76.2845609, 3.2992608], [-76.2845583, 3.2992548], [-76.2844145, 3.298983], [-76.2842611, 3.2987767], [-76.2841202, 3.2986503], [-76.2836995, 3.2982719], [-76.2835109, 3.2981407], [-76.2828266, 3.2977626], [-76.2825794, 3.2976139], [-76.2824791, 3.2975866], [-76.2822928, 3.2975817], [-76.2812834, 3.2976272], [-76.2808225, 3.2976619], [-76.28039, 3.297655], [-76.2801965, 3.2976092], [-76.2799528, 3.2975696], [-76.2795835, 3.2975667], [-76.2776058, 3.2976574], [-76.2774276, 3.2976118], [-76.2772883, 3.2975481], [-76.2771694, 3.2974881], [-76.2770571, 3.2974133], [-76.2769946, 3.2973232], [-76.2769919, 3.29723], [-76.2770032, 3.2971475], [-76.2770123, 3.2970253], [-76.2770178, 3.2969945]]}}, {"type": "Feature", "properties": {"OBJECTID": 3949, "Shape_Leng": 454.424215771, "RUTA": null}, "geometry": {"type": "LineString", "coordinates": [[-76.2891547, 3.3003009], [-76.289098, 3.3002921], [-76.2881105, 3.2998244], [-76.2878388, 3.2997407], [-76.287578, 3.299715], [-76.2851963, 3.2994792]]}}, {"type": "Feature", "properties": {"OBJECTID": 3954, "Shape_Leng": 3401.28524434, "RUTA": null}, "geometry": {"type": "LineString", "coordinates": [[-76.4028584, 3.3039465], [-76.4023293, 3.3033737], [-76.4015241, 3.3025079], [-76.4011797, 3.3021546], [-76.4005356, 3.3014442], [-76.3996452, 3.3004891], [-76.3994569, 3.3003102], [-76.399366, 3.3002094], [-76.3993288, 3.3001874], [-76.399243, 3.3001385], [-76.3979907, 3.2998944], [-76.3969562, 3.2997316], [-76.3966283, 3.2996197], [-76.3964232, 3.2995122], [-76.3953172, 3.2987875], [-76.3930993, 3.2975087], [-76.3924579, 3.2972702], [-76.3920768, 3.297254], [-76.3918784, 3.2972968], [-76.3918075, 3.2973182], [-76.3917409, 3.2973538], [-76.3917092, 3.2973731], [-76.3914723, 3.2976627], [-76.3913254, 3.2979091], [-76.3909325, 3.2986777], [-76.3903681, 3.2997874], [-76.3901917, 3.3001325], [-76.3900105, 3.3002217], [-76.3898359, 3.3002493], [-76.3897244, 3.3002256], [-76.3897169, 3.3002232], [-76.3870014, 3.2989254], [-76.3796084, 3.295385], [-76.3775856, 3.2944459], [-76.3775341, 3.2944213]]}}, {"type": "Feature", "properties": {"OBJECTID": 3970, "Shape_Leng": 178.904554527, "RUTA": null}, "geometry": {"type": "LineString", "coordinates": [[-76.3992311, 3.3001665], [-76.3991514, 3.3003542], [-76.3989379, 3.3008573], [-76.3987927, 3.3011392], [-76.3986263, 3.3014074], [-76.3986757, 3.3014361], [-76.3987797, 3.3014988], [-76.3988307, 3.3014814]]}}, {"type": "Feature", "properties": {"OBJECTID": 4005, "Shape_Leng": 165.720412891, "RUTA": null}, "geometry": {"type": "LineString", "coordinates": [[-76.2956946, 3.3564194], [-76.295592, 3.3562903], [-76.2956168, 3.3561931], [-76.2961814, 3.3551638], [-76.2962061, 3.3551469], [-76.2962327, 3.3551404]]}}, {"type": "Feature", "properties": {"OBJECTID": 4006, "Shape_Leng": 269.618921871, "RUTA": null}, "geometry": {"type": "LineString", "coordinates": [[-76.2928779, 3.353163], [-76.2928914, 3.3531869], [-76.2928775, 3.3532207], [-76.2925819, 3.3537564], [-76.2925114, 3.3537786], [-76.2924945, 3.3537756], [-76.2921345, 3.3534859], [-76.2921287, 3.3534198], [-76.2921362, 3.3534045], [-76.2924109, 3.3529017], [-76.2924516, 3.3528915], [-76.2928779, 3.353163]]}}, {"type": "Feature", "properties": {"OBJECTID": 4008, "Shape_Leng": 1018.93351091, "RUTA": null}, "geometry": {"type": "LineString", "coordinates": [[-76.292646, 3.3538932], [-76.2926214, 3.3538326], [-76.2926394, 3.3537868], [-76.2928954, 3.3532788], [-76.2929351, 3.3532475], [-76.2929955, 3.3532299], [-76.2948832, 3.3543516], [-76.2961228, 3.3550853], [-76.296133, 3.3551066], [-76.2961303, 3.3551295], [-76.295661, 3.3559558], [-76.2956239, 3.3559698], [-76.2955891, 3.3559757], [-76.2955165, 3.3559616], [-76.2954636, 3.3559027], [-76.2953994, 3.3557422], [-76.2952854, 3.3556127], [-76.2951347, 3.3555292], [-76.2951242, 3.3555257], [-76.2947986, 3.3554011], [-76.2943514, 3.3552261], [-76.294251, 3.3551851], [-76.2942105, 3.3551646], [-76.292646, 3.3538932]]}}, {"type": "Feature", "properties": {"OBJECTID": 4009, "Shape_Leng": 727.50410577, "RUTA": null}, "geometry": {"type": "LineString", "coordinates": [[-76.2978673, 3.3484962], [-76.2977738, 3.3487246], [-76.2956529, 3.3537135], [-76.2953021, 3.3545485]]}}, {"type": "Feature", "properties": {"OBJECTID": 4010, "Shape_Leng": 3383.82687264, "RUTA": null}, "geometry": {"type": "LineString", "coordinates": [[-76.3141798, 3.3408286], [-76.3141531, 3.3408252], [-76.3140163, 3.3408133], [-76.3138869, 3.3408595], [-76.3135533, 3.3409987], [-76.3134007, 3.3411005], [-76.3132385, 3.3413084], [-76.3132181, 3.3414049], [-76.31327, 3.3415298], [-76.3132898, 3.341555], [-76.3136084, 3.3418778], [-76.3136484, 3.3419622], [-76.3136316, 3.3420541], [-76.3136252, 3.342065], [-76.3125128, 3.3459722], [-76.3120569, 3.3477629], [-76.3118244, 3.3487225], [-76.3111807, 3.3512563], [-76.3112073, 3.3513471], [-76.3112813, 3.3514056], [-76.3112975, 3.3514106], [-76.3128204, 3.3518133], [-76.3129639, 3.3518646], [-76.3142747, 3.3525322], [-76.3143273, 3.3526332], [-76.3143239, 3.3527455], [-76.3142939, 3.3529196], [-76.3143125, 3.3529559], [-76.314435, 3.3530113], [-76.3159195, 3.3531837], [-76.315947, 3.3532723], [-76.3159367, 3.3533251], [-76.3115483, 3.3603842], [-76.3088419, 3.3646735]]}}, {"type": "Feature", "properties": {"OBJECTID": 4011, "Shape_Leng": 3053.47532757, "RUTA": null}, "geometry": {"type": "LineString", "coordinates": [[-76.3228002, 3.3468987], [-76.3227036, 3.3471038], [-76.3225459, 3.3471569], [-76.3217781, 3.3472341], [-76.3216756, 3.3472955], [-76.3216142, 3.3473983], [-76.3216037, 3.3474785], [-76.3208698, 3.3551249], [-76.3203929, 3.3606027], [-76.3201407, 3.3642178], [-76.3198151, 3.3677099], [-76.3198077, 3.3678241], [-76.319778, 3.3679226], [-76.3197261, 3.3680493], [-76.319597, 3.3683696], [-76.3194422, 3.3689635], [-76.3185791, 3.3733743]]}}, {"type": "Feature", "properties": {"OBJECTID": 4012, "Shape_Leng": 440.701795306, "RUTA": null}, "geometry": {"type": "LineString", "coordinates": [[-76.2970777, 3.346903], [-76.2970775, 3.3469031], [-76.2970786, 3.3469047], [-76.296631, 3.3479605], [-76.29396, 3.3470479]]}}, {"type": "Feature", "properties": {"OBJECTID": 4013, "Shape_Leng": 2285.12864064, "RUTA": null}, "geometry": {"type": "LineString", "coordinates": [[-76.2982398, 3.3340682], [-76.2980477, 3.3348941], [-76.2979259, 3.3353603], [-76.2974804, 3.336939], [-76.2967328, 3.3394616], [-76.296056, 3.3418648], [-76.2959827, 3.3419868], [-76.2958859, 3.3420626], [-76.2958057, 3.3420842], [-76.2946753, 3.3418852], [-76.2906392, 3.34102], [-76.286759, 3.3401965], [-76.2866461, 3.3402091], [-76.2865541, 3.340276], [-76.2865386, 3.3402975], [-76.2857936, 3.3428623]]}}, {"type": "Feature", "properties": {"OBJECTID": 4014, "Shape_Leng": 2058.1525984, "RUTA": null}, "geometry": {"type": "LineString", "coordinates": [[-76.3055516, 3.3428923], [-76.3060193, 3.3430933], [-76.3060666, 3.3430688], [-76.3060734, 3.3430529], [-76.3061874, 3.3428531], [-76.3062364, 3.3428403], [-76.3062678, 3.3428522], [-76.3068085, 3.3431599], [-76.3068163, 3.343199], [-76.3066972, 3.3435019], [-76.3067027, 3.3435218], [-76.3074782, 3.3444699], [-76.307538, 3.344605], [-76.3075468, 3.3446839], [-76.3075319, 3.3447393], [-76.3072999, 3.3452757], [-76.3072582, 3.3453878], [-76.3071848, 3.345524], [-76.3071672, 3.3456778], [-76.3071875, 3.3457778], [-76.3073527, 3.345911], [-76.307475, 3.3460846], [-76.3075451, 3.3462854], [-76.3075575, 3.3464978], [-76.3075501, 3.3465586], [-76.3055581, 3.3528947], [-76.305328, 3.3536108], [-76.3050569, 3.3543873], [-76.3042827, 3.3564086], [-76.3032946, 3.3590015]]}}, {"type": "Feature", "properties": {"OBJECTID": 4015, "Shape_Leng": 2831.20171558, "RUTA": null}, "geometry": {"type": "LineString", "coordinates": [[-76.3347936, 3.3553335], [-76.3341013, 3.3548215], [-76.3340136, 3.3548108], [-76.3339398, 3.3548171], [-76.3338696, 3.3548485], [-76.3333033, 3.355296], [-76.3295265, 3.3601002], [-76.3294936, 3.36017], [-76.3294873, 3.3602188], [-76.3294837, 3.3602701], [-76.3294562, 3.3603459], [-76.329426, 3.3603708], [-76.3265711, 3.3640026], [-76.3265299, 3.3640437], [-76.326456, 3.364072], [-76.3263489, 3.3641272], [-76.3262271, 3.3642269], [-76.3262114, 3.3642468], [-76.3236821, 3.3674718], [-76.3234393, 3.3677821], [-76.3232966, 3.3679238], [-76.321534, 3.369355], [-76.3211857, 3.3696484], [-76.3205401, 3.3701843], [-76.3192406, 3.3711141], [-76.319199, 3.3711462], [-76.3191401, 3.3712444], [-76.3186805, 3.3734297]]}}, {"type": "Feature", "properties": {"OBJECTID": 4016, "Shape_Leng": 1597.15541569, "RUTA": null}, "geometry": {"type": "LineString", "coordinates": [[-76.3165712, 3.3532312], [-76.315708, 3.3566274], [-76.3156049, 3.3569833], [-76.3155837, 3.3570373], [-76.3154814, 3.3573008], [-76.3153442, 3.357563], [-76.3132276, 3.3610537], [-76.310127, 3.3659948]]}}, {"type": "Feature", "properties": {"OBJECTID": 4017, "Shape_Leng": 562.615829531, "RUTA": null}, "geometry": {"type": "LineString", "coordinates": [[-76.3159457, 3.3531845], [-76.3165778, 3.3532054], [-76.3209875, 3.3536294]]}}, {"type": "Feature", "properties": {"OBJECTID": 4018, "Shape_Leng": 594.21475278, "RUTA": null}, "geometry": {"type": "LineString", "coordinates": [[-76.2959559, 3.3420383], [-76.294013, 3.3468868], [-76.2939474, 3.3470174]]}}, {"type": "Feature", "properties": {"OBJECTID": 4019, "Shape_Leng": 633.273537354, "RUTA": null}, "geometry": {"type": "LineString", "coordinates": [[-76.2939246, 3.3470627], [-76.2939221, 3.3470676], [-76.2919133, 3.3513753], [-76.2917477, 3.3517435], [-76.2915605, 3.3522704]]}}, {"type": "Feature", "properties": {"OBJECTID": 4020, "Shape_Leng": 1526.62233852, "RUTA": null}, "geometry": {"type": "LineString", "coordinates": [[-76.2939128, 3.3470317], [-76.2904634, 3.3458509], [-76.2887771, 3.3451091], [-76.2884301, 3.3449237], [-76.2863764, 3.344014], [-76.2862244, 3.3440849], [-76.2861297, 3.3442333], [-76.2861187, 3.3442616], [-76.2860877, 3.3443747], [-76.2860211, 3.3444927], [-76.2859291, 3.3445642], [-76.2856963, 3.3447446], [-76.2855342, 3.3449283], [-76.2854751, 3.3450684], [-76.2854681, 3.3451174], [-76.2853218, 3.3467602], [-76.285191, 3.3488009], [-76.2851572, 3.3492595]]}}, {"type": "Feature", "properties": {"OBJECTID": 4021, "Shape_Leng": 4136.49779062, "RUTA": null}, "geometry": {"type": "LineString", "coordinates": [[-76.2846379, 3.329907], [-76.2836099, 3.3330414], [-76.283485, 3.3335383], [-76.2833764, 3.3338773], [-76.2833155, 3.3340109], [-76.2830056, 3.3344369], [-76.2826445, 3.3348087], [-76.2824216, 3.33509], [-76.2823409, 3.3353317], [-76.2823402, 3.3353351], [-76.2801813, 3.3432542], [-76.2787501, 3.3481152], [-76.2787109, 3.3482221], [-76.2772581, 3.3536065], [-76.2772512, 3.3537062], [-76.2773003, 3.353793], [-76.2773299, 3.3538157], [-76.2776507, 3.3540276], [-76.2777673, 3.354174], [-76.2778326, 3.3543484], [-76.2778633, 3.3544974], [-76.2778893, 3.3546646], [-76.2778739, 3.3547649], [-76.2776882, 3.3555561], [-76.2770569, 3.3581636], [-76.2766932, 3.359678], [-76.2766594, 3.3597798], [-76.2764592, 3.3603697], [-76.2764298, 3.3604701], [-76.2759398, 3.362998], [-76.2755231, 3.3652635], [-76.2755255, 3.365378], [-76.2755279, 3.365525]]}}, {"type": "Feature", "properties": {"OBJECTID": 4022, "Shape_Leng": 947.481001745, "RUTA": null}, "geometry": {"type": "LineString", "coordinates": [[-76.2840609, 3.3688312], [-76.2782936, 3.3750832], [-76.2782649, 3.3751142]]}}, {"type": "Feature", "properties": {"OBJECTID": 4023, "Shape_Leng": 4106.85880512, "RUTA": null}, "geometry": {"type": "LineString", "coordinates": [[-76.3060586, 3.331816], [-76.3070672, 3.3321974], [-76.3081284, 3.3328178], [-76.3082162, 3.3329041], [-76.3082547, 3.3330213], [-76.3082466, 3.33311], [-76.3082333, 3.3332604], [-76.3082408, 3.3333762], [-76.3083033, 3.3334737], [-76.3083109, 3.3334804], [-76.3087063, 3.3339042], [-76.3087533, 3.3339696], [-76.3087762, 3.3340061], [-76.3088486, 3.3341075], [-76.308957, 3.3341643], [-76.3102964, 3.3347064], [-76.310466, 3.3347102], [-76.3113493, 3.33446], [-76.3115301, 3.334445], [-76.3116319, 3.3344629], [-76.3122329, 3.3347477], [-76.3123807, 3.3349279], [-76.312403, 3.3350188], [-76.3123776, 3.3351487], [-76.3123672, 3.33517], [-76.3122049, 3.3354622], [-76.312167, 3.3355362], [-76.3121449, 3.3356621], [-76.3121484, 3.3356931], [-76.312151, 3.3360579], [-76.3119199, 3.3373384], [-76.3117994, 3.338332], [-76.3117188, 3.3388864], [-76.3116389, 3.3391472], [-76.3116073, 3.3393591], [-76.3115982, 3.3394191], [-76.3115958, 3.3394889], [-76.3116429, 3.3395369], [-76.3129329, 3.340056], [-76.3132883, 3.3402105], [-76.3135942, 3.340366], [-76.3136727, 3.3404123], [-76.3137274, 3.340453], [-76.3142397, 3.3408446], [-76.3145, 3.3410327], [-76.3147902, 3.3411697], [-76.3148544, 3.3411916], [-76.3152821, 3.3413111], [-76.3155757, 3.3413673], [-76.3160149, 3.3414086], [-76.3191049, 3.341704], [-76.3205204, 3.3417912], [-76.3207859, 3.3418655], [-76.3229235, 3.3429801], [-76.3230289, 3.3429894], [-76.3230495, 3.3429843], [-76.3238156, 3.3430285], [-76.3240245, 3.3430174], [-76.3246228, 3.3429632], [-76.3297075, 3.3424611], [-76.3326863, 3.3422298], [-76.3350283, 3.3420472], [-76.3351678, 3.3420727], [-76.3351965, 3.3420876], [-76.3353479, 3.3422178]]}}, {"type": "Feature", "properties": {"OBJECTID": 4024, "Shape_Leng": 1185.93469081, "RUTA": null}, "geometry": {"type": "LineString", "coordinates": [[-76.3165495, 3.3299339], [-76.3146348, 3.3348742], [-76.3127047, 3.3399374]]}}, {"type": "Feature", "properties": {"OBJECTID": 4025, "Shape_Leng": 930.960889619, "RUTA": null}, "geometry": {"type": "LineString", "coordinates": [[-76.2896956, 3.3347346], [-76.2925114, 3.335023], [-76.2926095, 3.335049], [-76.2926778, 3.3351245], [-76.2926894, 3.3351556], [-76.2930662, 3.3358188], [-76.293154, 3.3358732], [-76.2931861, 3.3358791], [-76.2975286, 3.3366756]]}}, {"type": "Feature", "properties": {"OBJECTID": 4027, "Shape_Leng": 582.451231475, "RUTA": null}, "geometry": {"type": "LineString", "coordinates": [[-76.2885258, 3.3705117], [-76.2883498, 3.3706815], [-76.2882344, 3.3707773], [-76.2880971, 3.3708208], [-76.2879982, 3.3708551], [-76.2879009, 3.3708814], [-76.2877915, 3.370924], [-76.2876311, 3.3710222], [-76.2874987, 3.3711407], [-76.2874323, 3.371247], [-76.2873573, 3.3713928], [-76.2870059, 3.3751218]]}}, {"type": "Feature", "properties": {"OBJECTID": 4028, "Shape_Leng": 111.15431218, "RUTA": null}, "geometry": {"type": "LineString", "coordinates": [[-76.2874508, 3.3707225], [-76.2874364, 3.3707156], [-76.2873472, 3.3706518], [-76.2871892, 3.3703413], [-76.2871099, 3.3701688], [-76.2870328, 3.3700245], [-76.2869808, 3.3699692], [-76.2869206, 3.3698891]]}}, {"type": "Feature", "properties": {"OBJECTID": 4029, "Shape_Leng": 41.2901879525, "RUTA": null}, "geometry": {"type": "LineString", "coordinates": [[-76.287847, 3.3708758], [-76.2876576, 3.3708213], [-76.2875, 3.370746]]}}, {"type": "Feature", "properties": {"OBJECTID": 4030, "Shape_Leng": 47.994395027, "RUTA": null}, "geometry": {"type": "LineString", "coordinates": [[-76.2874371, 3.3711906], [-76.2874735, 3.3707582]]}}, {"type": "Feature", "properties": {"OBJECTID": 4031, "Shape_Leng": 73.01593018, "RUTA": null}, "geometry": {"type": "LineString", "coordinates": [[-76.2874776, 3.3707091], [-76.2875106, 3.3703166], [-76.2875869, 3.3702103], [-76.2876367, 3.3701749], [-76.287707, 3.3701526]]}}, {"type": "Feature", "properties": {"OBJECTID": 4032, "Shape_Leng": 6.25988602135, "RUTA": null}, "geometry": {"type": "LineString", "coordinates": [[-76.3241896, 3.3751532], [-76.3242156, 3.375103]]}}, {"type": "Feature", "properties": {"OBJECTID": 4033, "Shape_Leng": 14.9446017343, "RUTA": null}, "geometry": {"type": "LineString", "coordinates": [[-76.3213913, 3.3751509], [-76.3214627, 3.3750365]]}}, {"type": "Feature", "properties": {"OBJECTID": 4035, "Shape_Leng": 1279.41753053, "RUTA": null}, "geometry": {"type": "LineString", "coordinates": [[-76.2813089, 3.3390224], [-76.2773754, 3.3384349], [-76.2735491, 3.3378729], [-76.2737385, 3.3373219], [-76.2737319, 3.3372344], [-76.2737298, 3.3372298], [-76.2724747, 3.3349732], [-76.2724373, 3.334822], [-76.2724268, 3.3347094], [-76.2724405, 3.3346579], [-76.2724543, 3.3346234], [-76.2724893, 3.3345677]]}}, {"type": "Feature", "properties": {"OBJECTID": 4036, "Shape_Leng": 698.763042356, "RUTA": null}, "geometry": {"type": "LineString", "coordinates": [[-76.2989643, 3.3299192], [-76.3008434, 3.3316689], [-76.3008655, 3.3317677], [-76.3008643, 3.3317794], [-76.3008383, 3.3318469], [-76.3008136, 3.3318808], [-76.3005236, 3.3321549], [-76.2989798, 3.3330671], [-76.2988566, 3.3331385], [-76.2985619, 3.3333646], [-76.298512, 3.3334164], [-76.2984187, 3.3335442], [-76.298394, 3.3335657], [-76.2983334, 3.333646], [-76.2983079, 3.3336952], [-76.2982921, 3.3337265], [-76.2982827, 3.3337492], [-76.2982398, 3.3340682]]}}, {"type": "Feature", "properties": {"OBJECTID": 4037, "Shape_Leng": 774.274437906, "RUTA": null}, "geometry": {"type": "LineString", "coordinates": [[-76.2946642, 3.3299156], [-76.2947103, 3.3300824], [-76.2947284, 3.3302035], [-76.2947417, 3.3303146], [-76.2947819, 3.3304101], [-76.2948056, 3.3304345], [-76.2948873, 3.3304834], [-76.2949449, 3.3305016], [-76.2949543, 3.330503], [-76.2948821, 3.3307856], [-76.2948245, 3.3308493], [-76.2947594, 3.3308647], [-76.2943312, 3.3309164], [-76.2941668, 3.3309156], [-76.2940132, 3.330857], [-76.2939962, 3.3308462], [-76.2939243, 3.3307961], [-76.2938914, 3.3307801], [-76.2938631, 3.3307657], [-76.2938384, 3.3307551], [-76.2904087, 3.3301523], [-76.2890583, 3.3299108]]}}, {"type": "Feature", "properties": {"OBJECTID": 4038, "Shape_Leng": 335.091958831, "RUTA": null}, "geometry": {"type": "LineString", "coordinates": [[-76.2818187, 3.3299046], [-76.2821488, 3.3300748], [-76.2825016, 3.3301901], [-76.2825326, 3.3301973], [-76.2828301, 3.3303193], [-76.2830417, 3.3304566], [-76.2831617, 3.3305732], [-76.2832476, 3.3306728], [-76.2839786, 3.3318372]]}}, {"type": "Feature", "properties": {"OBJECTID": 4039, "Shape_Leng": 26.6480441994, "RUTA": null}, "geometry": {"type": "LineString", "coordinates": [[-76.3138746, 3.3405967], [-76.3139122, 3.340673], [-76.3139191, 3.3407729], [-76.3139049, 3.3408268]]}}, {"type": "Feature", "properties": {"OBJECTID": 4040, "Shape_Leng": 161.108623264, "RUTA": null}, "geometry": {"type": "LineString", "coordinates": [[-76.272699, 3.3298968], [-76.2722221, 3.3312725]]}}, {"type": "Feature", "properties": {"OBJECTID": 4042, "Shape_Leng": 1534.6799918, "RUTA": null}, "geometry": {"type": "LineString", "coordinates": [[-76.3229992, 3.3299391], [-76.3226084, 3.3306194], [-76.3225008, 3.3309302], [-76.322444, 3.3310653], [-76.3224382, 3.3310882], [-76.3224431, 3.3311168], [-76.3224445, 3.3311658], [-76.3224141, 3.3312466], [-76.3208648, 3.3350776], [-76.3205984, 3.3357668], [-76.3204677, 3.3359723], [-76.3204366, 3.3360083], [-76.3155998, 3.3412589], [-76.315558, 3.3413058], [-76.3155234, 3.3413322]]}}, {"type": "Feature", "properties": {"OBJECTID": 4043, "Shape_Leng": 556.772671457, "RUTA": null}, "geometry": {"type": "LineString", "coordinates": [[-76.325271, 3.3710465], [-76.3238387, 3.3730836], [-76.3227466, 3.3746107], [-76.3224669, 3.3749999], [-76.3223713, 3.3751517]]}}, {"type": "Feature", "properties": {"OBJECTID": 4044, "Shape_Leng": 194.410735083, "RUTA": 1.0}, "geometry": {"type": "LineString", "coordinates": [[-76.296302, 3.373386], [-76.2963376, 3.3734828], [-76.2963237, 3.3735625], [-76.2961792, 3.3751297]]}}, {"type": "Feature", "properties": {"OBJECTID": 4045, "Shape_Leng": 1037.81551546, "RUTA": null}, "geometry": {"type": "LineString", "coordinates": [[-76.3012355, 3.3397677], [-76.301157, 3.340372], [-76.3004334, 3.3423714], [-76.2998781, 3.3438432], [-76.2985288, 3.346879], [-76.2984209, 3.3471428], [-76.2978673, 3.3484962]]}}, {"type": "Feature", "properties": {"OBJECTID": 4046, "Shape_Leng": 1516.02883413, "RUTA": null}, "geometry": {"type": "LineString", "coordinates": [[-76.2886224, 3.3507156], [-76.2889357, 3.3507933], [-76.2892091, 3.3508841], [-76.2896196, 3.3510757], [-76.2902468, 3.351452], [-76.2920653, 3.3526259], [-76.2936322, 3.3535938], [-76.2946147, 3.3541685], [-76.2956172, 3.354766], [-76.2964054, 3.3551943], [-76.2970203, 3.3555348], [-76.2974601, 3.355809], [-76.2980948, 3.3562554], [-76.2986485, 3.3566893], [-76.2990693, 3.3569205], [-76.2991812, 3.3569711], [-76.2994913, 3.3571199], [-76.2996116, 3.357161], [-76.2997998, 3.3572255], [-76.2998872, 3.357251], [-76.299916, 3.3572606], [-76.2998058, 3.3578107]]}}, {"type": "Feature", "properties": {"OBJECTID": 4048, "Shape_Leng": 180.648865363, "RUTA": null}, "geometry": {"type": "LineString", "coordinates": [[-76.2896956, 3.3347346], [-76.2880803, 3.3345525]]}}, {"type": "Feature", "properties": {"OBJECTID": 4052, "Shape_Leng": 4070.20107299, "RUTA": null}, "geometry": {"type": "LineString", "coordinates": [[-76.3709718, 3.3751907], [-76.3711283, 3.3749081], [-76.3715454, 3.3740794], [-76.3721266, 3.3730513], [-76.3724189, 3.3726058], [-76.3727417, 3.3720824], [-76.3731344, 3.3714154], [-76.3734708, 3.3708699], [-76.3735798, 3.3706793], [-76.3736772, 3.3704823], [-76.3737585, 3.3702578], [-76.3738536, 3.3699766], [-76.3740072, 3.3694203], [-76.3741402, 3.3687768], [-76.3741971, 3.3684046], [-76.3742119, 3.3682991], [-76.3742646, 3.3679846], [-76.3742958, 3.3678198], [-76.3743412, 3.367501], [-76.3743713, 3.3673022], [-76.3744023, 3.3671082], [-76.3744254, 3.3669894], [-76.37445, 3.3668801], [-76.3744706, 3.3667625], [-76.3745256, 3.3665578], [-76.3745754, 3.3664097], [-76.3746705, 3.3661217], [-76.3747517, 3.3658711], [-76.3748048, 3.3657159], [-76.3749076, 3.3654077], [-76.3749699, 3.3651993], [-76.3750155, 3.3650136], [-76.3750328, 3.3649222], [-76.3750524, 3.3648188], [-76.3750799, 3.3644569], [-76.375101, 3.3640901], [-76.3751207, 3.3638051], [-76.3751418, 3.3633349], [-76.375142, 3.3633272], [-76.3751787, 3.3631522], [-76.3756608, 3.3627308], [-76.3762375, 3.3622424], [-76.3768413, 3.3617182], [-76.3773782, 3.3612616], [-76.3780228, 3.3607349], [-76.3782515, 3.3605599], [-76.3789661, 3.3599944], [-76.3797436, 3.3593185], [-76.3804722, 3.3586942], [-76.3811748, 3.358084], [-76.3820139, 3.3573666], [-76.38244, 3.3569812], [-76.3824214, 3.356937], [-76.3822362, 3.3565785], [-76.3816509, 3.3552717], [-76.3808695, 3.3534854], [-76.3806883, 3.3530951], [-76.3803712, 3.3523921], [-76.3800275, 3.3516374], [-76.379778, 3.3510578], [-76.3795506, 3.3505371], [-76.3793936, 3.3501582], [-76.3793624, 3.3500934], [-76.3793288, 3.3500467], [-76.3792976, 3.3500046], [-76.3792464, 3.3499821], [-76.3791865, 3.349956], [-76.3791091, 3.3499493], [-76.3790226, 3.349947], [-76.3788995, 3.349948], [-76.3788182, 3.349961], [-76.3787662, 3.3499742], [-76.3787204, 3.34997], [-76.3786809, 3.3499598], [-76.3786323, 3.3499503], [-76.378549, 3.3499211], [-76.3784969, 3.3498988], [-76.3784494, 3.3498717], [-76.3783925, 3.3498407], [-76.3783125, 3.3497874], [-76.3781831, 3.3497253], [-76.3780753, 3.3496759], [-76.3780021, 3.3496319], [-76.3779601, 3.3496008], [-76.3779322, 3.3495703], [-76.3779136, 3.3495321], [-76.3778921, 3.3494693], [-76.3778704, 3.3493948], [-76.3778466, 3.3493142], [-76.377821, 3.3492514], [-76.3778003, 3.3492026], [-76.3777655, 3.3491536], [-76.377719, 3.3490774], [-76.3775927, 3.3489561], [-76.3779449, 3.3485312], [-76.3783693, 3.3480289], [-76.378456, 3.347931], [-76.3785048, 3.3478929], [-76.3785503, 3.3478655], [-76.3786099, 3.3478528], [-76.3787551, 3.3478507], [-76.3794179, 3.3478559], [-76.3796633, 3.3478604], [-76.3798988, 3.347884], [-76.3800637, 3.3478994], [-76.3802618, 3.3478755], [-76.3803532, 3.3478774], [-76.3804342, 3.3478938], [-76.3805038, 3.3478955], [-76.3806225, 3.3478818], [-76.380725, 3.3478871], [-76.3807922, 3.3478802], [-76.3808683, 3.3478676], [-76.3809367, 3.3478531], [-76.3810152, 3.3478148], [-76.3811069, 3.34779], [-76.3811944, 3.3477667], [-76.381299, 3.3477625], [-76.3814732, 3.3477455]]}}, {"type": "Feature", "properties": {"OBJECTID": 4054, "Shape_Leng": 1626.71798091, "RUTA": null}, "geometry": {"type": "LineString", "coordinates": [[-76.4018516, 3.3640551], [-76.4006043, 3.3647059], [-76.3986495, 3.3657123], [-76.3967055, 3.3667136], [-76.3946744, 3.3677455], [-76.3932845, 3.368474], [-76.3927879, 3.3687542], [-76.3927, 3.3688446], [-76.3926267, 3.368927], [-76.392535, 3.3690528], [-76.3923656, 3.369217], [-76.391557, 3.3699388], [-76.390395, 3.3709658], [-76.3895063, 3.3717501]]}}, {"type": "Feature", "properties": {"OBJECTID": 4058, "Shape_Leng": 424.081266262, "RUTA": null}, "geometry": {"type": "LineString", "coordinates": [[-76.3895063, 3.3717501], [-76.3888957, 3.3722865], [-76.3886866, 3.3724511], [-76.3885823, 3.3725443], [-76.3885166, 3.3725809], [-76.3884106, 3.3726154], [-76.3883369, 3.3726275], [-76.3882603, 3.3726319], [-76.3879596, 3.3726382], [-76.3877078, 3.3726312], [-76.3874802, 3.3726113], [-76.3871715, 3.3725792], [-76.3867659, 3.3724883], [-76.386397, 3.372437], [-76.3862975, 3.3724074], [-76.3860304, 3.372328]]}}, {"type": "Feature", "properties": {"OBJECTID": 4059, "Shape_Leng": 917.165523409, "RUTA": null}, "geometry": {"type": "LineString", "coordinates": [[-76.35257, 3.3681896], [-76.3524968, 3.3682169], [-76.3524606, 3.3682603], [-76.352453, 3.3682694], [-76.3516445, 3.3696991], [-76.3507396, 3.3712686], [-76.3499046, 3.372742], [-76.3497018, 3.3731278], [-76.3496222, 3.3732583], [-76.3495217, 3.373344], [-76.3494294, 3.3734312], [-76.3493027, 3.3736187], [-76.3490345, 3.3739972], [-76.3488553, 3.3742559], [-76.3481863, 3.3751728]]}}, {"type": "Feature", "properties": {"OBJECTID": 4078, "Shape_Leng": 82.5594586344, "RUTA": null}, "geometry": {"type": "LineString", "coordinates": [[-76.2981847, 3.4032027], [-76.2976924, 3.4037617]]}}, {"type": "Feature", "properties": {"OBJECTID": 4079, "Shape_Leng": 407.077614983, "RUTA": null}, "geometry": {"type": "LineString", "coordinates": [[-76.3172801, 3.403319], [-76.3176087, 3.4034523], [-76.3183678, 3.4037588], [-76.3194076, 3.4042505], [-76.3203353, 3.4046527], [-76.3206428, 3.4047759]]}}, {"type": "Feature", "properties": {"OBJECTID": 4080, "Shape_Leng": 2189.9589854, "RUTA": null}, "geometry": {"type": "LineString", "coordinates": [[-76.3208514, 3.4129994], [-76.3203118, 3.4127784], [-76.3192091, 3.4123449], [-76.3181294, 3.4119321], [-76.3171057, 3.4115129], [-76.3154635, 3.4108527], [-76.3152312, 3.4107813], [-76.3151519, 3.4107715], [-76.3151158, 3.4107849], [-76.3143161, 3.4121827], [-76.3138955, 3.4129674], [-76.3138419, 3.4130251], [-76.31378, 3.4130457], [-76.313703, 3.4130338], [-76.3128981, 3.4125504], [-76.3118707, 3.411948], [-76.3109116, 3.4114132], [-76.3104037, 3.411116], [-76.3103231, 3.4110843], [-76.3102352, 3.4110768], [-76.3102128, 3.4110901], [-76.3098161, 3.4117904], [-76.3095975, 3.4122485], [-76.3091849, 3.4130854], [-76.3085913, 3.4143173], [-76.307654, 3.4162144], [-76.3071887, 3.417234]]}}, {"type": "Feature", "properties": {"OBJECTID": 4081, "Shape_Leng": 2333.32208044, "RUTA": null}, "geometry": {"type": "LineString", "coordinates": [[-76.2970183, 3.4035282], [-76.2972875, 3.4036536], [-76.2976702, 3.4037746], [-76.2976996, 3.4038301], [-76.297246, 3.4050294], [-76.2966016, 3.4068881], [-76.2963099, 3.4077833], [-76.2960316, 3.4093468], [-76.2960057, 3.4096241], [-76.2961708, 3.4096893], [-76.2972125, 3.4100308], [-76.2973862, 3.4100829], [-76.2974654, 3.4100469], [-76.2978434, 3.4099231], [-76.2993861, 3.4106275], [-76.2998155, 3.4108099], [-76.3001073, 3.410852], [-76.300306, 3.4107958], [-76.3006411, 3.4106978], [-76.3008456, 3.4106885], [-76.301302, 3.4107222], [-76.3018017, 3.4107899], [-76.3019578, 3.4108085], [-76.3020688, 3.4107832], [-76.3022092, 3.4107568], [-76.3025076, 3.4107376], [-76.3027941, 3.410785], [-76.3030125, 3.4108427], [-76.3031894, 3.4109191], [-76.3033168, 3.4109375], [-76.3042845, 3.4110684], [-76.3044806, 3.411118], [-76.3046753, 3.4111563], [-76.3047898, 3.4111798], [-76.3048818, 3.4111813], [-76.3050176, 3.4111621], [-76.3051391, 3.4111551], [-76.305218, 3.4111907], [-76.3053754, 3.4112739], [-76.3054939, 3.4113235], [-76.3056021, 3.4113474], [-76.305656, 3.4113493], [-76.3058596, 3.411367], [-76.3060563, 3.4114184], [-76.3062487, 3.4114374], [-76.3065827, 3.4114946], [-76.306887, 3.4115466], [-76.3070015, 3.4115808], [-76.3070602, 3.4116], [-76.3071668, 3.4116171], [-76.3073703, 3.4116454], [-76.3078566, 3.4116982], [-76.30802, 3.4117459], [-76.3084236, 3.411914], [-76.3087714, 3.412049], [-76.308792, 3.4121251], [-76.3087997, 3.4121818], [-76.3088614, 3.4122435], [-76.3089413, 3.4122307], [-76.3095611, 3.4122648]]}}, {"type": "Feature", "properties": {"OBJECTID": 4082, "Shape_Leng": 1917.45736721, "RUTA": null}, "geometry": {"type": "LineString", "coordinates": [[-76.3129924, 3.4203569], [-76.3104876, 3.4189001], [-76.309997, 3.4186458], [-76.3087594, 3.4180198], [-76.3076524, 3.4174791], [-76.307186, 3.4172625], [-76.3056384, 3.4164629], [-76.3041347, 3.415699], [-76.3022601, 3.4147582], [-76.3010744, 3.414153], [-76.3009335, 3.414106], [-76.3008406, 3.4140887], [-76.3007444, 3.4140686], [-76.3019975, 3.4107995]]}}, {"type": "Feature", "properties": {"OBJECTID": 4083, "Shape_Leng": 1821.27006343, "RUTA": null}, "geometry": {"type": "LineString", "coordinates": [[-76.323062, 3.4053427], [-76.32237, 3.4080447], [-76.3218045, 3.4102498], [-76.3216539, 3.4108032], [-76.3213173, 3.4121343], [-76.3212512, 3.4122921], [-76.3211339, 3.4125513], [-76.3201887, 3.4142208], [-76.3188474, 3.4165374], [-76.3170073, 3.4197735], [-76.3166837, 3.42036]]}}, {"type": "Feature", "properties": {"OBJECTID": 4084, "Shape_Leng": 798.89963334, "RUTA": null}, "geometry": {"type": "LineString", "coordinates": [[-76.3119133, 3.4040333], [-76.3118201, 3.4042268], [-76.3118117, 3.4043316], [-76.3116556, 3.4052365], [-76.3115055, 3.4060494], [-76.3113139, 3.4070764], [-76.3112335, 3.4074278], [-76.3111936, 3.4076136], [-76.3109175, 3.4085186], [-76.3106542, 3.4093864], [-76.3105257, 3.4099002], [-76.3103802, 3.4105777], [-76.3102933, 3.4110564]]}}, {"type": "Feature", "properties": {"OBJECTID": 4086, "Shape_Leng": 1597.52737032, "RUTA": null}, "geometry": {"type": "LineString", "coordinates": [[-76.2782649, 3.3751142], [-76.2757107, 3.3778604], [-76.275693, 3.3778967], [-76.2727117, 3.3811443], [-76.2711836, 3.3828064], [-76.2702282, 3.3838922], [-76.2700883, 3.3840804], [-76.2700207, 3.3841179], [-76.2678298, 3.3840527]]}}, {"type": "Feature", "properties": {"OBJECTID": 4087, "Shape_Leng": 182.228765723, "RUTA": null}, "geometry": {"type": "LineString", "coordinates": [[-76.3096634, 3.420354], [-76.3098182, 3.4200815], [-76.3100476, 3.4196776], [-76.3102152, 3.4193826], [-76.3103496, 3.4191459], [-76.3104763, 3.4189229]]}}, {"type": "Feature", "properties": {"OBJECTID": 4088, "Shape_Leng": 3104.94905661, "RUTA": 1.0}, "geometry": {"type": "LineString", "coordinates": [[-76.2961792, 3.3751297], [-76.295999, 3.377281], [-76.2956863, 3.3804957], [-76.2955477, 3.38194], [-76.2953201, 3.3843664], [-76.2950671, 3.3868799], [-76.2948427, 3.3893271], [-76.2945266, 3.3922541], [-76.2942177, 3.3953918], [-76.2941171, 3.3965222], [-76.2938741, 3.3989588], [-76.2936664, 3.4011175], [-76.2934813, 3.4030746]]}}, {"type": "Feature", "properties": {"OBJECTID": 4089, "Shape_Leng": 514.100696786, "RUTA": null}, "geometry": {"type": "LineString", "coordinates": [[-76.3164421, 3.4063143], [-76.3167943, 3.4054102], [-76.3169265, 3.405023], [-76.3169572, 3.4048302], [-76.3169968, 3.4045176], [-76.3170209, 3.4036442], [-76.3170522, 3.4034608], [-76.3170887, 3.4033896], [-76.3171285, 3.4033534], [-76.3171701, 3.4033271], [-76.3172567, 3.4033095], [-76.3174535, 3.4018971]]}}, {"type": "Feature", "properties": {"OBJECTID": 4090, "Shape_Leng": 1947.02234299, "RUTA": 1.0}, "geometry": {"type": "LineString", "coordinates": [[-76.2934686, 3.403139], [-76.2932242, 3.4056218], [-76.2932062, 3.4057774], [-76.2924789, 3.4071195], [-76.2923851, 3.4073247], [-76.2919159, 3.409079], [-76.2918407, 3.4093124], [-76.2917526, 3.4096865], [-76.2918272, 3.4126243], [-76.2919026, 3.4155671], [-76.2919333, 3.4164902], [-76.2920634, 3.4169178], [-76.2924813, 3.4180361], [-76.2925038, 3.4181386], [-76.2924495, 3.4203392]]}}, {"type": "Feature", "properties": {"OBJECTID": 4091, "Shape_Leng": 758.819004026, "RUTA": null}, "geometry": {"type": "LineString", "coordinates": [[-76.3202128, 3.4061941], [-76.3202088, 3.4061245], [-76.3202084, 3.4060648], [-76.3209197, 3.4040746], [-76.3217014, 3.4019943], [-76.3224136, 3.4000443], [-76.322511, 3.3997431]]}}, {"type": "Feature", "properties": {"OBJECTID": 4092, "Shape_Leng": 512.552509353, "RUTA": null}, "geometry": {"type": "LineString", "coordinates": [[-76.3221535, 3.4203646], [-76.3183799, 3.4189048], [-76.3179292, 3.4188144], [-76.3178224, 3.4188365]]}}, {"type": "Feature", "properties": {"OBJECTID": 4094, "Shape_Leng": 1470.44149655, "RUTA": null}, "geometry": {"type": "LineString", "coordinates": [[-76.287583, 3.420335], [-76.2874969, 3.4202883], [-76.2863681, 3.4195508], [-76.2858082, 3.4192127], [-76.2843707, 3.4182846], [-76.2825502, 3.4171306], [-76.2809282, 3.4160262], [-76.2792811, 3.4149724], [-76.2777801, 3.4140069], [-76.2764354, 3.4131754]]}}, {"type": "Feature", "properties": {"OBJECTID": 4096, "Shape_Leng": 19.7381744344, "RUTA": null}, "geometry": {"type": "LineString", "coordinates": [[-76.3222727, 3.3753001], [-76.3223713, 3.3751517]]}}, {"type": "Feature", "properties": {"OBJECTID": 4097, "Shape_Leng": 693.353019766, "RUTA": null}, "geometry": {"type": "LineString", "coordinates": [[-76.2703616, 3.4020182], [-76.2684579, 3.4079888]]}}, {"type": "Feature", "properties": {"OBJECTID": 4098, "Shape_Leng": 249.612860726, "RUTA": null}, "geometry": {"type": "LineString", "coordinates": [[-76.3213913, 3.3751509], [-76.321116, 3.3755714], [-76.3210373, 3.3756998], [-76.3209897, 3.3757993], [-76.3206619, 3.3772551]]}}, {"type": "Feature", "properties": {"OBJECTID": 4099, "Shape_Leng": 197.478424738, "RUTA": null}, "geometry": {"type": "LineString", "coordinates": [[-76.2991045, 3.4043726], [-76.2984813, 3.4060449]]}}, {"type": "Feature", "properties": {"OBJECTID": 4100, "Shape_Leng": 530.724335129, "RUTA": null}, "geometry": {"type": "LineString", "coordinates": [[-76.2970934, 3.4055463], [-76.2984723, 3.4060688], [-76.2998546, 3.4065803], [-76.2998888, 3.4064897], [-76.3004863, 3.4048555]]}}, {"type": "Feature", "properties": {"OBJECTID": 4104, "Shape_Leng": 1849.41465831, "RUTA": null}, "geometry": {"type": "LineString", "coordinates": [[-76.2755043, 3.3861137], [-76.2749892, 3.3876449], [-76.2742409, 3.3900015], [-76.2737945, 3.3913458], [-76.272977, 3.3939406], [-76.2724986, 3.3954158], [-76.2714172, 3.3987692], [-76.2703616, 3.4020182]]}}, {"type": "Feature", "properties": {"OBJECTID": 4106, "Shape_Leng": 444.436828999, "RUTA": null}, "geometry": {"type": "LineString", "coordinates": [[-76.3238868, 3.3758489], [-76.3235335, 3.3765054], [-76.323033, 3.3775431], [-76.3227068, 3.3781601], [-76.3226887, 3.3782347], [-76.3226887, 3.378296], [-76.3232913, 3.3789664], [-76.3235647, 3.3792277]]}}, {"type": "Feature", "properties": {"OBJECTID": 4107, "Shape_Leng": 630.05158841, "RUTA": null}, "geometry": {"type": "LineString", "coordinates": [[-76.3140494, 3.405073], [-76.3151039, 3.4022198], [-76.3159919, 3.3997208]]}}, {"type": "Feature", "properties": {"OBJECTID": 4109, "Shape_Leng": 78.3857115523, "RUTA": null}, "geometry": {"type": "LineString", "coordinates": [[-76.3238858, 3.375791], [-76.3239735, 3.3755521], [-76.3241896, 3.3751532]]}}, {"type": "Feature", "properties": {"OBJECTID": 4111, "Shape_Leng": 1462.77734821, "RUTA": null}, "geometry": {"type": "LineString", "coordinates": [[-76.2870059, 3.3751218], [-76.2865608, 3.3797895], [-76.2862794, 3.3827069], [-76.2859265, 3.3863031], [-76.2857297, 3.3882867]]}}, {"type": "Feature", "properties": {"OBJECTID": 4112, "Shape_Leng": 2927.18111015, "RUTA": null}, "geometry": {"type": "LineString", "coordinates": [[-76.2857297, 3.3882867], [-76.2856662, 3.3890098], [-76.285624, 3.3894196], [-76.2855764, 3.3895342], [-76.2855297, 3.389627], [-76.2854622, 3.389706], [-76.2853847, 3.389743], [-76.2852566, 3.3897696], [-76.2851377, 3.3897499], [-76.2850789, 3.3897287], [-76.2828939, 3.3888939], [-76.2811334, 3.3882319], [-76.278863, 3.3873636], [-76.2766504, 3.3865252], [-76.2755027, 3.3860867], [-76.2735955, 3.3853556], [-76.2733794, 3.3852908], [-76.2732488, 3.3852899], [-76.2731566, 3.385324], [-76.2730746, 3.3853863], [-76.273031, 3.3854592], [-76.2723018, 3.3873355], [-76.2716737, 3.388959], [-76.2709142, 3.3909519], [-76.2702121, 3.3928064], [-76.2696615, 3.3942876], [-76.2695256, 3.3946184], [-76.2694685, 3.3947054], [-76.2694185, 3.3947308], [-76.2686072, 3.3949021], [-76.2678201, 3.3950463]]}}, {"type": "Feature", "properties": {"OBJECTID": 4113, "Shape_Leng": 494.330258093, "RUTA": null}, "geometry": {"type": "LineString", "coordinates": [[-76.2977136, 3.403863], [-76.2977157, 3.4038647], [-76.2977327, 3.4038734], [-76.299324, 3.4044217], [-76.3007123, 3.4049083], [-76.3019107, 3.4053419]]}}, {"type": "Feature", "properties": {"OBJECTID": 4122, "Shape_Leng": 1934.85087819, "RUTA": null}, "geometry": {"type": "LineString", "coordinates": [[-76.3481863, 3.3751728], [-76.3481451, 3.3752292], [-76.3475845, 3.3759917], [-76.3472401, 3.3764859], [-76.3470234, 3.3768742], [-76.3469266, 3.3770291], [-76.3468659, 3.3771714], [-76.3466286, 3.3779395], [-76.3463104, 3.3789353], [-76.3460765, 3.3796984], [-76.3458281, 3.3804911], [-76.3456809, 3.3809445], [-76.3454045, 3.38177], [-76.3452507, 3.382275], [-76.3451515, 3.3826097], [-76.3450075, 3.3830188], [-76.3449573, 3.3831985], [-76.3448555, 3.3834979], [-76.3447279, 3.3839159], [-76.3445845, 3.3843941], [-76.3445088, 3.3846423], [-76.3443953, 3.3849732], [-76.3442278, 3.3852801], [-76.3441779, 3.3853521], [-76.3439126, 3.3857383], [-76.3437, 3.3860523], [-76.3414478, 3.3894344], [-76.3406657, 3.3906302], [-76.3406433, 3.3906797], [-76.3406219, 3.3907285], [-76.3406184, 3.3907363]]}}, {"type": "Feature", "properties": {"OBJECTID": 4123, "Shape_Leng": 760.062001009, "RUTA": null}, "geometry": {"type": "LineString", "coordinates": [[-76.3874047, 3.392081], [-76.387207, 3.3916075], [-76.3871939, 3.3914898], [-76.3872336, 3.3913886], [-76.3872785, 3.3913069], [-76.3873958, 3.3911908], [-76.3874984, 3.3910815], [-76.3876231, 3.3909165], [-76.3881113, 3.3902752], [-76.3881636, 3.3901946], [-76.388534, 3.3896344], [-76.3885718, 3.3895991], [-76.3886379, 3.3895674], [-76.3896421, 3.3892111], [-76.389951, 3.3890888], [-76.3899866, 3.389105], [-76.3901134, 3.3896208], [-76.3901789, 3.3898744], [-76.3902248, 3.3900066], [-76.3902434, 3.3900794], [-76.3902676, 3.390275], [-76.3902679, 3.3904404], [-76.3902637, 3.3906685], [-76.390259, 3.390812], [-76.3902734, 3.3908736], [-76.3903096, 3.390905], [-76.3904992, 3.3910173], [-76.3906101, 3.3911159], [-76.390676, 3.3911749], [-76.390695, 3.3912302]]}}, {"type": "Feature", "properties": {"OBJECTID": 4124, "Shape_Leng": 2227.52317246, "RUTA": null}, "geometry": {"type": "LineString", "coordinates": [[-76.4016709, 3.3792018], [-76.401245, 3.3792153], [-76.4008023, 3.3792163], [-76.4005999, 3.3792144], [-76.4004309, 3.3792281], [-76.4004307, 3.379228], [-76.4003747, 3.3792225], [-76.4003402, 3.3792672], [-76.4003793, 3.3794671], [-76.4004694, 3.379755], [-76.4005387, 3.3799881], [-76.4005706, 3.3801215], [-76.4005804, 3.3802279], [-76.4005977, 3.380337], [-76.4005959, 3.3804106], [-76.4005823, 3.3804783], [-76.4005512, 3.3805638], [-76.4005055, 3.3806652], [-76.4004625, 3.3807523], [-76.4004202, 3.3808129], [-76.4003796, 3.3808819], [-76.4003375, 3.3809753], [-76.4002628, 3.3811225], [-76.4002102, 3.3812817], [-76.4001804, 3.3813494], [-76.40015, 3.3814169], [-76.4001264, 3.3814693], [-76.4001022, 3.3815228], [-76.4000649, 3.3815849], [-76.4000138, 3.3816414], [-76.3999426, 3.3817094], [-76.3998729, 3.3817681], [-76.3998137, 3.3818214], [-76.399753, 3.3818719], [-76.3996937, 3.3819187], [-76.3996143, 3.3819592], [-76.3995462, 3.3820026], [-76.3994914, 3.3820369], [-76.399436, 3.3820959], [-76.3993776, 3.3821547], [-76.3992631, 3.3822875], [-76.3992051, 3.3823758], [-76.3991768, 3.3824388], [-76.3991332, 3.3825089], [-76.3990815, 3.38258], [-76.3989942, 3.3826823], [-76.3989209, 3.3827734], [-76.3988386, 3.382866], [-76.3987525, 3.382977], [-76.3986301, 3.3831383], [-76.3985346, 3.3832859], [-76.3983854, 3.3835214], [-76.3981958, 3.3838301], [-76.3981147, 3.3840005], [-76.3980276, 3.3840004], [-76.3979259, 3.3840151], [-76.3978139, 3.3842127], [-76.3976712, 3.3843741], [-76.3975999, 3.3844643], [-76.3975276, 3.3845464], [-76.3974644, 3.3846267], [-76.3974092, 3.3847214], [-76.3973615, 3.3847822], [-76.3973282, 3.3848396], [-76.3972894, 3.3848924], [-76.397257, 3.3849314], [-76.3972183, 3.3849704], [-76.3971333, 3.3850802], [-76.3970325, 3.3851723], [-76.3969196, 3.3852895], [-76.396839, 3.3853607], [-76.3967839, 3.3854276], [-76.3967687, 3.3854536], [-76.3967183, 3.385566], [-76.3966673, 3.3856584], [-76.3966132, 3.3857953], [-76.3965369, 3.386063], [-76.3965066, 3.3862654], [-76.3965135, 3.3863402], [-76.3964788, 3.3864605], [-76.3963935, 3.3865517], [-76.3962764, 3.3865942], [-76.3961097, 3.3866478], [-76.3959877, 3.386718], [-76.3958939, 3.3868363], [-76.3958521, 3.3869815], [-76.395765, 3.3876023], [-76.3957667, 3.3876425], [-76.3957366, 3.3877953], [-76.3956523, 3.3879259], [-76.3955555, 3.3880547], [-76.3953944, 3.3882624], [-76.3951605, 3.3884945], [-76.3948441, 3.3887322], [-76.3944959, 3.3889199], [-76.3940698, 3.3891631], [-76.394027, 3.3891865], [-76.3936642, 3.3894223], [-76.3933367, 3.3897057], [-76.3930414, 3.3899479], [-76.3928953, 3.390078], [-76.3926658, 3.3902391], [-76.3924856, 3.3903236], [-76.3922133, 3.3904175], [-76.3919836, 3.390521], [-76.3917359, 3.3906456], [-76.3915954, 3.3907469], [-76.39134, 3.3909017], [-76.3911892, 3.3910113], [-76.3910344, 3.3910943], [-76.3908749, 3.3911507], [-76.3907446, 3.3912148], [-76.3906235, 3.3913412], [-76.3904245, 3.3915291], [-76.3904074, 3.3915649], [-76.3903771, 3.391681], [-76.3904739, 3.392109], [-76.3905069, 3.3922764], [-76.3905637, 3.3924106], [-76.3906679, 3.3926077], [-76.3907458, 3.3927685], [-76.3908536, 3.3929615], [-76.3909319, 3.3930825], [-76.3909835, 3.3931398]]}}, {"type": "Feature", "properties": {"OBJECTID": 4125, "Shape_Leng": 1933.35230342, "RUTA": null}, "geometry": {"type": "LineString", "coordinates": [[-76.3536525, 3.3918273], [-76.3538152, 3.391691], [-76.3539228, 3.3915745], [-76.3545361, 3.3907357], [-76.3550344, 3.3900251], [-76.3553235, 3.3896343], [-76.3555126, 3.3893874], [-76.3558219, 3.3890453], [-76.3561687, 3.388678], [-76.3562925, 3.3885493], [-76.3565008, 3.3883664], [-76.3566198, 3.3882521], [-76.3567098, 3.3881576], [-76.3567903, 3.388072], [-76.3569387, 3.3879955], [-76.357095, 3.3879381], [-76.3574364, 3.3878132], [-76.3576594, 3.3877475], [-76.3578592, 3.3877307], [-76.3579782, 3.3877233], [-76.3580933, 3.3877439], [-76.3584434, 3.3878341], [-76.3588267, 3.387959], [-76.3590306, 3.3880541], [-76.3591609, 3.3881285], [-76.3592645, 3.3882107], [-76.3593724, 3.3883054], [-76.359544, 3.3885017], [-76.3597154, 3.3887248], [-76.3599499, 3.3889979], [-76.3600679, 3.3891022], [-76.3601577, 3.3891699], [-76.3603044, 3.3892574], [-76.360783, 3.3895231], [-76.3610427, 3.3896667], [-76.3613102, 3.3897606], [-76.3617129, 3.3898862], [-76.3621576, 3.3900263], [-76.3624768, 3.3901207], [-76.3628555, 3.3902322], [-76.3632187, 3.3903522], [-76.3633737, 3.3904217], [-76.3634855, 3.3904884], [-76.3636279, 3.3905955], [-76.3638847, 3.3908086], [-76.3643913, 3.3912551], [-76.364677, 3.3915146], [-76.3647945, 3.3916641], [-76.364857, 3.3917635], [-76.3650013, 3.3919692], [-76.3651829, 3.3923404], [-76.3656162, 3.3931157], [-76.3657623, 3.3933767], [-76.3659798, 3.393793], [-76.3661205, 3.3940266], [-76.3661924, 3.3941861], [-76.3663031, 3.3943997], [-76.3663388, 3.394475]]}}, {"type": "Feature", "properties": {"OBJECTID": 4130, "Shape_Leng": 440.612806859, "RUTA": null}, "geometry": {"type": "LineString", "coordinates": [[-76.3870277, 3.3928014], [-76.3871115, 3.392693], [-76.3872389, 3.3924752], [-76.387286, 3.3924079], [-76.3873494, 3.3923022], [-76.3873835, 3.3922476], [-76.3874366, 3.392148], [-76.3874615, 3.392118], [-76.387496, 3.3920969], [-76.3875614, 3.3920671], [-76.3876763, 3.3920191], [-76.3878498, 3.3919462], [-76.3879795, 3.391917], [-76.3880961, 3.3918931], [-76.3881951, 3.3918753], [-76.388292, 3.3918782], [-76.3884623, 3.3918666], [-76.3885706, 3.3918704], [-76.3887076, 3.391866], [-76.3887969, 3.3918695], [-76.38888, 3.3918802], [-76.3889944, 3.3919201], [-76.3890745, 3.3919565], [-76.3891507, 3.3919868], [-76.3892389, 3.3920172], [-76.3893117, 3.3920441], [-76.389369, 3.3920699], [-76.389457, 3.3921035], [-76.3895773, 3.3921399], [-76.3896619, 3.3921513], [-76.3897488, 3.3921732], [-76.3898294, 3.392184], [-76.3899172, 3.3922061], [-76.3901442, 3.3922297], [-76.3902177, 3.3922483], [-76.3903141, 3.3922702], [-76.3903983, 3.392299], [-76.3905034, 3.3923326]]}}, {"type": "Feature", "properties": {"OBJECTID": 4132, "Shape_Leng": 446.926991129, "RUTA": null}, "geometry": {"type": "LineString", "coordinates": [[-76.3746803, 3.3986246], [-76.3749393, 3.3984656], [-76.3754745, 3.3982523], [-76.375599, 3.3981746], [-76.3756276, 3.3981416], [-76.3756527, 3.3980939], [-76.375968, 3.397542], [-76.3766393, 3.3964415], [-76.3769348, 3.3959191], [-76.3770208, 3.3957203], [-76.3770829, 3.3955644]]}}, {"type": "Feature", "properties": {"OBJECTID": 4133, "Shape_Leng": 1754.20788299, "RUTA": null}, "geometry": {"type": "LineString", "coordinates": [[-76.3712063, 3.3936467], [-76.3712714, 3.3939434], [-76.371667, 3.3946171], [-76.3721073, 3.3953349], [-76.37258, 3.3960615], [-76.37296, 3.396692], [-76.3733198, 3.3972947], [-76.3734895, 3.3975584], [-76.3735266, 3.3976059], [-76.373567, 3.3976589], [-76.3736813, 3.3977869], [-76.3740234, 3.3981157], [-76.3744515, 3.3985182], [-76.3746282, 3.3986224], [-76.3747228, 3.3986784], [-76.3747582, 3.3986908], [-76.3748313, 3.398721], [-76.3749842, 3.3987628], [-76.3753566, 3.398855], [-76.3759781, 3.3990188], [-76.3762436, 3.3991065], [-76.3763318, 3.399145], [-76.3764322, 3.3991955], [-76.3766032, 3.3992985], [-76.3769763, 3.399506], [-76.3772299, 3.3996132], [-76.3773294, 3.3996404], [-76.3774318, 3.399669], [-76.3775223, 3.3996825], [-76.377936, 3.3997287], [-76.3786488, 3.3998838], [-76.3792224, 3.3999693], [-76.3797549, 3.4000214], [-76.3802792, 3.4000862], [-76.380529, 3.4001235], [-76.3806269, 3.4001663], [-76.3807533, 3.4002194], [-76.3812625, 3.4004202], [-76.3814741, 3.4005014], [-76.3815638, 3.4005377], [-76.3816181, 3.4005555], [-76.3818678, 3.4005887], [-76.3820596, 3.4005836], [-76.3823906, 3.400569], [-76.3826873, 3.4005174], [-76.3830568, 3.4003997], [-76.3835558, 3.4001895], [-76.3838962, 3.4000294]]}}, {"type": "Feature", "properties": {"OBJECTID": 4134, "Shape_Leng": 619.510883094, "RUTA": null}, "geometry": {"type": "LineString", "coordinates": [[-76.3776137, 3.3941123], [-76.3784238, 3.3940102], [-76.3791544, 3.3938865], [-76.3793837, 3.3938502], [-76.379587, 3.393816], [-76.3798013, 3.3937759], [-76.3799731, 3.3937635], [-76.3801245, 3.3937349], [-76.3802393, 3.3937205], [-76.3803218, 3.3937259], [-76.3804036, 3.3937188], [-76.3804721, 3.3937266], [-76.3805424, 3.3937414], [-76.3808846, 3.3937742], [-76.3815788, 3.3938824], [-76.3825152, 3.3939893], [-76.383003, 3.3940693], [-76.383133, 3.3940798]]}}, {"type": "Feature", "properties": {"OBJECTID": 4135, "Shape_Leng": 1148.46655508, "RUTA": null}, "geometry": {"type": "LineString", "coordinates": [[-76.3752785, 3.3807014], [-76.3752836, 3.3807183], [-76.3752892, 3.3807407], [-76.3753029, 3.3807766], [-76.3753129, 3.3808008], [-76.3753209, 3.3808271], [-76.3753332, 3.3808575], [-76.3753494, 3.3808954], [-76.3753662, 3.3809335], [-76.3753824, 3.3809761], [-76.3753993, 3.3810142], [-76.3754079, 3.3810475], [-76.3754217, 3.3810863], [-76.3754342, 3.3811237], [-76.3754478, 3.3811543], [-76.3754608, 3.3811848], [-76.3754779, 3.3812218], [-76.3754948, 3.3812587], [-76.3755111, 3.3812955], [-76.3755261, 3.381331], [-76.3755379, 3.3813578], [-76.3755504, 3.3813894], [-76.3755671, 3.381424], [-76.3755859, 3.3814635], [-76.3756032, 3.381497], [-76.3756295, 3.3815354], [-76.3756532, 3.3815827], [-76.3756738, 3.3816272], [-76.3756915, 3.3816666], [-76.3757115, 3.3817039], [-76.375722, 3.3817329], [-76.375731, 3.381764], [-76.3757398, 3.3817938], [-76.3757492, 3.3818273], [-76.3757575, 3.3818582], [-76.3757635, 3.3818818], [-76.3757866, 3.3819054], [-76.3758176, 3.3819226], [-76.3758455, 3.3819298], [-76.3758832, 3.381933], [-76.3759094, 3.3819325], [-76.3759341, 3.3819337], [-76.3759765, 3.3819365], [-76.3759997, 3.3819327], [-76.3760397, 3.3819362], [-76.3760648, 3.381935], [-76.3760909, 3.3819346], [-76.3761191, 3.3819357], [-76.3761619, 3.3819439], [-76.3761981, 3.3819651], [-76.3762295, 3.3819872], [-76.376262, 3.3820175], [-76.3762862, 3.3820429], [-76.3763022, 3.3820751], [-76.3763084, 3.3821011], [-76.376316, 3.3821273], [-76.3763208, 3.3821519], [-76.3763292, 3.3821817], [-76.376334, 3.3822062], [-76.3763385, 3.3822343], [-76.3763441, 3.3822648], [-76.376348, 3.3822904], [-76.376351, 3.3823206], [-76.3763547, 3.3823578], [-76.3763579, 3.3824229], [-76.3763639, 3.3824756], [-76.3763721, 3.3825159], [-76.3763762, 3.3825485], [-76.3763836, 3.3825863], [-76.3763907, 3.3826206], [-76.3763983, 3.3826491], [-76.3764056, 3.3826811], [-76.3764144, 3.3827033], [-76.3764202, 3.3827281], [-76.3764367, 3.3827725], [-76.3764457, 3.3827978], [-76.376456, 3.3828197], [-76.3764655, 3.3828415], [-76.3764781, 3.3828661], [-76.3764903, 3.3828895], [-76.3765071, 3.3829218], [-76.3765271, 3.3829558], [-76.3765504, 3.3829913], [-76.3765696, 3.3830138], [-76.376584, 3.3830331], [-76.3766131, 3.3830768], [-76.3766302, 3.383101], [-76.3766528, 3.3831329], [-76.3766767, 3.383172], [-76.3767068, 3.383199], [-76.3767389, 3.3832348], [-76.3767692, 3.3832681], [-76.3768004, 3.3833032], [-76.3768308, 3.3833355], [-76.3768577, 3.3833609], [-76.3768813, 3.3833847], [-76.3769079, 3.3834118], [-76.3769319, 3.38344], [-76.3769622, 3.3834733], [-76.3769999, 3.3835118], [-76.3770379, 3.3835511], [-76.3770736, 3.3835868], [-76.3771116, 3.3836365], [-76.3771369, 3.3836644], [-76.377173, 3.3837094], [-76.3771973, 3.383737], [-76.3772202, 3.3837577], [-76.3772498, 3.3837881], [-76.3772817, 3.3838263], [-76.3773022, 3.3838474], [-76.3773212, 3.3838709], [-76.3773399, 3.3838943], [-76.3773602, 3.3839214], [-76.3773828, 3.3839522], [-76.3774039, 3.3839772], [-76.3774262, 3.3840024], [-76.3774513, 3.3840314], [-76.377479, 3.3840593], [-76.3775095, 3.3840911], [-76.3775446, 3.3841309], [-76.377575, 3.3841631], [-76.377601, 3.3841945], [-76.3776279, 3.3842272], [-76.3776526, 3.3842584], [-76.3776736, 3.3842845], [-76.3777076, 3.3843161], [-76.3777215, 3.3843364], [-76.3777413, 3.3843563], [-76.3777631, 3.3843768], [-76.3777872, 3.3843971], [-76.3778124, 3.3844184], [-76.3778303, 3.3844338], [-76.3778478, 3.3844521], [-76.3778671, 3.3844665], [-76.3779021, 3.3844764], [-76.3779256, 3.3844783], [-76.377955, 3.3844788], [-76.3779787, 3.384479], [-76.3780065, 3.3844751], [-76.3780328, 3.3844738], [-76.3780651, 3.3844705], [-76.3781032, 3.3844678], [-76.3781422, 3.3844662], [-76.3781719, 3.3844653], [-76.3781994, 3.3844633], [-76.3782298, 3.384458], [-76.3782551, 3.384455], [-76.3782808, 3.3844538], [-76.3783312, 3.3844578], [-76.3783633, 3.3844601], [-76.3783943, 3.3844623], [-76.3784362, 3.3844687], [-76.3784781, 3.3844745], [-76.3785045, 3.3844799], [-76.3785386, 3.3844998], [-76.3785599, 3.3845182], [-76.378573, 3.3845586], [-76.3785757, 3.3845963], [-76.3785765, 3.3846191], [-76.3785762, 3.3846604], [-76.3785767, 3.3846855], [-76.3785792, 3.3847097], [-76.3785839, 3.3847558], [-76.3785887, 3.3847909], [-76.3785942, 3.3848238], [-76.3785998, 3.3848485], [-76.3786071, 3.3848705], [-76.3786271, 3.3848907], [-76.378652, 3.3849025], [-76.3786776, 3.3849056], [-76.378703, 3.3849094], [-76.3787309, 3.384913], [-76.3787616, 3.3849205], [-76.378801, 3.3849165], [-76.3788369, 3.3849201], [-76.3788775, 3.3849236], [-76.3789257, 3.3849308], [-76.3789749, 3.3849383], [-76.3790358, 3.3849453], [-76.3790831, 3.3849504], [-76.3791339, 3.3849558], [-76.3791776, 3.3849618], [-76.3792268, 3.3849691], [-76.3792853, 3.3849768], [-76.3793335, 3.384984], [-76.379385, 3.3849918], [-76.3794412, 3.3849991], [-76.3795109, 3.3850099], [-76.3795901, 3.385018], [-76.3796612, 3.3850267], [-76.3797112, 3.385029], [-76.3797506, 3.3850331], [-76.3797941, 3.3850329], [-76.379849, 3.3850336], [-76.3799034, 3.3850375], [-76.3799582, 3.385039], [-76.3800081, 3.3850422], [-76.3800666, 3.3850497], [-76.380132, 3.3850575], [-76.3802124, 3.3850739], [-76.3802911, 3.3850859], [-76.3803565, 3.3850934], [-76.3804047, 3.3851008], [-76.3804454, 3.3851032], [-76.3804679, 3.3851037], [-76.3804957, 3.3851038], [-76.3805459, 3.3851051], [-76.3805774, 3.3851072], [-76.3806004, 3.385105], [-76.3806219, 3.3851117], [-76.3806511, 3.3851144], [-76.3806802, 3.3851171], [-76.3807086, 3.3851169], [-76.3807369, 3.3851177], [-76.3807615, 3.3851196], [-76.3808092, 3.3851219], [-76.3808348, 3.3851249], [-76.3808678, 3.3851253], [-76.3809002, 3.3851294], [-76.3809351, 3.3851319], [-76.3809621, 3.3851333], [-76.3810065, 3.3851383], [-76.3810299, 3.3851411], [-76.3810798, 3.3851478], [-76.3811133, 3.3851521], [-76.381141, 3.3851571], [-76.3811756, 3.3851615], [-76.3812055, 3.385167], [-76.3812379, 3.385171], [-76.3812669, 3.3851745], [-76.3813138, 3.3851783], [-76.3813582, 3.3851834], [-76.3813826, 3.3851871], [-76.3814231, 3.3851949], [-76.3814469, 3.3852019], [-76.3814761, 3.3852118], [-76.3814976, 3.3852192], [-76.3815197, 3.3852302], [-76.3815416, 3.3852425], [-76.3815638, 3.38526], [-76.3815826, 3.385285], [-76.3815926, 3.3853209], [-76.3815993, 3.3853464], [-76.3816063, 3.3853787], [-76.3816169, 3.385419], [-76.3816273, 3.3854542], [-76.3816395, 3.3854896], [-76.3816531, 3.3855249], [-76.3816647, 3.3855668], [-76.3816743, 3.3856102], [-76.3816827, 3.3856522], [-76.3816898, 3.3856902], [-76.3816966, 3.3857294], [-76.3817024, 3.385765], [-76.3817076, 3.3858023], [-76.3817106, 3.3858408], [-76.3817127, 3.3858782], [-76.3817186, 3.3859199], [-76.3817267, 3.3859516], [-76.3817363, 3.3859923], [-76.3817436, 3.3860302], [-76.3817523, 3.3860621], [-76.3817714, 3.3860892], [-76.3818018, 3.386103], [-76.3818335, 3.3861116], [-76.3818735, 3.3861167], [-76.3819091, 3.3861226], [-76.3819488, 3.3861302], [-76.3819915, 3.3861398], [-76.3820333, 3.386149], [-76.3820739, 3.3861578], [-76.3821127, 3.3861656], [-76.3821459, 3.3861713], [-76.3821802, 3.3861756], [-76.3822117, 3.3861787], [-76.3822492, 3.3861816], [-76.3822817, 3.3861871], [-76.3823172, 3.3861969], [-76.3823455, 3.3862088]]}}, {"type": "Feature", "properties": {"OBJECTID": 4136, "Shape_Leng": 1738.73798203, "RUTA": null}, "geometry": {"type": "LineString", "coordinates": [[-76.3708095, 3.3839062], [-76.3708213, 3.3842598], [-76.3708206, 3.3843955], [-76.3708374, 3.3844746], [-76.3708692, 3.3845228], [-76.3709023, 3.3845613], [-76.370952, 3.3845931], [-76.3710161, 3.3846226], [-76.3712936, 3.3847232], [-76.3713844, 3.3847594], [-76.3714638, 3.3847961], [-76.3715254, 3.3848349], [-76.3715791, 3.3848742], [-76.3716556, 3.3849309], [-76.3717258, 3.3850057], [-76.3717838, 3.3850719], [-76.3718342, 3.3851474], [-76.3718801, 3.385213], [-76.3719314, 3.3852764], [-76.3719832, 3.3853771], [-76.3720325, 3.3854559], [-76.3720746, 3.3855182], [-76.3721242, 3.385577], [-76.3721713, 3.3856299], [-76.3722487, 3.3857058], [-76.3723, 3.3857486], [-76.3723513, 3.3857934], [-76.3723937, 3.3858158], [-76.3724326, 3.3858332], [-76.372476, 3.3858524], [-76.3725695, 3.3858809], [-76.3726419, 3.3858926], [-76.3727339, 3.3859148], [-76.3728488, 3.3859446], [-76.3729616, 3.3859711], [-76.3730589, 3.3860064], [-76.3731489, 3.3860473], [-76.3732405, 3.3860889], [-76.3733537, 3.3861404], [-76.3734728, 3.3862082], [-76.3736292, 3.3862693], [-76.3737715, 3.3863388], [-76.373907, 3.3864004], [-76.3740577, 3.3864689], [-76.374211, 3.3865459], [-76.3742948, 3.386599], [-76.3743436, 3.3866479], [-76.3743786, 3.3866934], [-76.3744113, 3.3867367], [-76.3744426, 3.3867842], [-76.3744728, 3.3868549], [-76.374512, 3.3869646], [-76.3745573, 3.3870432], [-76.3745959, 3.3871087], [-76.3746334, 3.3871533], [-76.3746796, 3.3872127], [-76.3747532, 3.3872917], [-76.3748364, 3.3873729], [-76.3749393, 3.3874589], [-76.3750739, 3.3876011], [-76.3752076, 3.3877395], [-76.3753525, 3.3878767], [-76.3754936, 3.3880112], [-76.3756594, 3.3882151], [-76.3756401, 3.3883213], [-76.3756039, 3.3883768], [-76.3754691, 3.3885075], [-76.3753609, 3.3886603], [-76.3752544, 3.3888041], [-76.3751942, 3.3889403], [-76.375151, 3.3890205], [-76.3751132, 3.3890974], [-76.3750627, 3.3892771], [-76.3750148, 3.3894484], [-76.3749618, 3.3896443], [-76.3749274, 3.3897939], [-76.3748914, 3.3899471], [-76.3748592, 3.3901341], [-76.374816, 3.3903178], [-76.3747598, 3.3905167], [-76.3747284, 3.3906591], [-76.3747032, 3.3907787], [-76.3746917, 3.3908517], [-76.3747024, 3.3909058], [-76.3747263, 3.3909457], [-76.3747605, 3.3909818], [-76.3748235, 3.3910423], [-76.3755771, 3.3916547], [-76.3756785, 3.3917578], [-76.3758359, 3.3919051], [-76.3760276, 3.3921064], [-76.3764341, 3.3925004], [-76.3767101, 3.3927518], [-76.3768567, 3.3928911], [-76.3769765, 3.3930102], [-76.3770909, 3.3931344], [-76.377172, 3.3932253], [-76.3772707, 3.3933243], [-76.3773412, 3.3934119], [-76.3773983, 3.3934852], [-76.3774461, 3.3935709], [-76.377489, 3.3936548], [-76.3775276, 3.3937497], [-76.3775445, 3.3938464], [-76.3775619, 3.3939436], [-76.3775722, 3.3940482], [-76.3775886, 3.394112], [-76.3775957, 3.3942072], [-76.3775925, 3.3943588], [-76.377579, 3.3944671], [-76.3775557, 3.3945897], [-76.3775308, 3.3946811], [-76.3774902, 3.3947971], [-76.3774019, 3.3949563], [-76.3772581, 3.3952884], [-76.3771632, 3.395513]]}}, {"type": "Feature", "properties": {"OBJECTID": 4137, "Shape_Leng": 962.370651127, "RUTA": null}, "geometry": {"type": "LineString", "coordinates": [[-76.3672171, 3.3830249], [-76.3673307, 3.3826365], [-76.3674726, 3.3823166], [-76.3677175, 3.3818278], [-76.3680097, 3.3812368], [-76.3682956, 3.3806639], [-76.3686742, 3.3798551], [-76.3689637, 3.3792504], [-76.369351, 3.3784858], [-76.3696761, 3.3778505], [-76.3697885, 3.3776027], [-76.3699973, 3.3771572], [-76.3703191, 3.3765171], [-76.3706107, 3.3758886], [-76.3709309, 3.3752647], [-76.3709718, 3.3751907]]}}, {"type": "Feature", "properties": {"OBJECTID": 4138, "Shape_Leng": 1041.98141532, "RUTA": null}, "geometry": {"type": "LineString", "coordinates": [[-76.3661721, 3.3837038], [-76.3661313, 3.3836698], [-76.3660697, 3.3836378], [-76.3659904, 3.3835901], [-76.3658284, 3.3835029], [-76.3657039, 3.3834272], [-76.3655925, 3.3833727], [-76.3654891, 3.3833089], [-76.3653416, 3.3831998], [-76.365235, 3.3831309], [-76.3651483, 3.3830711], [-76.3650805, 3.3830317], [-76.3650123, 3.3830007], [-76.3649276, 3.3829736], [-76.3647269, 3.3829676], [-76.3644821, 3.3829836], [-76.3641949, 3.382996], [-76.3640635, 3.3829949], [-76.3638488, 3.3829823], [-76.3636163, 3.3829476], [-76.3634595, 3.3829374], [-76.3633681, 3.3829436], [-76.3633143, 3.3829496], [-76.3631909, 3.3829851], [-76.363003, 3.3830395], [-76.362882, 3.3830704], [-76.3627878, 3.383073], [-76.3626698, 3.3830591], [-76.3624931, 3.3830151], [-76.3620281, 3.3829004], [-76.3617876, 3.3828401], [-76.3616324, 3.3827908], [-76.3614787, 3.3827567], [-76.361323, 3.3827208], [-76.3610903, 3.3827006], [-76.3608812, 3.3826973], [-76.3606212, 3.3826429], [-76.3604136, 3.3825835], [-76.3600257, 3.3824489], [-76.3597283, 3.3823902], [-76.3594625, 3.3823842], [-76.3592254, 3.3824172], [-76.3587411, 3.3824898], [-76.3582503, 3.3825869], [-76.3578198, 3.3827013], [-76.3575906, 3.3827596], [-76.3573872, 3.3828931], [-76.3572434, 3.3830381]]}}, {"type": "Feature", "properties": {"OBJECTID": 4139, "Shape_Leng": 848.116244975, "RUTA": null}, "geometry": {"type": "LineString", "coordinates": [[-76.3660191, 3.3754125], [-76.366012, 3.375659], [-76.3659949, 3.3757611], [-76.3659826, 3.3758376], [-76.3659596, 3.3759023], [-76.3659274, 3.3759843], [-76.3658782, 3.3760935], [-76.3658296, 3.3762015], [-76.3657947, 3.376281], [-76.3657567, 3.3763885], [-76.3657429, 3.3764583], [-76.3657267, 3.3765318], [-76.3656988, 3.3767019], [-76.3656101, 3.3772782], [-76.3655077, 3.3778802], [-76.3654297, 3.3783731], [-76.3653629, 3.3787682], [-76.3653346, 3.37899], [-76.3653115, 3.3791084], [-76.3652966, 3.3792078], [-76.3652999, 3.3792818], [-76.365298, 3.3793568], [-76.3653018, 3.3795603], [-76.365287, 3.3797621], [-76.3652657, 3.3799679], [-76.365245, 3.3801819], [-76.3652327, 3.3803866], [-76.3652301, 3.3805663], [-76.3652137, 3.3806935], [-76.3651991, 3.3808123], [-76.3651636, 3.3809802], [-76.3651084, 3.381288], [-76.3650069, 3.3817063], [-76.364885, 3.3821789], [-76.364771, 3.3828451], [-76.3647671, 3.3829058], [-76.3647713, 3.3829439]]}}, {"type": "Feature", "properties": {"OBJECTID": 4140, "Shape_Leng": 1976.23997067, "RUTA": null}, "geometry": {"type": "LineString", "coordinates": [[-76.3616295, 3.3898337], [-76.3617602, 3.3896778], [-76.3620813, 3.389291], [-76.3624559, 3.3888458], [-76.3626778, 3.3885731], [-76.3632496, 3.3878931], [-76.3635397, 3.3875331], [-76.3637903, 3.3872205], [-76.3639466, 3.3870289], [-76.3640561, 3.3868773], [-76.3641227, 3.38676], [-76.3641971, 3.3866227], [-76.3642457, 3.3865582], [-76.364288, 3.3865151], [-76.3643419, 3.3864759], [-76.3643931, 3.3864305], [-76.3646986, 3.3862577], [-76.3647857, 3.3861408], [-76.3648665, 3.3860107], [-76.3649316, 3.3858853], [-76.3649988, 3.3857477], [-76.3650353, 3.3856793], [-76.3650644, 3.3856133], [-76.3651071, 3.3855226], [-76.3651356, 3.385486], [-76.3651706, 3.3854474], [-76.3652242, 3.3853973], [-76.3654992, 3.3851545], [-76.3656476, 3.3850368], [-76.3657518, 3.3849483], [-76.3658423, 3.3848587], [-76.3659103, 3.3847611], [-76.3659641, 3.3846428], [-76.3659959, 3.3845591], [-76.3660292, 3.3844721], [-76.3660788, 3.3842825], [-76.3661092, 3.3841767], [-76.3661332, 3.3840709], [-76.3661544, 3.3839576], [-76.3661708, 3.3838703], [-76.3661825, 3.3837978], [-76.3661924, 3.3837207], [-76.3662121, 3.3836565], [-76.3662516, 3.3836062], [-76.3662933, 3.3835596], [-76.366347, 3.3835107], [-76.3664443, 3.3834389], [-76.3666152, 3.3833256], [-76.3667452, 3.3832356], [-76.3668881, 3.3831664], [-76.3670213, 3.3831039], [-76.3671367, 3.3830706], [-76.3672776, 3.3830354], [-76.3674074, 3.383039], [-76.3675292, 3.3830511], [-76.3678695, 3.3830997], [-76.3684351, 3.3831856], [-76.3687477, 3.3832231], [-76.3688666, 3.383256], [-76.3689429, 3.3832794], [-76.3690709, 3.3833288], [-76.3692161, 3.3833844], [-76.3693999, 3.3834538], [-76.3695444, 3.3835195], [-76.3696265, 3.3835533], [-76.3697239, 3.3835852], [-76.3698464, 3.3836408], [-76.3699279, 3.3836717], [-76.3700157, 3.3836933], [-76.3701031, 3.3837099], [-76.37022, 3.3837473], [-76.3703573, 3.3837834], [-76.3704933, 3.3838188], [-76.3705892, 3.3838397], [-76.3706732, 3.3838626], [-76.3707368, 3.3838762], [-76.3708073, 3.3838817], [-76.3708675, 3.3838749], [-76.370934, 3.3838739], [-76.3710061, 3.3838495], [-76.3711004, 3.3838094], [-76.3712214, 3.3837596], [-76.3713428, 3.3836994], [-76.3714706, 3.38362], [-76.3716447, 3.3834829], [-76.3717824, 3.3833571], [-76.3719419, 3.3832172], [-76.3721231, 3.3830579], [-76.372334, 3.3828972], [-76.3725519, 3.3827307], [-76.3728727, 3.3824905], [-76.3730062, 3.382389], [-76.373087, 3.3823107], [-76.3732149, 3.3821801], [-76.3732998, 3.3820768], [-76.3733817, 3.3819679], [-76.373446, 3.3818706], [-76.3735544, 3.3816845], [-76.3736484, 3.3814967], [-76.3738259, 3.3812118], [-76.3739823, 3.3809569], [-76.3741115, 3.3808188], [-76.3742728, 3.3806979], [-76.3743854, 3.3806227], [-76.3744659, 3.3805529]]}}, {"type": "Feature", "properties": {"OBJECTID": 4141, "Shape_Leng": 752.18873744, "RUTA": null}, "geometry": {"type": "LineString", "coordinates": [[-76.3472876, 3.392803], [-76.3474206, 3.392552], [-76.3475383, 3.3923392], [-76.347603, 3.3922513], [-76.3477041, 3.3921513], [-76.3478441, 3.392074], [-76.347965, 3.3920349], [-76.3481053, 3.3920092], [-76.3482305, 3.3919982], [-76.3483972, 3.3920127], [-76.3486758, 3.3920869], [-76.349014, 3.392208], [-76.3499012, 3.3925056], [-76.3501422, 3.392591], [-76.3502761, 3.3926448], [-76.3504298, 3.392718], [-76.3505897, 3.3927637], [-76.3507181, 3.3927899], [-76.3508929, 3.3928009], [-76.3510492, 3.392795], [-76.3512266, 3.3927497], [-76.3513486, 3.3927076], [-76.3519428, 3.3925369], [-76.3525323, 3.3924133], [-76.3527986, 3.3923546], [-76.3530335, 3.3922876], [-76.3532463, 3.3922061], [-76.3534339, 3.3921067]]}}, {"type": "Feature", "properties": {"OBJECTID": 4212, "Shape_Leng": 4.90869709944, "RUTA": null}, "geometry": {"type": "LineString", "coordinates": [[-76.3712063, 3.3936467], [-76.3711965, 3.3936034]]}}, {"type": "Feature", "properties": {"OBJECTID": 4213, "Shape_Leng": 4.24026425298, "RUTA": null}, "geometry": {"type": "LineString", "coordinates": [[-76.3771632, 3.395513], [-76.377148, 3.3955481]]}}, {"type": "Feature", "properties": {"OBJECTID": 4214, "Shape_Leng": 4.07704129582, "RUTA": null}, "geometry": {"type": "LineString", "coordinates": [[-76.3770829, 3.3955644], [-76.3770963, 3.3955301]]}}, {"type": "Feature", "properties": {"OBJECTID": 4215, "Shape_Leng": 2.96214780725, "RUTA": null}, "geometry": {"type": "LineString", "coordinates": [[-76.3616295, 3.3898337], [-76.3616135, 3.3898552]]}}, {"type": "Feature", "properties": {"OBJECTID": 4228, "Shape_Leng": 3.12180633998, "RUTA": null}, "geometry": {"type": "LineString", "coordinates": [[-76.3906954, 3.3912286], [-76.3907049, 3.3912552]]}}, {"type": "Feature", "properties": {"OBJECTID": 4229, "Shape_Leng": 3.68320037923, "RUTA": null}, "geometry": {"type": "LineString", "coordinates": [[-76.3905031, 3.3923325], [-76.3905034, 3.3923326], [-76.3905349, 3.3923419]]}}, {"type": "Feature", "properties": {"OBJECTID": 4230, "Shape_Leng": 8.1277492521, "RUTA": null}, "geometry": {"type": "LineString", "coordinates": [[-76.3874045, 3.3920805], [-76.3874047, 3.392081], [-76.3874353, 3.3921472]]}}, {"type": "Feature", "properties": {"OBJECTID": 4232, "Shape_Leng": 4.62497249352, "RUTA": null}, "geometry": {"type": "LineString", "coordinates": [[-76.3823446, 3.3862088], [-76.3823829, 3.3862252]]}}, {"type": "Feature", "properties": {"OBJECTID": 4233, "Shape_Leng": 4.96535799178, "RUTA": null}, "geometry": {"type": "LineString", "coordinates": [[-76.383132, 3.39408], [-76.3831767, 3.3940816]]}}, {"type": "Feature", "properties": {"OBJECTID": 4234, "Shape_Leng": 2.82011558911, "RUTA": null}, "geometry": {"type": "LineString", "coordinates": [[-76.3776137, 3.3941123], [-76.3775887, 3.3941163]]}}, {"type": "Feature", "properties": {"OBJECTID": 4235, "Shape_Leng": 2.74259418244, "RUTA": null}, "geometry": {"type": "LineString", "coordinates": [[-76.3708095, 3.3839064], [-76.3708095, 3.3839062], [-76.3708082, 3.3838816]]}}, {"type": "Feature", "properties": {"OBJECTID": 4236, "Shape_Leng": 4.82467490413, "RUTA": null}, "geometry": {"type": "LineString", "coordinates": [[-76.3752785, 3.3807014], [-76.3752668, 3.3806594]]}}, {"type": "Feature", "properties": {"OBJECTID": 4237, "Shape_Leng": 3.8934955826, "RUTA": null}, "geometry": {"type": "LineString", "coordinates": [[-76.3744659, 3.3805529], [-76.3744944, 3.3805324]]}}, {"type": "Feature", "properties": {"OBJECTID": 4238, "Shape_Leng": 3.16478983344, "RUTA": null}, "geometry": {"type": "LineString", "coordinates": [[-76.3672171, 3.3830249], [-76.3672094, 3.3830524]]}}, {"type": "Feature", "properties": {"OBJECTID": 4239, "Shape_Leng": 2.92988958846, "RUTA": null}, "geometry": {"type": "LineString", "coordinates": [[-76.3661721, 3.3837038], [-76.3661924, 3.3837207]]}}, {"type": "Feature", "properties": {"OBJECTID": 4240, "Shape_Leng": 2.79119937886, "RUTA": null}, "geometry": {"type": "LineString", "coordinates": [[-76.3647713, 3.3829439], [-76.3647742, 3.382969]]}}, {"type": "Feature", "properties": {"OBJECTID": 4262, "Shape_Leng": 3.36357583759, "RUTA": null}, "geometry": {"type": "LineString", "coordinates": [[-76.3860304, 3.372328], [-76.3860012, 3.3723199]]}}, {"type": "Feature", "properties": {"OBJECTID": 4264, "Shape_Leng": 4.17674916802, "RUTA": null}, "geometry": {"type": "LineString", "coordinates": [[-76.35257, 3.3681896], [-76.3526062, 3.3681793]]}}, {"type": "Feature", "properties": {"OBJECTID": 4290, "Shape_Leng": 3.36355674843, "RUTA": null}, "geometry": {"type": "LineString", "coordinates": [[-76.3992311, 3.3001665], [-76.399243, 3.3001385]]}}, {"type": "Feature", "properties": {"OBJECTID": 4335, "Shape_Leng": 2.81152490726, "RUTA": null}, "geometry": {"type": "LineString", "coordinates": [[-76.3208514, 3.4129994], [-76.3208749, 3.4130089]]}}, {"type": "Feature", "properties": {"OBJECTID": 4336, "Shape_Leng": 45.3895640767, "RUTA": null}, "geometry": {"type": "LineString", "coordinates": [[-76.3178224, 3.4188365], [-76.3174475, 3.4189993]]}}, {"type": "Feature", "properties": {"OBJECTID": 4338, "Shape_Leng": 2.80120278019, "RUTA": null}, "geometry": {"type": "LineString", "coordinates": [[-76.3102933, 3.4110564], [-76.3102895, 3.4110814]]}}, {"type": "Feature", "properties": {"OBJECTID": 4339, "Shape_Leng": 3.07301515291, "RUTA": null}, "geometry": {"type": "LineString", "coordinates": [[-76.3095611, 3.4122648], [-76.3095887, 3.4122663]]}}, {"type": "Feature", "properties": {"OBJECTID": 4340, "Shape_Leng": 2.82327221493, "RUTA": null}, "geometry": {"type": "LineString", "coordinates": [[-76.3104763, 3.4189229], [-76.3104876, 3.4189001]]}}, {"type": "Feature", "properties": {"OBJECTID": 4341, "Shape_Leng": 2.93851192651, "RUTA": null}, "geometry": {"type": "LineString", "coordinates": [[-76.3071887, 3.417234], [-76.3071754, 3.417257]]}}, {"type": "Feature", "properties": {"OBJECTID": 4342, "Shape_Leng": 2.79619017005, "RUTA": null}, "geometry": {"type": "LineString", "coordinates": [[-76.2970934, 3.4055463], [-76.29707, 3.405537]]}}, {"type": "Feature", "properties": {"OBJECTID": 4343, "Shape_Leng": 2.82034270973, "RUTA": null}, "geometry": {"type": "LineString", "coordinates": [[-76.2984813, 3.4060449], [-76.2984723, 3.4060688]]}}, {"type": "Feature", "properties": {"OBJECTID": 4344, "Shape_Leng": 2.7600129738, "RUTA": null}, "geometry": {"type": "LineString", "coordinates": [[-76.3004863, 3.4048555], [-76.3004949, 3.4048321]]}}, {"type": "Feature", "properties": {"OBJECTID": 4345, "Shape_Leng": 2.78298427525, "RUTA": null}, "geometry": {"type": "LineString", "coordinates": [[-76.2991045, 3.4043726], [-76.2991135, 3.4043492]]}}, {"type": "Feature", "properties": {"OBJECTID": 4346, "Shape_Leng": 3.0577122046, "RUTA": null}, "geometry": {"type": "LineString", "coordinates": [[-76.2977136, 3.403863], [-76.2976948, 3.4038427]]}}, {"type": "Feature", "properties": {"OBJECTID": 4347, "Shape_Leng": 3.08843718044, "RUTA": null}, "geometry": {"type": "LineString", "coordinates": [[-76.2976924, 3.4037617], [-76.2976748, 3.4037833]]}}, {"type": "Feature", "properties": {"OBJECTID": 4348, "Shape_Leng": 2.75112012101, "RUTA": null}, "geometry": {"type": "LineString", "coordinates": [[-76.3206428, 3.4047759], [-76.3206659, 3.4047848]]}}, {"type": "Feature", "properties": {"OBJECTID": 4349, "Shape_Leng": 2.81273567895, "RUTA": null}, "geometry": {"type": "LineString", "coordinates": [[-76.3172801, 3.403319], [-76.3172567, 3.4033095]]}}, {"type": "Feature", "properties": {"OBJECTID": 4350, "Shape_Leng": 2.7308898284, "RUTA": null}, "geometry": {"type": "LineString", "coordinates": [[-76.2755043, 3.3861137], [-76.2755119, 3.3860903]]}}, {"type": "Feature", "properties": {"OBJECTID": 4353, "Shape_Leng": 482.058447661, "RUTA": null}, "geometry": {"type": "LineString", "coordinates": [[-76.2814547, 3.3432278], [-76.2845079, 3.343311], [-76.2845572, 3.3433031], [-76.2857087, 3.3428598]]}}, {"type": "Feature", "properties": {"OBJECTID": 4354, "Shape_Leng": 140.389233398, "RUTA": null}, "geometry": {"type": "LineString", "coordinates": [[-76.2801916, 3.3432162], [-76.2814547, 3.3432278]]}}, {"type": "Feature", "properties": {"OBJECTID": 4355, "Shape_Leng": 771.701710664, "RUTA": 1.0}, "geometry": {"type": "LineString", "coordinates": [[-76.2898354, 3.3709502], [-76.2947888, 3.3728266], [-76.296302, 3.373386], [-76.2963373, 3.3733991]]}}, {"type": "Feature", "properties": {"OBJECTID": 4356, "Shape_Leng": 1160.160165, "RUTA": null}, "geometry": {"type": "LineString", "coordinates": [[-76.2709726, 3.3444913], [-76.2717215, 3.3427527], [-76.2718256, 3.3426092], [-76.2719119, 3.3425403], [-76.2720321, 3.3424705], [-76.2720868, 3.3424676], [-76.274644, 3.3425826], [-76.2761936, 3.3426822], [-76.2766262, 3.3427296], [-76.2766968, 3.3427242], [-76.2769478, 3.3427492], [-76.2789189, 3.3431442], [-76.2800792, 3.3434197]]}}, {"type": "Feature", "properties": {"OBJECTID": 4357, "Shape_Leng": 224.983352407, "RUTA": null}, "geometry": {"type": "LineString", "coordinates": [[-76.2970777, 3.346903], [-76.297114, 3.3469169], [-76.2971554, 3.3469345], [-76.2971914, 3.3469486], [-76.297223, 3.3469591], [-76.2972539, 3.3469707], [-76.2972872, 3.346984], [-76.2973298, 3.347001], [-76.2973679, 3.3470157], [-76.2974079, 3.3470312], [-76.2974458, 3.3470459], [-76.2974842, 3.3470608], [-76.297515, 3.3470714], [-76.2975523, 3.3470854], [-76.297588, 3.3470981], [-76.2976216, 3.3471079], [-76.2976621, 3.3471114], [-76.2977009, 3.3471003], [-76.297724, 3.3470774], [-76.2977374, 3.3470428], [-76.2977499, 3.347005], [-76.2977606, 3.3469719], [-76.2977729, 3.3469376], [-76.2977863, 3.3469021], [-76.2978021, 3.3468643], [-76.2978206, 3.3468232], [-76.2978374, 3.3467865], [-76.297852, 3.3467536], [-76.2978661, 3.346717], [-76.2978826, 3.3466741], [-76.2978967, 3.3466373], [-76.2979102, 3.3466043], [-76.2979232, 3.3465738], [-76.2979401, 3.3465413], [-76.2979585, 3.346513], [-76.2979865, 3.3464803], [-76.2980128, 3.3464583], [-76.2980543, 3.3464413], [-76.298091, 3.3464367], [-76.2981352, 3.34644], [-76.2981691, 3.3464436], [-76.2982023, 3.3464473], [-76.2982388, 3.3464531], [-76.2982818, 3.346462], [-76.29832, 3.3464688], [-76.2983548, 3.3464728], [-76.2983877, 3.3464764], [-76.2984248, 3.3464841], [-76.2984626, 3.3464943], [-76.2984945, 3.3465045], [-76.2985305, 3.3465206], [-76.2985584, 3.3465374], [-76.2985906, 3.3465571], [-76.2986278, 3.3465756]]}}, {"type": "Feature", "properties": {"OBJECTID": 4358, "Shape_Leng": 620.022809126, "RUTA": null}, "geometry": {"type": "LineString", "coordinates": [[-76.2950879, 3.3299159], [-76.2954548, 3.3281272], [-76.2954585, 3.3281093], [-76.2992015, 3.328068]]}}, {"type": "Feature", "properties": {"OBJECTID": 4359, "Shape_Leng": 66.690902588, "RUTA": null}, "geometry": {"type": "LineString", "coordinates": [[-76.2950879, 3.3299159], [-76.2949449, 3.3305016]]}}, {"type": "Feature", "properties": {"OBJECTID": 4360, "Shape_Leng": 5.34690616247, "RUTA": null}, "geometry": {"type": "LineString", "coordinates": [[-76.2898354, 3.3709502], [-76.2897907, 3.3709321]]}}, {"type": "Feature", "properties": {"OBJECTID": 4361, "Shape_Leng": 3.01646867575, "RUTA": null}, "geometry": {"type": "LineString", "coordinates": [[-76.2885258, 3.3705117], [-76.2885447, 3.3704921]]}}, {"type": "Feature", "properties": {"OBJECTID": 4362, "Shape_Leng": 6.25780952084, "RUTA": null}, "geometry": {"type": "LineString", "coordinates": [[-76.2874371, 3.3711906], [-76.2874323, 3.371247]]}}, {"type": "Feature", "properties": {"OBJECTID": 4363, "Shape_Leng": 6.02447292302, "RUTA": null}, "geometry": {"type": "LineString", "coordinates": [[-76.287847, 3.3708758], [-76.2879009, 3.3708814]]}}, {"type": "Feature", "properties": {"OBJECTID": 4364, "Shape_Leng": 6.0511920313, "RUTA": null}, "geometry": {"type": "LineString", "coordinates": [[-76.2875, 3.370746], [-76.2874508, 3.3707225]]}}, {"type": "Feature", "properties": {"OBJECTID": 4365, "Shape_Leng": 5.45002623846, "RUTA": null}, "geometry": {"type": "LineString", "coordinates": [[-76.2874776, 3.3707091], [-76.2874735, 3.3707582]]}}, {"type": "Feature", "properties": {"OBJECTID": 4366, "Shape_Leng": 4.92095138705, "RUTA": null}, "geometry": {"type": "LineString", "coordinates": [[-76.287707, 3.3701526], [-76.2877502, 3.3701429]]}}, {"type": "Feature", "properties": {"OBJECTID": 4367, "Shape_Leng": 5.48126713646, "RUTA": null}, "geometry": {"type": "LineString", "coordinates": [[-76.2869206, 3.3698891], [-76.2868894, 3.3698507]]}}, {"type": "Feature", "properties": {"OBJECTID": 4368, "Shape_Leng": 3.15397848203, "RUTA": null}, "geometry": {"type": "LineString", "coordinates": [[-76.2840609, 3.3688312], [-76.2840803, 3.3688104]]}}, {"type": "Feature", "properties": {"OBJECTID": 4369, "Shape_Leng": 3.08596426254, "RUTA": null}, "geometry": {"type": "LineString", "coordinates": [[-76.2755279, 3.365525], [-76.2755287, 3.3655528]]}}, {"type": "Feature", "properties": {"OBJECTID": 4370, "Shape_Leng": 2.86490642999, "RUTA": null}, "geometry": {"type": "LineString", "coordinates": [[-76.3209875, 3.3536294], [-76.3210131, 3.353632]]}}, {"type": "Feature", "properties": {"OBJECTID": 4371, "Shape_Leng": 2.94926228062, "RUTA": null}, "geometry": {"type": "LineString", "coordinates": [[-76.3165712, 3.3532312], [-76.3165778, 3.3532054]]}}, {"type": "Feature", "properties": {"OBJECTID": 4372, "Shape_Leng": 2.90948672455, "RUTA": null}, "geometry": {"type": "LineString", "coordinates": [[-76.3159457, 3.3531845], [-76.3159195, 3.3531837]]}}, {"type": "Feature", "properties": {"OBJECTID": 4374, "Shape_Leng": 3.70532070327, "RUTA": null}, "geometry": {"type": "LineString", "coordinates": [[-76.3155234, 3.3413322], [-76.3154966, 3.3413521]]}}, {"type": "Feature", "properties": {"OBJECTID": 4375, "Shape_Leng": 4.36942855305, "RUTA": null}, "geometry": {"type": "LineString", "coordinates": [[-76.3141798, 3.3408286], [-76.3142191, 3.3408289]]}}, {"type": "Feature", "properties": {"OBJECTID": 4376, "Shape_Leng": 6.16935398701, "RUTA": null}, "geometry": {"type": "LineString", "coordinates": [[-76.3138746, 3.3405967], [-76.31385, 3.3405467]]}}, {"type": "Feature", "properties": {"OBJECTID": 4377, "Shape_Leng": 4.14021497037, "RUTA": null}, "geometry": {"type": "LineString", "coordinates": [[-76.3139049, 3.3408268], [-76.3138869, 3.3408595]]}}, {"type": "Feature", "properties": {"OBJECTID": 4378, "Shape_Leng": 2.75356171268, "RUTA": null}, "geometry": {"type": "LineString", "coordinates": [[-76.3127047, 3.3399374], [-76.3126961, 3.3399607]]}}, {"type": "Feature", "properties": {"OBJECTID": 4379, "Shape_Leng": 2.85540146393, "RUTA": null}, "geometry": {"type": "LineString", "coordinates": [[-76.2953021, 3.3545485], [-76.2952927, 3.3545726]]}}, {"type": "Feature", "properties": {"OBJECTID": 4380, "Shape_Leng": 3.67350049742, "RUTA": null}, "geometry": {"type": "LineString", "coordinates": [[-76.2986278, 3.3465756], [-76.2986559, 3.3465931]]}}, {"type": "Feature", "properties": {"OBJECTID": 4381, "Shape_Leng": 2.80886759433, "RUTA": null}, "geometry": {"type": "LineString", "coordinates": [[-76.2915605, 3.3522704], [-76.2915514, 3.3522941]]}}, {"type": "Feature", "properties": {"OBJECTID": 4382, "Shape_Leng": 5.61345953932, "RUTA": null}, "geometry": {"type": "LineString", "coordinates": [[-76.2939474, 3.3470174], [-76.2939246, 3.3470627]]}}, {"type": "Feature", "properties": {"OBJECTID": 4383, "Shape_Leng": 5.54070473855, "RUTA": null}, "geometry": {"type": "LineString", "coordinates": [[-76.29396, 3.3470479], [-76.2939128, 3.3470317]]}}, {"type": "Feature", "properties": {"OBJECTID": 4384, "Shape_Leng": 6.42565887669, "RUTA": null}, "geometry": {"type": "LineString", "coordinates": [[-76.2959559, 3.3420383], [-76.2959827, 3.3419868]]}}, {"type": "Feature", "properties": {"OBJECTID": 4386, "Shape_Leng": 2.81361531457, "RUTA": null}, "geometry": {"type": "LineString", "coordinates": [[-76.2975286, 3.3366756], [-76.2975535, 3.3366798]]}}, {"type": "Feature", "properties": {"OBJECTID": 4387, "Shape_Leng": 3.580711669, "RUTA": null}, "geometry": {"type": "LineString", "coordinates": [[-76.2839786, 3.3318372], [-76.2839959, 3.3318645]]}}, {"type": "Feature", "properties": {"OBJECTID": 4388, "Shape_Leng": 2.81287221429, "RUTA": null}, "geometry": {"type": "LineString", "coordinates": [[-76.2813089, 3.3390224], [-76.281334, 3.339026]]}}, {"type": "Feature", "properties": {"OBJECTID": 4389, "Shape_Leng": 5.68933315059, "RUTA": null}, "geometry": {"type": "LineString", "coordinates": [[-76.2800792, 3.3434197], [-76.280129, 3.3434316]]}}, {"type": "Feature", "properties": {"OBJECTID": 4390, "Shape_Leng": 27.7406768751, "RUTA": null}, "geometry": {"type": "LineString", "coordinates": [[-76.2709726, 3.3444913], [-76.2708772, 3.3447231]]}}, {"type": "Feature", "properties": {"OBJECTID": 4391, "Shape_Leng": 2460.91874347, "RUTA": null}, "geometry": {"type": "LineString", "coordinates": [[-76.2678485, 3.3626562], [-76.2681556, 3.3627717], [-76.272607, 3.3644383], [-76.2753907, 3.3655002], [-76.2755279, 3.365525], [-76.2755287, 3.3655528], [-76.2840609, 3.3688312], [-76.2869206, 3.3698891], [-76.2876273, 3.3700895], [-76.287707, 3.3701526], [-76.2877502, 3.3701429], [-76.2885258, 3.3705117]]}}, {"type": "Feature", "properties": {"OBJECTID": 4392, "Shape_Leng": 4321.83100276, "RUTA": null}, "geometry": {"type": "MultiLineString", "coordinates": [[[-76.2312, 3.3260117], [-76.2310008, 3.326093], [-76.2307656, 3.3261117], [-76.2306212, 3.3261115], [-76.23041, 3.326082], [-76.2302603, 3.3260493], [-76.2301047, 3.3260173], [-76.2299817, 3.3259968], [-76.2298312, 3.326052], [-76.2297606, 3.3261269], [-76.2294816, 3.3265468], [-76.2293246, 3.3270067], [-76.2287981, 3.3295231], [-76.2287698, 3.3298576]], [[-76.2678848, 3.3208739], [-76.2668108, 3.3204466], [-76.2666737, 3.3202042], [-76.2665529, 3.3197374], [-76.2665059, 3.3196709]], [[-76.266469, 3.3196187], [-76.2664204, 3.3195501], [-76.2663522, 3.3194836], [-76.2640534, 3.3179004], [-76.2639879, 3.3177053], [-76.2639763, 3.3175911], [-76.2639769, 3.3174088], [-76.2639196, 3.3172357], [-76.2638577, 3.3171416], [-76.2629537, 3.3160126], [-76.2628925, 3.3160177], [-76.2593066, 3.3155471], [-76.2591671, 3.3155728], [-76.2590497, 3.3156529], [-76.2589835, 3.315751], [-76.2565689, 3.3186993], [-76.2564551, 3.3187348], [-76.2563381, 3.318712], [-76.2562475, 3.3186387], [-76.2523784, 3.3167], [-76.252358, 3.3166897], [-76.2523291, 3.316681], [-76.25004, 3.3159859], [-76.249696, 3.3159087], [-76.2493214, 3.3158003], [-76.2489673, 3.3156363], [-76.248858, 3.3155716], [-76.248571, 3.3154019], [-76.2483484, 3.31533], [-76.248163, 3.3153143], [-76.2434676, 3.3147926], [-76.2433263, 3.314838], [-76.2432828, 3.3149099], [-76.2431032, 3.3154256], [-76.2429679, 3.315528], [-76.2428686, 3.3155708], [-76.239513, 3.3145292]]]}}, {"type": "Feature", "properties": {"OBJECTID": 4393, "Shape_Leng": 535.941671473, "RUTA": null}, "geometry": {"type": "LineString", "coordinates": [[-76.3196015, 3.3229736], [-76.3196334, 3.3229815], [-76.3196634, 3.322984], [-76.3196973, 3.3229851], [-76.3197282, 3.322988], [-76.3197631, 3.3229895], [-76.3197908, 3.3229921], [-76.3198238, 3.3229927], [-76.3198529, 3.3229949], [-76.3198851, 3.3229973], [-76.3199147, 3.3230031], [-76.319943, 3.3230116], [-76.3199695, 3.3230193], [-76.3199975, 3.3230287], [-76.320029, 3.3230376], [-76.3200597, 3.3230483], [-76.3200895, 3.3230586], [-76.3201188, 3.3230698], [-76.3201482, 3.323081], [-76.3201752, 3.32309], [-76.3202027, 3.3231004], [-76.3202404, 3.3231154], [-76.3202721, 3.3231287], [-76.3203019, 3.3231413], [-76.3203359, 3.3231546], [-76.3203611, 3.3231651], [-76.3203969, 3.3231792], [-76.3204337, 3.3231961], [-76.3204741, 3.3232123], [-76.3205022, 3.323224], [-76.320532, 3.3232366], [-76.3205595, 3.323247], [-76.3205884, 3.3232568], [-76.3206254, 3.3232682], [-76.3206561, 3.3232766], [-76.3206898, 3.3232831], [-76.320718, 3.3232871], [-76.3207507, 3.3232909], [-76.3207828, 3.3232911], [-76.3208158, 3.3232917], [-76.3208483, 3.3232887], [-76.3208772, 3.3232863], [-76.3209146, 3.3232822], [-76.320947, 3.323277], [-76.3209797, 3.3232685], [-76.3210087, 3.3232583], [-76.3210383, 3.3232495], [-76.321066, 3.3232399], [-76.3210954, 3.3232288], [-76.3211245, 3.3232187], [-76.3211529, 3.3232049], [-76.3211769, 3.3231913], [-76.3212047, 3.3231739], [-76.3212294, 3.3231562], [-76.3212513, 3.3231349], [-76.3212771, 3.3231099], [-76.3212957, 3.323086], [-76.3213164, 3.3230598], [-76.3213328, 3.323036], [-76.3213508, 3.3230086], [-76.3213746, 3.3229781], [-76.3213986, 3.3229422], [-76.321414, 3.322918], [-76.321428, 3.3228921], [-76.3214433, 3.3228633], [-76.3214585, 3.3228346], [-76.3214728, 3.3228031], [-76.3214874, 3.3227708], [-76.321502, 3.3227362], [-76.3215193, 3.3227005], [-76.3215344, 3.3226672], [-76.3215499, 3.322633], [-76.3215658, 3.3225979], [-76.3215822, 3.3225641], [-76.3215965, 3.3225327], [-76.3216104, 3.3225044], [-76.321623, 3.322479], [-76.3216378, 3.3224489], [-76.3216518, 3.3224229], [-76.3216648, 3.3223942], [-76.3216774, 3.3223688], [-76.3216959, 3.3223304], [-76.3217094, 3.3223008], [-76.3217254, 3.3222679], [-76.3217404, 3.3222346], [-76.3217597, 3.3221921], [-76.3217765, 3.3221551], [-76.321792, 3.3221209], [-76.3218088, 3.3220862], [-76.3218235, 3.3220538], [-76.3218386, 3.3220205], [-76.3218537, 3.3219872], [-76.3218679, 3.3219558], [-76.3218822, 3.3219244], [-76.3218973, 3.3218934], [-76.3219112, 3.3218628], [-76.3219242, 3.3218342], [-76.3219376, 3.3218046], [-76.3219501, 3.3217769], [-76.3219615, 3.3217519], [-76.3219736, 3.3217251], [-76.3219904, 3.3216881], [-76.3220071, 3.3216511], [-76.3220218, 3.3216187], [-76.322034, 3.3215919], [-76.322048, 3.3215682], [-76.3220654, 3.3215471], [-76.3220927, 3.3215407], [-76.3221298, 3.3215521], [-76.3221601, 3.3215637], [-76.3221895, 3.3215772], [-76.3222217, 3.3215919], [-76.322253, 3.3216062], [-76.3222815, 3.3216193], [-76.3223082, 3.3216315], [-76.3223441, 3.3216479], [-76.3223799, 3.3216644], [-76.3224167, 3.3216812], [-76.322454, 3.3216971], [-76.3224917, 3.3217144], [-76.3225298, 3.3217307], [-76.322568, 3.3217471], [-76.3225936, 3.3217566], [-76.3226189, 3.3217671], [-76.3226588, 3.321782], [-76.3226978, 3.3217965], [-76.3227377, 3.3218114], [-76.3227711, 3.3218233], [-76.3228022, 3.3218331], [-76.322831, 3.3218407], [-76.3228588, 3.3218456], [-76.3228935, 3.3218548], [-76.3229218, 3.3218633], [-76.3229475, 3.3218729], [-76.3229567, 3.3219016], [-76.3229649, 3.3219277], [-76.3229932, 3.3219362], [-76.3230239, 3.3219346], [-76.3230582, 3.3219325], [-76.3230855, 3.321936], [-76.3231152, 3.321944], [-76.3231427, 3.3219544], [-76.3231694, 3.3219666], [-76.3231949, 3.3219839], [-76.323219, 3.3219994], [-76.3232416, 3.3220108]]}}, {"type": "Feature", "properties": {"OBJECTID": 4394, "Shape_Leng": 50.4550578039, "RUTA": null}, "geometry": {"type": "LineString", "coordinates": [[-76.3196015, 3.3229736], [-76.3191786, 3.3231395]]}}, {"type": "Feature", "properties": {"OBJECTID": 4398, "Shape_Leng": 16.735723259, "RUTA": null}, "geometry": {"type": "LineString", "coordinates": [[-76.3233262, 3.3222751], [-76.3233041, 3.3221254]]}}, {"type": "Feature", "properties": {"OBJECTID": 4402, "Shape_Leng": 3.00161289963, "RUTA": null}, "geometry": {"type": "LineString", "coordinates": [[-76.3226423, 3.2907625], [-76.3226682, 3.290755]]}}, {"type": "Feature", "properties": {"OBJECTID": 4403, "Shape_Leng": 4.40048879359, "RUTA": null}, "geometry": {"type": "LineString", "coordinates": [[-76.3064243, 3.2866106], [-76.3064472, 3.2865781]]}}, {"type": "Feature", "properties": {"OBJECTID": 4404, "Shape_Leng": 11.8632665073, "RUTA": null}, "geometry": {"type": "LineString", "coordinates": [[-76.3063577, 3.2865198], [-76.3064472, 3.2865781]]}}, {"type": "Feature", "properties": {"OBJECTID": 4405, "Shape_Leng": 3.14289365567, "RUTA": null}, "geometry": {"type": "LineString", "coordinates": [[-76.3063102, 3.2968151], [-76.3062825, 3.2968094]]}}, {"type": "Feature", "properties": {"OBJECTID": 4406, "Shape_Leng": 2.93301618963, "RUTA": null}, "geometry": {"type": "LineString", "coordinates": [[-76.30638, 3.2976029], [-76.306406, 3.2976072]]}}, {"type": "Feature", "properties": {"OBJECTID": 4407, "Shape_Leng": 3.64953074349, "RUTA": null}, "geometry": {"type": "LineString", "coordinates": [[-76.2885037, 3.2884773], [-76.2885147, 3.2884463]]}}, {"type": "Feature", "properties": {"OBJECTID": 4408, "Shape_Leng": 2.90824364825, "RUTA": null}, "geometry": {"type": "LineString", "coordinates": [[-76.2764576, 3.2850111], [-76.2764795, 3.2850255]]}}, {"type": "Feature", "properties": {"OBJECTID": 4409, "Shape_Leng": 2.869233347, "RUTA": null}, "geometry": {"type": "LineString", "coordinates": [[-76.2764714, 3.2849892], [-76.2764576, 3.2850111]]}}, {"type": "Feature", "properties": {"OBJECTID": 4410, "Shape_Leng": 1.52332530995, "RUTA": null}, "geometry": {"type": "LineString", "coordinates": [[-76.2842224, 3.2935627], [-76.2842161, 3.293575]]}}, {"type": "Feature", "properties": {"OBJECTID": 4411, "Shape_Leng": 2.51313311562, "RUTA": null}, "geometry": {"type": "LineString", "coordinates": [[-76.2842052, 3.2935961], [-76.2842017, 3.2935737]]}}, {"type": "Feature", "properties": {"OBJECTID": 4412, "Shape_Leng": 2.73172588358, "RUTA": null}, "geometry": {"type": "LineString", "coordinates": [[-76.2770178, 3.2969945], [-76.2770233, 3.2969704]]}}, {"type": "Feature", "properties": {"OBJECTID": 4413, "Shape_Leng": 2.74962258841, "RUTA": null}, "geometry": {"type": "LineString", "coordinates": [[-76.2680194, 3.2963095], [-76.2679951, 3.2963144]]}}, {"type": "Feature", "properties": {"OBJECTID": 4414, "Shape_Leng": 2.88871388728, "RUTA": null}, "geometry": {"type": "LineString", "coordinates": [[-76.2851963, 3.2994792], [-76.2851704, 3.2994767]]}}, {"type": "Feature", "properties": {"OBJECTID": 4415, "Shape_Leng": 2.84098686494, "RUTA": null}, "geometry": {"type": "LineString", "coordinates": [[-76.285132, 3.2993971], [-76.2851575, 3.2993974]]}}, {"type": "Feature", "properties": {"OBJECTID": 4416, "Shape_Leng": 2.82716933404, "RUTA": null}, "geometry": {"type": "LineString", "coordinates": [[-76.2979924, 3.3036383], [-76.2980172, 3.3036439]]}}, {"type": "Feature", "properties": {"OBJECTID": 4417, "Shape_Leng": 8.69878709923, "RUTA": null}, "geometry": {"type": "LineString", "coordinates": [[-76.2979182, 3.3073148], [-76.2979963, 3.3073199]]}}, {"type": "Feature", "properties": {"OBJECTID": 4418, "Shape_Leng": 2.89047937419, "RUTA": null}, "geometry": {"type": "LineString", "coordinates": [[-76.2976844, 3.3072605], [-76.2976817, 3.3072864]]}}, {"type": "Feature", "properties": {"OBJECTID": 4419, "Shape_Leng": 2.77122375589, "RUTA": null}, "geometry": {"type": "LineString", "coordinates": [[-76.2962166, 3.3071357], [-76.2962167, 3.3071106]]}}, {"type": "Feature", "properties": {"OBJECTID": 4420, "Shape_Leng": 4.12222988322, "RUTA": null}, "geometry": {"type": "LineString", "coordinates": [[-76.2825149, 3.3039066], [-76.2824939, 3.3039373]]}}, {"type": "Feature", "properties": {"OBJECTID": 4421, "Shape_Leng": 4.30454935531, "RUTA": null}, "geometry": {"type": "LineString", "coordinates": [[-76.2822926, 3.3039566], [-76.2823257, 3.3039365]]}}, {"type": "Feature", "properties": {"OBJECTID": 4422, "Shape_Leng": 2.78330711299, "RUTA": null}, "geometry": {"type": "LineString", "coordinates": [[-76.2962339, 3.310225], [-76.29621, 3.3102176]]}}, {"type": "Feature", "properties": {"OBJECTID": 4424, "Shape_Leng": 3.35234263132, "RUTA": null}, "geometry": {"type": "LineString", "coordinates": [[-76.2787509, 3.311021], [-76.2787799, 3.3110292]]}}, {"type": "Feature", "properties": {"OBJECTID": 4425, "Shape_Leng": 3.46506135977, "RUTA": null}, "geometry": {"type": "LineString", "coordinates": [[-76.2747215, 3.3109534], [-76.2747007, 3.3109767]]}}, {"type": "Feature", "properties": {"OBJECTID": 4426, "Shape_Leng": 2.84222799934, "RUTA": null}, "geometry": {"type": "LineString", "coordinates": [[-76.2742861, 3.3125102], [-76.2743064, 3.3124946]]}}, {"type": "Feature", "properties": {"OBJECTID": 4427, "Shape_Leng": 4.03282556033, "RUTA": null}, "geometry": {"type": "LineString", "coordinates": [[-76.2815485, 3.3169475], [-76.281561, 3.3169132]]}}, {"type": "Feature", "properties": {"OBJECTID": 4428, "Shape_Leng": 2.75065827409, "RUTA": null}, "geometry": {"type": "LineString", "coordinates": [[-76.282059, 3.319012], [-76.2820741, 3.3189923]]}}, {"type": "Feature", "properties": {"OBJECTID": 4430, "Shape_Leng": 2.78927783336, "RUTA": null}, "geometry": {"type": "LineString", "coordinates": [[-76.2857104, 3.3266716], [-76.2857346, 3.3266781]]}}, {"type": "Feature", "properties": {"OBJECTID": 4431, "Shape_Leng": 2.82027172286, "RUTA": null}, "geometry": {"type": "LineString", "coordinates": [[-76.2849132, 3.3291798], [-76.2848884, 3.3291745]]}}, {"type": "Feature", "properties": {"OBJECTID": 4432, "Shape_Leng": 4.64265021284, "RUTA": null}, "geometry": {"type": "LineString", "coordinates": [[-76.2414508, 3.3208368], [-76.2414177, 3.3208112]]}}, {"type": "Feature", "properties": {"OBJECTID": 4433, "Shape_Leng": 6.81645611719, "RUTA": null}, "geometry": {"type": "LineString", "coordinates": [[-76.2629537, 3.3160126], [-76.2628925, 3.3160177]]}}, {"type": "Feature", "properties": {"OBJECTID": 4434, "Shape_Leng": 3.77413566274, "RUTA": null}, "geometry": {"type": "LineString", "coordinates": [[-76.2184447, 3.3142771], [-76.2184658, 3.3142504]]}}, {"type": "Feature", "properties": {"OBJECTID": 4435, "Shape_Leng": 3.36809530738, "RUTA": null}, "geometry": {"type": "LineString", "coordinates": [[-76.2174615, 3.3135887], [-76.2174794, 3.3135641]]}}, {"type": "Feature", "properties": {"OBJECTID": 4436, "Shape_Leng": 538.353520563, "RUTA": null}, "geometry": {"type": "LineString", "coordinates": [[-76.2669676, 3.3135727], [-76.2650053, 3.3146295], [-76.2649394, 3.3146792], [-76.2644122, 3.3154347], [-76.2642528, 3.3156085], [-76.2641499, 3.3156843], [-76.2635922, 3.3159325], [-76.2633517, 3.3159775], [-76.2630654, 3.3160034], [-76.2630198, 3.3160071], [-76.2629537, 3.3160126]]}}, {"type": "Feature", "properties": {"OBJECTID": 4437, "Shape_Leng": 108.122043403, "RUTA": null}, "geometry": {"type": "LineString", "coordinates": [[-76.267891, 3.313697], [-76.2673234, 3.3134969], [-76.2671619, 3.3134943], [-76.2670101, 3.3135498], [-76.2669676, 3.3135727]]}}, {"type": "Feature", "properties": {"OBJECTID": 4438, "Shape_Leng": 2.825954706, "RUTA": null}, "geometry": {"type": "LineString", "coordinates": [[-76.2162364, 3.3131809], [-76.2162308, 3.3132058]]}}, {"type": "Feature", "properties": {"OBJECTID": 4439, "Shape_Leng": 3.24503620938, "RUTA": null}, "geometry": {"type": "LineString", "coordinates": [[-76.2152751, 3.312891], [-76.2152883, 3.3128648]]}}, {"type": "Feature", "properties": {"OBJECTID": 4440, "Shape_Leng": 140.757885734, "RUTA": null}, "geometry": {"type": "LineString", "coordinates": [[-76.2164701, 3.3119377], [-76.2164663, 3.3119622], [-76.216379, 3.3122582], [-76.2163856, 3.3125084], [-76.2163346, 3.3127408], [-76.2162623, 3.3130644], [-76.2162364, 3.3131809]]}}, {"type": "Feature", "properties": {"OBJECTID": 4441, "Shape_Leng": 1.43992650825, "RUTA": null}, "geometry": {"type": "LineString", "coordinates": [[-76.2164701, 3.3119377], [-76.2164795, 3.3119288]]}}, {"type": "Feature", "properties": {"OBJECTID": 4442, "Shape_Leng": 2.70654048459, "RUTA": null}, "geometry": {"type": "LineString", "coordinates": [[-76.2164795, 3.3119288], [-76.2165003, 3.3119415]]}}, {"type": "Feature", "properties": {"OBJECTID": 4443, "Shape_Leng": 1.50094952271, "RUTA": null}, "geometry": {"type": "LineString", "coordinates": [[-76.2164722, 3.3119243], [-76.2164701, 3.3119377]]}}, {"type": "Feature", "properties": {"OBJECTID": 4444, "Shape_Leng": 0.949949710851, "RUTA": null}, "geometry": {"type": "LineString", "coordinates": [[-76.2164722, 3.3119243], [-76.2164795, 3.3119288]]}}, {"type": "Feature", "properties": {"OBJECTID": 4445, "Shape_Leng": 3.8454300549, "RUTA": null}, "geometry": {"type": "LineString", "coordinates": [[-76.2164795, 3.3119288], [-76.2165046, 3.3119049]]}}, {"type": "Feature", "properties": {"OBJECTID": 4446, "Shape_Leng": 236.836336079, "RUTA": null}, "geometry": {"type": "LineString", "coordinates": [[-76.2174794, 3.3135641], [-76.2175323, 3.3134914], [-76.2178046, 3.3131169], [-76.2178408, 3.3129902], [-76.2176991, 3.3128063], [-76.217226, 3.3123568], [-76.2172333, 3.3122645], [-76.2175101, 3.3118778]]}}, {"type": "Feature", "properties": {"OBJECTID": 4447, "Shape_Leng": 2.84783321139, "RUTA": null}, "geometry": {"type": "LineString", "coordinates": [[-76.2175101, 3.3118778], [-76.21749, 3.3118617]]}}, {"type": "Feature", "properties": {"OBJECTID": 4448, "Shape_Leng": 102.816949915, "RUTA": null}, "geometry": {"type": "LineString", "coordinates": [[-76.2165003, 3.3119415], [-76.2165413, 3.3119665], [-76.2168358, 3.312146], [-76.2168908, 3.3120712], [-76.2170521, 3.3117446], [-76.2170865, 3.311675]]}}, {"type": "Feature", "properties": {"OBJECTID": 4449, "Shape_Leng": 3.20028498719, "RUTA": null}, "geometry": {"type": "LineString", "coordinates": [[-76.2170865, 3.311675], [-76.2170993, 3.3116491]]}}, {"type": "Feature", "properties": {"OBJECTID": 4450, "Shape_Leng": 49.3908150582, "RUTA": null}, "geometry": {"type": "LineString", "coordinates": [[-76.21749, 3.3118617], [-76.2174267, 3.3118272], [-76.2170993, 3.3116491]]}}, {"type": "Feature", "properties": {"OBJECTID": 4451, "Shape_Leng": 35.3753677721, "RUTA": null}, "geometry": {"type": "LineString", "coordinates": [[-76.2175101, 3.3118778], [-76.2177187, 3.3116362]]}}, {"type": "Feature", "properties": {"OBJECTID": 4452, "Shape_Leng": 2.89751704053, "RUTA": null}, "geometry": {"type": "LineString", "coordinates": [[-76.2176991, 3.3116189], [-76.2177187, 3.3116362]]}}, {"type": "Feature", "properties": {"OBJECTID": 4453, "Shape_Leng": 13.1468083279, "RUTA": null}, "geometry": {"type": "LineString", "coordinates": [[-76.2170993, 3.3116491], [-76.2170401, 3.3116103], [-76.2170002, 3.3115841]]}}, {"type": "Feature", "properties": {"OBJECTID": 4454, "Shape_Leng": 65.4805250888, "RUTA": null}, "geometry": {"type": "LineString", "coordinates": [[-76.2165046, 3.3119049], [-76.2165567, 3.3118554], [-76.2167493, 3.3116721], [-76.2169807, 3.3115712]]}}, {"type": "Feature", "properties": {"OBJECTID": 4455, "Shape_Leng": 2.5955731543, "RUTA": null}, "geometry": {"type": "LineString", "coordinates": [[-76.2170002, 3.3115841], [-76.2169807, 3.3115712]]}}, {"type": "Feature", "properties": {"OBJECTID": 4456, "Shape_Leng": 196.332607363, "RUTA": null}, "geometry": {"type": "LineString", "coordinates": [[-76.2152883, 3.3128648], [-76.2153312, 3.3127801], [-76.215473, 3.3124997], [-76.2156913, 3.3120688], [-76.2157, 3.3119828], [-76.2156255, 3.3118834], [-76.2154132, 3.3117646], [-76.2152574, 3.3116709], [-76.2151302, 3.3115641], [-76.2150721, 3.3115123]]}}, {"type": "Feature", "properties": {"OBJECTID": 4457, "Shape_Leng": 97.3559254394, "RUTA": null}, "geometry": {"type": "LineString", "coordinates": [[-76.2169807, 3.3115712], [-76.2172558, 3.3114284], [-76.217393, 3.3113484], [-76.2176378, 3.3115647], [-76.2176991, 3.3116189]]}}, {"type": "Feature", "properties": {"OBJECTID": 4458, "Shape_Leng": 52.3579457661, "RUTA": null}, "geometry": {"type": "LineString", "coordinates": [[-76.2177187, 3.3116362], [-76.2178059, 3.3115353], [-76.2180752, 3.3113298]]}}, {"type": "Feature", "properties": {"OBJECTID": 4459, "Shape_Leng": 488.30257716, "RUTA": null}, "geometry": {"type": "LineString", "coordinates": [[-76.2184658, 3.3142504], [-76.2185357, 3.3141618], [-76.2191888, 3.3133353], [-76.2194531, 3.31307], [-76.219663, 3.3128854], [-76.2198506, 3.3126562], [-76.2200187, 3.3122922], [-76.220201, 3.3117424], [-76.2202713, 3.3115002], [-76.2203097, 3.3113666], [-76.2203376, 3.3110936], [-76.2204272, 3.3108348], [-76.2205825, 3.3104952]]}}, {"type": "Feature", "properties": {"OBJECTID": 4460, "Shape_Leng": 235.534504607, "RUTA": null}, "geometry": {"type": "LineString", "coordinates": [[-76.2166879, 3.3103261], [-76.2164776, 3.3105466], [-76.21648, 3.3106561], [-76.2169011, 3.31091], [-76.2169962, 3.3109923], [-76.2165166, 3.3116403], [-76.2164722, 3.3119243]]}}, {"type": "Feature", "properties": {"OBJECTID": 4461, "Shape_Leng": 3.23805203776, "RUTA": null}, "geometry": {"type": "LineString", "coordinates": [[-76.2111875, 3.308417], [-76.2112162, 3.3084121]]}}, {"type": "Feature", "properties": {"OBJECTID": 4462, "Shape_Leng": 394.316535161, "RUTA": null}, "geometry": {"type": "LineString", "coordinates": [[-76.2678991, 3.3042246], [-76.2671351, 3.3030691], [-76.2659073, 3.3012741]]}}, {"type": "Feature", "properties": {"OBJECTID": 4463, "Shape_Leng": 6.79834810807, "RUTA": null}, "geometry": {"type": "LineString", "coordinates": [[-76.2659073, 3.3012741], [-76.2658727, 3.3012235]]}}, {"type": "Feature", "properties": {"OBJECTID": 4464, "Shape_Leng": 266.270496668, "RUTA": null}, "geometry": {"type": "LineString", "coordinates": [[-76.2658727, 3.3012235], [-76.2645155, 3.2992394]]}}, {"type": "Feature", "properties": {"OBJECTID": 4465, "Shape_Leng": 5.5781477212, "RUTA": null}, "geometry": {"type": "LineString", "coordinates": [[-76.2645155, 3.2992394], [-76.2644871, 3.2991978]]}}, {"type": "Feature", "properties": {"OBJECTID": 4466, "Shape_Leng": 106.744574686, "RUTA": null}, "geometry": {"type": "LineString", "coordinates": [[-76.2644871, 3.2991978], [-76.263943, 3.2984024]]}}, {"type": "Feature", "properties": {"OBJECTID": 4467, "Shape_Leng": 6.16620531614, "RUTA": null}, "geometry": {"type": "LineString", "coordinates": [[-76.263943, 3.2984024], [-76.2639116, 3.2983565]]}}, {"type": "Feature", "properties": {"OBJECTID": 4468, "Shape_Leng": 106.003966836, "RUTA": null}, "geometry": {"type": "LineString", "coordinates": [[-76.2639116, 3.2983565], [-76.2633713, 3.2975666]]}}, {"type": "Feature", "properties": {"OBJECTID": 4469, "Shape_Leng": 5.50408693612, "RUTA": null}, "geometry": {"type": "LineString", "coordinates": [[-76.2633713, 3.2975666], [-76.2633432, 3.2975256]]}}, {"type": "Feature", "properties": {"OBJECTID": 4470, "Shape_Leng": 3.03514694873, "RUTA": null}, "geometry": {"type": "LineString", "coordinates": [[-76.2571782, 3.2951967], [-76.2571741, 3.2952238]]}}, {"type": "Feature", "properties": {"OBJECTID": 4471, "Shape_Leng": 402.522906807, "RUTA": null}, "geometry": {"type": "LineString", "coordinates": [[-76.2633432, 3.2975256], [-76.2615951, 3.2949699], [-76.2614681, 3.2948659], [-76.261341, 3.2947497], [-76.2612405, 3.2946555], [-76.2612187, 3.2946297], [-76.2611999, 3.2946075]]}}, {"type": "Feature", "properties": {"OBJECTID": 4472, "Shape_Leng": 3.20841471762, "RUTA": null}, "geometry": {"type": "LineString", "coordinates": [[-76.2611999, 3.2946075], [-76.2611812, 3.2945854]]}}, {"type": "Feature", "properties": {"OBJECTID": 4473, "Shape_Leng": 234.734904147, "RUTA": null}, "geometry": {"type": "LineString", "coordinates": [[-76.2679065, 3.2956807], [-76.2677314, 3.2944294], [-76.2676441, 3.2938057], [-76.2676123, 3.2935787]]}}, {"type": "Feature", "properties": {"OBJECTID": 4474, "Shape_Leng": 3.46524991882, "RUTA": null}, "geometry": {"type": "LineString", "coordinates": [[-76.2676123, 3.2935787], [-76.267608, 3.2935477]]}}, {"type": "Feature", "properties": {"OBJECTID": 4475, "Shape_Leng": 710.257405892, "RUTA": null}, "geometry": {"type": "LineString", "coordinates": [[-76.2560599, 3.2900896], [-76.2560769, 3.2900975], [-76.2564103, 3.2902185], [-76.2565733, 3.2902557], [-76.2568832, 3.290336], [-76.2571665, 3.2904362], [-76.2574651, 3.2905878], [-76.2576306, 3.2907115], [-76.2578161, 3.290891], [-76.2579232, 3.2910145], [-76.2579634, 3.291136], [-76.2579457, 3.2912628], [-76.2579013, 3.2913394], [-76.2577859, 3.2916124], [-76.2576309, 3.2920747], [-76.2575158, 3.2925509], [-76.2574437, 3.292855], [-76.2573879, 3.2932519], [-76.2573581, 3.2936086], [-76.2573181, 3.2940727], [-76.2572841, 3.294463], [-76.2572489, 3.2947297], [-76.2571953, 3.2950841], [-76.2571782, 3.2951967]]}}, {"type": "Feature", "properties": {"OBJECTID": 4476, "Shape_Leng": 6.11202421456, "RUTA": null}, "geometry": {"type": "LineString", "coordinates": [[-76.2560101, 3.2900661], [-76.2560599, 3.2900896]]}}, {"type": "Feature", "properties": {"OBJECTID": 4477, "Shape_Leng": 3.15584948946, "RUTA": null}, "geometry": {"type": "LineString", "coordinates": [[-76.2359084, 3.2861134], [-76.2359272, 3.2861348]]}}, {"type": "Feature", "properties": {"OBJECTID": 4478, "Shape_Leng": 6.14557157649, "RUTA": null}, "geometry": {"type": "LineString", "coordinates": [[-76.223237, 3.2850028], [-76.2232771, 3.285041]]}}, {"type": "Feature", "properties": {"OBJECTID": 4479, "Shape_Leng": 1324.7878957, "RUTA": null}, "geometry": {"type": "LineString", "coordinates": [[-76.2723351, 3.2847182], [-76.2696867, 3.284629], [-76.2669708, 3.2847522], [-76.2611675, 3.2849773], [-76.2610526, 3.284929], [-76.2604889, 3.2846736]]}}, {"type": "Feature", "properties": {"OBJECTID": 4480, "Shape_Leng": 822.144248842, "RUTA": null}, "geometry": {"type": "LineString", "coordinates": [[-76.2559993, 3.2846697], [-76.2559847, 3.2846827], [-76.2558486, 3.2847322], [-76.2556487, 3.2847712], [-76.2555542, 3.2848432], [-76.2554827, 3.2849301], [-76.2554031, 3.285071], [-76.255345, 3.2851818], [-76.2552125, 3.2853106], [-76.2551317, 3.2853888], [-76.2550055, 3.2856469], [-76.2548614, 3.2859468], [-76.2546956, 3.2862943], [-76.2545547, 3.2866066], [-76.2544259, 3.286919], [-76.2542963, 3.2872355], [-76.2541176, 3.2876647], [-76.2540255, 3.2878697], [-76.2539726, 3.2879885], [-76.2539638, 3.2880055], [-76.2538975, 3.2881536], [-76.2538795, 3.2883195], [-76.2538969, 3.2885382], [-76.2539048, 3.2887248], [-76.2539439, 3.2888936], [-76.2540728, 3.2889839], [-76.2543429, 3.2891058], [-76.2545009, 3.2892338], [-76.2546129, 3.2894172], [-76.2547581, 3.2895904], [-76.2549765, 3.2897606], [-76.2552431, 3.289861], [-76.2555267, 3.2899047], [-76.2557472, 3.2899439], [-76.255975, 3.2900497], [-76.2560101, 3.2900661]]}}, {"type": "Feature", "properties": {"OBJECTID": 4481, "Shape_Leng": 669.379766365, "RUTA": null}, "geometry": {"type": "LineString", "coordinates": [[-76.2304384, 3.284647], [-76.2307023, 3.2846927], [-76.2310843, 3.2847294], [-76.2316379, 3.2847486], [-76.2320479, 3.2847701], [-76.233727, 3.2848417], [-76.2348556, 3.284909], [-76.2358559, 3.2860532], [-76.2359084, 3.2861134]]}}, {"type": "Feature", "properties": {"OBJECTID": 4482, "Shape_Leng": 58.3126595634, "RUTA": null}, "geometry": {"type": "LineString", "coordinates": [[-76.2228561, 3.2846402], [-76.222967, 3.2847452], [-76.223237, 3.2850028]]}}, {"type": "Feature", "properties": {"OBJECTID": 4483, "Shape_Leng": 141.85488521, "RUTA": null}, "geometry": {"type": "LineString", "coordinates": [[-76.2249439, 3.2852185], [-76.2252538, 3.2848687], [-76.2256352, 3.2848111], [-76.226058, 3.284772]]}}, {"type": "Feature", "properties": {"OBJECTID": 4484, "Shape_Leng": 127.591407719, "RUTA": null}, "geometry": {"type": "LineString", "coordinates": [[-76.226058, 3.284772], [-76.2272011, 3.2846665]]}}, {"type": "Feature", "properties": {"OBJECTID": 4485, "Shape_Leng": 26.815647052, "RUTA": null}, "geometry": {"type": "LineString", "coordinates": [[-76.2272011, 3.2846665], [-76.2274413, 3.2846443]]}}, {"type": "Feature", "properties": {"OBJECTID": 4486, "Shape_Leng": 47.9407708503, "RUTA": null}, "geometry": {"type": "LineString", "coordinates": [[-76.229045, 3.2937724], [-76.228969, 3.2937952], [-76.2286317, 3.2938961]]}}, {"type": "Feature", "properties": {"OBJECTID": 4487, "Shape_Leng": 2084.12878484, "RUTA": null}, "geometry": {"type": "LineString", "coordinates": [[-76.2430631, 3.2846583], [-76.2421613, 3.2863718], [-76.2416478, 3.2873431], [-76.2409084, 3.2885601], [-76.2408925, 3.2886873], [-76.2405866, 3.2892902], [-76.240451, 3.2896556], [-76.2403081, 3.289921], [-76.2401643, 3.2901638], [-76.2400214, 3.2903303], [-76.2400115, 3.2904037], [-76.2400063, 3.290524], [-76.2400256, 3.2908255], [-76.2400346, 3.2910528], [-76.2400227, 3.2912229], [-76.2399217, 3.2913773], [-76.2396573, 3.2914768], [-76.239264, 3.2915481], [-76.2388878, 3.2916083], [-76.2384459, 3.2916377], [-76.2378414, 3.2916226], [-76.2371809, 3.2916044], [-76.2351339, 3.2916419], [-76.2346103, 3.2917763], [-76.2290662, 3.2937661]]}}, {"type": "Feature", "properties": {"OBJECTID": 4488, "Shape_Leng": 34.6857832879, "RUTA": null}, "geometry": {"type": "LineString", "coordinates": [[-76.239513, 3.3145292], [-76.2392124, 3.3144448]]}}, {"type": "Feature", "properties": {"OBJECTID": 4489, "Shape_Leng": 2.45165352359, "RUTA": null}, "geometry": {"type": "LineString", "coordinates": [[-76.2290662, 3.2937661], [-76.229045, 3.2937724]]}}, {"type": "Feature", "properties": {"OBJECTID": 4490, "Shape_Leng": 369.910718589, "RUTA": null}, "geometry": {"type": "LineString", "coordinates": [[-76.2232771, 3.285041], [-76.2244527, 3.2861628], [-76.2256209, 3.2872209], [-76.2257319, 3.287273], [-76.2257416, 3.2872799]]}}, {"type": "Feature", "properties": {"OBJECTID": 4491, "Shape_Leng": 0.0342677465737, "RUTA": null}, "geometry": {"type": "LineString", "coordinates": [[-76.2257416, 3.2872799], [-76.2257419, 3.28728]]}}, {"type": "Feature", "properties": {"OBJECTID": 4492, "Shape_Leng": 148.0713636, "RUTA": 1.0}, "geometry": {"type": "LineString", "coordinates": [[-76.2897907, 3.3709321], [-76.2885258, 3.3705117]]}}, {"type": "Feature", "properties": {"OBJECTID": 4498, "Shape_Leng": 1518.98502496, "RUTA": 0.0}, "geometry": {"type": "LineString", "coordinates": [[-76.2885812, 3.3703923], [-76.2897016, 3.3708663], [-76.2898079, 3.3708541], [-76.2898925, 3.3707882], [-76.2899209, 3.3707337], [-76.2899499, 3.3706713], [-76.2899865, 3.3705925], [-76.2904237, 3.3660183], [-76.2908353, 3.3618037], [-76.2908809, 3.3616024], [-76.2909255, 3.3615072], [-76.2925756, 3.3596692], [-76.2926611, 3.359547], [-76.2927416, 3.3594324], [-76.2927781, 3.3593293], [-76.2927775, 3.3592644]]}}, {"type": "Feature", "properties": {"OBJECTID": 4503, "Shape_Leng": 48.9565148675, "RUTA": null}, "geometry": {"type": "LineString", "coordinates": [[-76.2900576, 3.3706096], [-76.2899993, 3.3707742], [-76.2899051, 3.3708793], [-76.2897907, 3.3709321]]}}, {"type": "Feature", "properties": {"OBJECTID": 4968, "Shape_Leng": 1773.6176176, "RUTA": null}, "geometry": {"type": "LineString", "coordinates": [[-76.4660022, 3.264944], [-76.4659701, 3.2649351], [-76.4659399, 3.2649217], [-76.4659083, 3.2649075], [-76.4658782, 3.2648941], [-76.4658495, 3.2648813], [-76.4658224, 3.2648692], [-76.4657938, 3.2648564], [-76.4657553, 3.2648373], [-76.4657252, 3.2648239], [-76.4656927, 3.2648076], [-76.4656611, 3.2647934], [-76.4656279, 3.2647786], [-76.4656, 3.2647643], [-76.4655653, 3.2647488], [-76.4655374, 3.2647345], [-76.4655073, 3.2647211], [-76.4654718, 3.2647034], [-76.4654333, 3.2646844], [-76.4654062, 3.2646722], [-76.4653782, 3.264658], [-76.4653397, 3.2646389], [-76.4653096, 3.2646255], [-76.4652831, 3.2646118], [-76.4652522, 3.2645962], [-76.465213, 3.2645787], [-76.4651859, 3.2645666], [-76.4651573, 3.2645538], [-76.4651302, 3.2645417], [-76.465103, 3.2645295], [-76.4650714, 3.2645154], [-76.4650471, 3.2645009], [-76.4650292, 3.2644802], [-76.4650229, 3.2644538], [-76.4650215, 3.2644242], [-76.4650269, 3.2643958], [-76.4650366, 3.2643657], [-76.465044, 3.2643327], [-76.4650515, 3.2643034], [-76.4650599, 3.2642763], [-76.4650681, 3.2642456], [-76.465077, 3.2642133], [-76.4650843, 3.2641803], [-76.4650927, 3.2641532], [-76.4651009, 3.2641224], [-76.4651091, 3.2640916], [-76.4651138, 3.2640647], [-76.4651197, 3.2640311], [-76.4651261, 3.2639922], [-76.4651316, 3.2639512], [-76.4651376, 3.2639212], [-76.4651423, 3.2638943], [-76.4651453, 3.263863], [-76.4651438, 3.2638297], [-76.4651391, 3.2637913], [-76.4651366, 3.2637521], [-76.4651361, 3.2637247], [-76.465134, 3.2636929], [-76.4651301, 3.2636567], [-76.4651294, 3.2636256], [-76.4651348, 3.2635972], [-76.4651437, 3.2635649], [-76.4651474, 3.2635321], [-76.4651502, 3.2634971], [-76.4651526, 3.2634673], [-76.4651514, 3.2634251], [-76.4651476, 3.2633889], [-76.4651441, 3.2633601], [-76.4651442, 3.2633312], [-76.46514, 3.2633039], [-76.4651362, 3.2632678], [-76.465134, 3.263236], [-76.4651297, 3.263205], [-76.4651237, 3.2631697], [-76.4651173, 3.263127], [-76.4651088, 3.2630851], [-76.4651017, 3.2630438], [-76.4650949, 3.2630063], [-76.4650899, 3.2629769], [-76.4650849, 3.2629474], [-76.4650792, 3.2629195], [-76.4650715, 3.2628798], [-76.4650644, 3.2628386], [-76.4650603, 3.262795], [-76.4650578, 3.2627558], [-76.4650549, 3.2627255], [-76.4650529, 3.2626974], [-76.4650487, 3.2626702], [-76.4650233, 3.2626461], [-76.4650154, 3.262619], [-76.4650029, 3.2625862], [-76.4650009, 3.2625581], [-76.4650041, 3.2625305], [-76.4650011, 3.2624965], [-76.4649967, 3.2624656], [-76.4649915, 3.2624325], [-76.4649873, 3.2624052], [-76.464981, 3.2623788], [-76.4649698, 3.2623429], [-76.4649567, 3.262299], [-76.4649487, 3.2622682], [-76.4649407, 3.2622375], [-76.4649316, 3.2622008], [-76.4649253, 3.2621744], [-76.4649166, 3.2621451], [-76.4649064, 3.2621151], [-76.4648968, 3.2620837], [-76.4648875, 3.2620559], [-76.4648769, 3.2620186], [-76.464864, 3.2619784], [-76.4648537, 3.2619447], [-76.4648426, 3.2619126], [-76.4648326, 3.2618863], [-76.464821, 3.2618594], [-76.4648066, 3.2618348], [-76.4647892, 3.2618089], [-76.4647705, 3.2617697], [-76.4647551, 3.2617393], [-76.4647426, 3.2617065], [-76.4647323, 3.2616765], [-76.46472, 3.2616474], [-76.4647049, 3.2616081], [-76.464692, 3.2615842], [-76.464676, 3.2615552], [-76.4646614, 3.261527], [-76.4646477, 3.2615009], [-76.4646361, 3.261474], [-76.4646236, 3.2614411], [-76.464612, 3.2614142], [-76.4645973, 3.2613823], [-76.4645809, 3.2613459], [-76.4645669, 3.2613124], [-76.4645498, 3.2612776], [-76.4645369, 3.2612537], [-76.4645239, 3.2612261], [-76.4645078, 3.2611972], [-76.4644939, 3.2611674], [-76.4644758, 3.2611267], [-76.4644604, 3.2610962], [-76.4644437, 3.2610688], [-76.4644246, 3.2610385], [-76.4644019, 3.2610084], [-76.4643766, 3.2609717], [-76.4643573, 3.2609377], [-76.4643414, 3.2609125], [-76.4643286, 3.2608886], [-76.4643157, 3.2608647], [-76.4642958, 3.2608323], [-76.4642814, 3.2608077], [-76.4642606, 3.260773], [-76.4642477, 3.2607491], [-76.4642278, 3.2607167], [-76.4642102, 3.260687], [-76.4641897, 3.2606561], [-76.4641746, 3.260633], [-76.4641518, 3.2606029], [-76.4641339, 3.2605822], [-76.464111, 3.2605647], [-76.4640866, 3.2605465], [-76.4640561, 3.2605257], [-76.4640347, 3.2605089], [-76.4640069, 3.2604819], [-76.4639845, 3.2604592], [-76.4639565, 3.2604286], [-76.4639294, 3.2604002], [-76.4639006, 3.2603674], [-76.4638688, 3.2603332], [-76.4638456, 3.2603083], [-76.4638268, 3.2602854], [-76.4638029, 3.260262], [-76.4637774, 3.260238], [-76.4637559, 3.2602174], [-76.4637349, 3.2601954], [-76.4637127, 3.2601764], [-76.4636926, 3.2601565], [-76.4636672, 3.2601325], [-76.4636441, 3.2601113], [-76.4636179, 3.2600887], [-76.4635955, 3.260066], [-76.4635754, 3.2600461], [-76.4635554, 3.2600263], [-76.4635252, 3.2599965], [-76.4635045, 3.2599782], [-76.4634805, 3.2599548], [-76.4634581, 3.2599321], [-76.463435, 3.2599109], [-76.4634134, 3.2598903], [-76.4633873, 3.2598678], [-76.4633659, 3.259851], [-76.4633406, 3.2598306], [-76.4633102, 3.2598097], [-76.4632866, 3.2597938], [-76.4632531, 3.2597715], [-76.463228, 3.2597549], [-76.4632005, 3.2597354], [-76.4631761, 3.2597172], [-76.4631487, 3.2596977], [-76.4631172, 3.2596709], [-76.4630943, 3.2596534], [-76.4630643, 3.2596273], [-76.4630382, 3.2596048], [-76.4630114, 3.2595837], [-76.4629808, 3.2595592], [-76.4629579, 3.2595417], [-76.4629289, 3.2595215], [-76.4629053, 3.2595055], [-76.4628733, 3.259484], [-76.4628491, 3.2594695], [-76.4628096, 3.2594446], [-76.4627776, 3.259423], [-76.4627463, 3.2594], [-76.4627204, 3.2593811], [-76.4626974, 3.2593637], [-76.4626767, 3.2593453], [-76.4626481, 3.2593325], [-76.4626209, 3.2593204], [-76.4625893, 3.2593063], [-76.4625553, 3.2592893], [-76.462519, 3.2592694], [-76.4624909, 3.2592514], [-76.4624634, 3.2592319], [-76.4624345, 3.2592117], [-76.4624094, 3.259195], [-76.4623804, 3.2591748], [-76.4623491, 3.2591518], [-76.4623125, 3.2591245], [-76.4622895, 3.259107], [-76.4622544, 3.2590804], [-76.4622239, 3.2590596], [-76.4621987, 3.2590392], [-76.4621628, 3.2590141], [-76.4621332, 3.2589955], [-76.4621053, 3.2589812], [-76.4620788, 3.2589675], [-76.46205, 3.258951], [-76.4620181, 3.2589295], [-76.4619844, 3.2589036], [-76.4619592, 3.2588832], [-76.4619315, 3.25886], [-76.4619024, 3.2588361], [-76.4618741, 3.2588144], [-76.4618459, 3.2587927], [-76.4618184, 3.2587732], [-76.461794, 3.258755], [-76.4617659, 3.258737], [-76.4617401, 3.2587219], [-76.4617066, 3.2586996], [-76.4616663, 3.2586726], [-76.4616427, 3.2586566], [-76.4616197, 3.2586391], [-76.4615884, 3.258616], [-76.4615632, 3.2585957], [-76.4615417, 3.2585788], [-76.461515, 3.2585578], [-76.4614889, 3.2585352], [-76.4614574, 3.2585085], [-76.4614358, 3.258488], [-76.4614144, 3.2584711], [-76.4613851, 3.2584435], [-76.4613597, 3.2584195], [-76.4613312, 3.2583941], [-76.4613088, 3.2583714], [-76.461284, 3.2583458], [-76.4612592, 3.2583202], [-76.4612398, 3.2582988], [-76.4612196, 3.2582753], [-76.4611992, 3.258248], [-76.4611742, 3.2582187], [-76.4611546, 3.2581937], [-76.461131, 3.2581614], [-76.4611083, 3.2581313], [-76.4610904, 3.2581106], [-76.4610684, 3.2580826], [-76.4610512, 3.2580604], [-76.4610362, 3.2580374], [-76.4610211, 3.2580143], [-76.4610052, 3.2579891], [-76.4609861, 3.2579588], [-76.4609617, 3.2579243], [-76.4609441, 3.2578947], [-76.4609265, 3.2578651], [-76.4609111, 3.2578346], [-76.4608906, 3.2578037], [-76.4608738, 3.2577762], [-76.4608571, 3.2577488], [-76.4608404, 3.2577214], [-76.4608275, 3.2576975], [-76.4608131, 3.2576729], [-76.4607992, 3.2576432], [-76.4607838, 3.2576127], [-76.4607699, 3.2575829], [-76.4607542, 3.2575451], [-76.4607383, 3.2575035], [-76.4607234, 3.2574678], [-76.4607112, 3.2574424], [-76.4606996, 3.2574155], [-76.4606872, 3.2573864], [-76.4606735, 3.2573603], [-76.4606605, 3.2573327], [-76.4606464, 3.2572993], [-76.4606283, 3.2572585], [-76.4606153, 3.2572309], [-76.4606029, 3.2572018], [-76.4605904, 3.257169], [-76.4605802, 3.2571391], [-76.4605686, 3.2571122], [-76.4605586, 3.2570859], [-76.4605442, 3.257045], [-76.4605363, 3.257018], [-76.4605321, 3.2569907], [-76.460542, 3.2569643], [-76.4605579, 3.2569406], [-76.4605814, 3.2569202], [-76.4606035, 3.2569029], [-76.4606264, 3.2568877], [-76.4606517, 3.2568755], [-76.4606778, 3.2568654], [-76.4607047, 3.2568575], [-76.460731, 3.2568511], [-76.4607581, 3.2568469], [-76.4607861, 3.2568449], [-76.4608194, 3.2568471], [-76.4608499, 3.2568516], [-76.4608825, 3.2568553], [-76.4609106, 3.256857], [-76.4609374, 3.2568617], [-76.4609729, 3.2568631], [-76.461003, 3.2568602], [-76.4610358, 3.2568513], [-76.461073, 3.2568407], [-76.461108, 3.256831], [-76.4611414, 3.2568205], [-76.4611712, 3.2568103], [-76.4611989, 3.2568008], [-76.4612278, 3.2567884], [-76.4612561, 3.2567775], [-76.4612852, 3.2567687], [-76.4613157, 3.256757], [-76.4613433, 3.2567475], [-76.4613736, 3.2567321], [-76.4613996, 3.2567183], [-76.4614255, 3.2567045], [-76.461463, 3.256685], [-76.4615005, 3.2566655], [-76.4615293, 3.2566493], [-76.4615554, 3.2566392], [-76.4615825, 3.256635], [-76.4616168, 3.2566268], [-76.4616466, 3.2566165], [-76.4616758, 3.2566078], [-76.4617032, 3.2565947], [-76.4617313, 3.25658], [-76.461758, 3.2565647], [-76.4617824, 3.2565503], [-76.4618097, 3.2565334], [-76.4618485, 3.2565109], [-76.4618751, 3.2564956], [-76.4619024, 3.2564788], [-76.4619326, 3.2564596], [-76.4619627, 3.2564404], [-76.4619906, 3.2564221], [-76.462025, 3.2563975], [-76.4620593, 3.256373], [-76.4620901, 3.2563523], [-76.4621194, 3.2563309], [-76.4621443, 3.2563112], [-76.4621649, 3.2562932], [-76.462189, 3.2562714], [-76.4622151, 3.256245], [-76.4622386, 3.2562246], [-76.462262, 3.2562043], [-76.4622854, 3.2561839], [-76.462306, 3.2561659], [-76.4623301, 3.256144], [-76.4623536, 3.2561237], [-76.4623768, 3.2560996], [-76.4624031, 3.2560769], [-76.4624281, 3.2560572], [-76.4624523, 3.2560391], [-76.462478, 3.2560179], [-76.4624985, 3.2559999], [-76.4625255, 3.2559757], [-76.4625481, 3.2559531], [-76.4625744, 3.2559304], [-76.4625972, 3.2559116], [-76.4626263, 3.2558865], [-76.4626517, 3.2558616], [-76.4626745, 3.2558428], [-76.462705, 3.2558147], [-76.4627312, 3.255792], [-76.4627518, 3.255774], [-76.4627723, 3.2557523], [-76.462792, 3.2557321], [-76.4628144, 3.2557059], [-76.4628369, 3.2556796], [-76.4628586, 3.2556549], [-76.4628854, 3.255627], [-76.4629072, 3.2556022], [-76.4629261, 3.2555799], [-76.4629429, 3.2555583], [-76.4629624, 3.2555344], [-76.462979, 3.2555092], [-76.4629971, 3.2554846], [-76.4630157, 3.2554549], [-76.4630341, 3.2554214], [-76.463049, 3.2553918], [-76.4630659, 3.2553576], [-76.4630848, 3.2553189], [-76.4631009, 3.2552826], [-76.4631158, 3.255253], [-76.4631279, 3.2552257], [-76.4631399, 3.2551985], [-76.4631533, 3.2551682], [-76.4631654, 3.255141], [-76.4631801, 3.2551077], [-76.4631942, 3.2550759], [-76.4632076, 3.2550456], [-76.4632215, 3.2550101], [-76.4632375, 3.2549737], [-76.4632514, 3.2549382], [-76.4632618, 3.2549066], [-76.4632702, 3.2548795], [-76.4632801, 3.2548531], [-76.4632714, 3.2548238], [-76.4632797, 3.2547968], [-76.4632896, 3.2547704], [-76.4633015, 3.2547394], [-76.4633129, 3.2547137], [-76.4633239, 3.2546805], [-76.4633352, 3.2546511], [-76.4633481, 3.2546097], [-76.4633556, 3.2545804], [-76.4633645, 3.2545481], [-76.4633748, 3.2545165], [-76.4633822, 3.2544835], [-76.4633896, 3.2544505], [-76.4633991, 3.2544167], [-76.4634058, 3.2543853], [-76.4634127, 3.2543575], [-76.4634222, 3.2543237], [-76.4634311, 3.2542914], [-76.46344, 3.2542591], [-76.4634495, 3.2542253], [-76.4634584, 3.254193], [-76.4634681, 3.2541629], [-76.4634772, 3.2541343], [-76.4634887, 3.2540959], [-76.4634956, 3.2540682], [-76.4635038, 3.2540374], [-76.4635092, 3.2540089], [-76.4635152, 3.253979], [-76.4635187, 3.2539425], [-76.4635219, 3.2539149], [-76.4635257, 3.2538858], [-76.4635294, 3.253853], [-76.4635331, 3.2538202], [-76.4635382, 3.2537844], [-76.4635442, 3.2537544], [-76.4635537, 3.2537206], [-76.4635663, 3.2536881], [-76.4635773, 3.253655], [-76.4635885, 3.2536255], [-76.4635991, 3.2535976], [-76.4636081, 3.253569], [-76.4636177, 3.2535352], [-76.4636252, 3.2535059], [-76.4636299, 3.253479], [-76.4636338, 3.2534499], [-76.463637, 3.2534223], [-76.4636401, 3.2533947], [-76.4636438, 3.2533619], [-76.4636477, 3.2533328], [-76.4636529, 3.2533007], [-76.4636589, 3.2532707], [-76.4636654, 3.2532356], [-76.4636701, 3.2532087], [-76.463677, 3.2531809], [-76.4636882, 3.2531515], [-76.4637088, 3.2531335], [-76.4637331, 3.2531153], [-76.4637573, 3.2530971], [-76.4637811, 3.2530842], [-76.4637933, 3.2530769]]}}, {"type": "Feature", "properties": {"OBJECTID": 5107, "Shape_Leng": 492.061900309, "RUTA": null}, "geometry": {"type": "LineString", "coordinates": [[-76.4797827, 3.0463218], [-76.4802646, 3.0449367], [-76.4802742, 3.0448792], [-76.4802688, 3.0448332], [-76.4802521, 3.0448062], [-76.480187, 3.0447716], [-76.4792122, 3.0444492], [-76.4791776, 3.044449], [-76.4791406, 3.044501], [-76.4791115, 3.0445918], [-76.4790237, 3.0445883], [-76.4790475, 3.0444873], [-76.4790364, 3.044431], [-76.4789855, 3.0443728], [-76.4789057, 3.0443455], [-76.4785237, 3.0442193], [-76.4783213, 3.0441571], [-76.4782104, 3.0441617], [-76.4781076, 3.0441761], [-76.4780529, 3.0441858], [-76.4780132, 3.0442006], [-76.4779653, 3.0442436], [-76.4779377, 3.044292], [-76.4779076, 3.044369]]}}, {"type": "Feature", "properties": {"OBJECTID": 5108, "Shape_Leng": 350.59653643, "RUTA": null}, "geometry": {"type": "LineString", "coordinates": [[-76.4810505, 3.0428527], [-76.4804262, 3.0446603], [-76.4804224, 3.0446766], [-76.4804248, 3.0446932], [-76.4804457, 3.0447373], [-76.4804835, 3.044768], [-76.4805244, 3.0447878], [-76.4815373, 3.045148]]}}, {"type": "Feature", "properties": {"OBJECTID": 5109, "Shape_Leng": 292.301136281, "RUTA": null}, "geometry": {"type": "LineString", "coordinates": [[-76.4815201, 3.0452144], [-76.4804599, 3.0448514], [-76.480412, 3.0448587], [-76.4803766, 3.0448729], [-76.4803463, 3.0449014], [-76.4803273, 3.044957], [-76.4802938, 3.0450576], [-76.4799125, 3.0462197]]}}, {"type": "Feature", "properties": {"OBJECTID": 5110, "Shape_Leng": 610.282090462, "RUTA": null}, "geometry": {"type": "LineString", "coordinates": [[-76.4780703, 3.0436727], [-76.4780836, 3.0437344], [-76.4781153, 3.0437951], [-76.4781629, 3.0438749], [-76.4782082, 3.0439274], [-76.4782564, 3.0439717], [-76.4783371, 3.0440261], [-76.4784133, 3.0440662], [-76.4784938, 3.0440991], [-76.4788416, 3.0441995], [-76.4790264, 3.0442493], [-76.4790658, 3.0442507], [-76.4791008, 3.0442148], [-76.4791222, 3.0441496], [-76.4791398, 3.0440817], [-76.4792243, 3.0441089], [-76.4791838, 3.0442464], [-76.4791863, 3.0442709], [-76.4792044, 3.0443091], [-76.4792266, 3.0443361], [-76.479243, 3.0443501], [-76.479271, 3.044362], [-76.4802396, 3.044693], [-76.4802773, 3.0446879], [-76.4803167, 3.0446701], [-76.4803598, 3.0446143], [-76.4811529, 3.042208]]}}, {"type": "Feature", "properties": {"OBJECTID": 5111, "Shape_Leng": 62.5677681983, "RUTA": null}, "geometry": {"type": "LineString", "coordinates": [[-76.4780969, 3.0439434], [-76.4781583, 3.0439994], [-76.4781911, 3.0440253], [-76.4782379, 3.0440523], [-76.4782581, 3.0440645], [-76.4781809, 3.0440808], [-76.4781306, 3.0440911], [-76.4780892, 3.0440958], [-76.4780624, 3.0440984], [-76.4780557, 3.0440861], [-76.4780579, 3.0440701], [-76.4780969, 3.0439434]]}}, {"type": "Feature", "properties": {"OBJECTID": 5112, "Shape_Leng": 104.649431282, "RUTA": null}, "geometry": {"type": "LineString", "coordinates": [[-76.4786219, 3.0441947], [-76.4787824, 3.0442209], [-76.4788381, 3.0442361], [-76.4789103, 3.0442596], [-76.4790653, 3.0443412], [-76.478937, 3.0443181], [-76.4788676, 3.0443014], [-76.4788142, 3.0442865], [-76.4787796, 3.0442669], [-76.4786219, 3.0441947]]}}, {"type": "Feature", "properties": {"OBJECTID": 5113, "Shape_Leng": 1573.71751045, "RUTA": null}, "geometry": {"type": "LineString", "coordinates": [[-76.2450551, 3.4359288], [-76.2448791, 3.4358252], [-76.2447649, 3.4357277], [-76.2445963, 3.4356201], [-76.2444272, 3.435545], [-76.2442454, 3.4354242], [-76.2441391, 3.4353375], [-76.2440217, 3.4352618], [-76.2438925, 3.4351989], [-76.2437462, 3.4351633], [-76.2436293, 3.4351639], [-76.2427157, 3.4351733], [-76.2425581, 3.4351782], [-76.2424565, 3.4351727], [-76.2423614, 3.4351522], [-76.2422507, 3.4351121], [-76.2420729, 3.4351176], [-76.2418236, 3.4351499], [-76.2415379, 3.4352032], [-76.2412925, 3.4352435], [-76.2410856, 3.4352605], [-76.2409138, 3.4352739], [-76.2407131, 3.4352694], [-76.2405399, 3.4352642], [-76.2402409, 3.4353034], [-76.2397329, 3.4354073], [-76.2388603, 3.4355682], [-76.237745, 3.4357816], [-76.2372299, 3.4358929], [-76.2369295, 3.435918], [-76.2367353, 3.4359284], [-76.2365281, 3.4359234], [-76.2362992, 3.4359055], [-76.2362228, 3.4359526], [-76.2361472, 3.4359833], [-76.2360002, 3.4360258], [-76.2358655, 3.4360527], [-76.2354289, 3.4361178], [-76.233651, 3.4363332], [-76.2324512, 3.4364765], [-76.2312639, 3.4366686]]}}, {"type": "Feature", "properties": {"OBJECTID": 5114, "Shape_Leng": 1625.91946771, "RUTA": null}, "geometry": {"type": "LineString", "coordinates": [[-76.2362992, 3.4359055], [-76.2359715, 3.435818], [-76.2356925, 3.4357402], [-76.235051, 3.4355562], [-76.2342636, 3.4352382], [-76.2333826, 3.4349028], [-76.2331296, 3.4348044], [-76.232886, 3.4347038], [-76.2327585, 3.4346383], [-76.2325459, 3.4342141], [-76.2323375, 3.4337571], [-76.2322171, 3.433516], [-76.2321197, 3.4332748], [-76.2320336, 3.4330409], [-76.2319857, 3.4329128], [-76.2317385, 3.4321245], [-76.231319, 3.43082], [-76.230886, 3.4294388], [-76.2307842, 3.429073], [-76.2306269, 3.4287276], [-76.2304959, 3.428517], [-76.2301068, 3.4278829], [-76.2300424, 3.427782], [-76.2299635, 3.427625], [-76.2299039, 3.4275136], [-76.2298556, 3.4274327], [-76.2297557, 3.4273524], [-76.2291346, 3.4271208], [-76.2289984, 3.4270315], [-76.2289024, 3.4268995], [-76.2288592, 3.426742], [-76.2288743, 3.4265792], [-76.2289458, 3.4264324], [-76.2289462, 3.4264319], [-76.2291195, 3.4262289], [-76.2292275, 3.4260849], [-76.2292835, 3.4259135], [-76.2292816, 3.425733], [-76.2292508, 3.4252686], [-76.229236, 3.4250451]]}}, {"type": "Feature", "properties": {"OBJECTID": 5504, "Shape_Leng": 954.765621161, "RUTA": null}, "geometry": {"type": "LineString", "coordinates": [[-76.2471942, 3.3800016], [-76.245202, 3.3765843], [-76.243013, 3.3724617]]}}, {"type": "Feature", "properties": {"OBJECTID": 5505, "Shape_Leng": 2003.03347936, "RUTA": null}, "geometry": {"type": "LineString", "coordinates": [[-76.2091711, 3.4316836], [-76.2096348, 3.4312415], [-76.2097281, 3.4309825], [-76.209724, 3.4308294], [-76.2096818, 3.4306562], [-76.2096429, 3.4303493], [-76.2096138, 3.4299927], [-76.2097136, 3.4298673], [-76.2099169, 3.4297701], [-76.2101808, 3.4297621], [-76.2104914, 3.4297086], [-76.2106289, 3.4294132], [-76.21069, 3.4291806], [-76.2107549, 3.4289347], [-76.2108583, 3.4287248], [-76.2109338, 3.4286051], [-76.2109848, 3.4285669], [-76.2112464, 3.4285296], [-76.2115051, 3.4284946], [-76.2117576, 3.4284371], [-76.2119136, 3.428399], [-76.2120635, 3.4283396], [-76.2120878, 3.4282079], [-76.211923, 3.4281631], [-76.2117225, 3.4281635], [-76.2116901, 3.4281401], [-76.2117173, 3.4280987], [-76.2119267, 3.4279157], [-76.2119523, 3.4278867], [-76.2119884, 3.4278406], [-76.2120284, 3.4277576], [-76.2120823, 3.4276521], [-76.2124098, 3.4273966], [-76.2124489, 3.427236], [-76.2127035, 3.4271918], [-76.2128452, 3.4270514], [-76.2132816, 3.4269469], [-76.2135187, 3.4269826], [-76.2135836, 3.4269779], [-76.2136782, 3.4269334], [-76.213686, 3.4269294], [-76.2137727, 3.4268297], [-76.2137808, 3.4268081], [-76.21386, 3.4266691], [-76.2139922, 3.4265729], [-76.2140676, 3.4264375], [-76.2142142, 3.4263984], [-76.2145321, 3.4264333], [-76.2147935, 3.4265087], [-76.2150549, 3.4265365], [-76.2153483, 3.4263244], [-76.2154468, 3.4261817], [-76.2156333, 3.42609], [-76.215739, 3.4260861], [-76.2158898, 3.4261201], [-76.2160464, 3.4262256], [-76.2161737, 3.4262127], [-76.2162911, 3.4261522], [-76.2165389, 3.4260563], [-76.2166954, 3.4258977], [-76.2167821, 3.4257842], [-76.2168857, 3.4257054], [-76.2170075, 3.4256105], [-76.2172608, 3.4254802], [-76.2175134, 3.4253488], [-76.2177552, 3.4252121], [-76.2179737, 3.4250758], [-76.2181907, 3.4249499], [-76.218427, 3.4248933], [-76.2186414, 3.4248913], [-76.2189186, 3.4249081], [-76.2192025, 3.4249121], [-76.2196223, 3.4247665], [-76.2197617, 3.4246992], [-76.2201865, 3.4243219], [-76.2206275, 3.4236825], [-76.2214352, 3.422699], [-76.2215075, 3.4225955]]}}, {"type": "Feature", "properties": {"OBJECTID": 5506, "Shape_Leng": 2006.53261423, "RUTA": null}, "geometry": {"type": "LineString", "coordinates": [[-76.2091412, 3.4316609], [-76.2096021, 3.431226], [-76.2096919, 3.4309767], [-76.2096881, 3.4308342], [-76.2096463, 3.4306628], [-76.2096071, 3.430353], [-76.2095768, 3.4299813], [-76.2096907, 3.4298383], [-76.2099083, 3.4297342], [-76.2101772, 3.429726], [-76.2104668, 3.4296762], [-76.2105949, 3.4294008], [-76.2106552, 3.4291713], [-76.210721, 3.4289219], [-76.2108269, 3.4287071], [-76.210907, 3.4285801], [-76.2109706, 3.4285324], [-76.2112414, 3.4284938], [-76.2114987, 3.428459], [-76.2117494, 3.4284019], [-76.2119027, 3.4283645], [-76.2120317, 3.4283133], [-76.2120463, 3.4282341], [-76.2119182, 3.4281993], [-76.2117109, 3.4281996], [-76.211641, 3.4281491], [-76.21169, 3.4280747], [-76.2119013, 3.4278899], [-76.2119247, 3.4278634], [-76.2119577, 3.4278213], [-76.2119962, 3.4277415], [-76.2120539, 3.4276284], [-76.2123778, 3.4273758], [-76.2124196, 3.4272044], [-76.2126863, 3.4271581], [-76.212827, 3.4270186], [-76.2132801, 3.4269101], [-76.2135201, 3.4269462], [-76.2135744, 3.4269423], [-76.2136625, 3.4269008], [-76.2136635, 3.4269003], [-76.2137413, 3.4268108], [-76.2137481, 3.4267927], [-76.2138327, 3.4266444], [-76.2139647, 3.4265483], [-76.2140436, 3.4264064], [-76.2142114, 3.4263617], [-76.2145391, 3.4263976], [-76.2148004, 3.4264731], [-76.215045, 3.4264991], [-76.2153222, 3.4262987], [-76.2154225, 3.4261533], [-76.2156244, 3.4260541], [-76.2157424, 3.4260498], [-76.2159042, 3.4260862], [-76.2160557, 3.4261883], [-76.2161633, 3.4261774], [-76.2162764, 3.4261191], [-76.2165188, 3.4260253], [-76.2166682, 3.4258739], [-76.2167565, 3.4257583], [-76.2168638, 3.4256767], [-76.2169881, 3.4255798], [-76.2172443, 3.425448], [-76.2174963, 3.425317], [-76.2177369, 3.425181], [-76.2179552, 3.4250448], [-76.2181772, 3.4249159], [-76.2184226, 3.4248572], [-76.2186424, 3.4248551], [-76.2189199, 3.4248719], [-76.219203, 3.424876], [-76.2196067, 3.4247339], [-76.2197416, 3.4246687], [-76.2201594, 3.4242977], [-76.2205988, 3.4236606], [-76.2214066, 3.422677], [-76.2214953, 3.42255]]}}, {"type": "Feature", "properties": {"OBJECTID": 5507, "Shape_Leng": 997.766504618, "RUTA": null}, "geometry": {"type": "LineString", "coordinates": [[-76.2064596, 3.4385863], [-76.2064747, 3.4385465], [-76.2065266, 3.4384239], [-76.2066081, 3.4382865], [-76.2066933, 3.4381565], [-76.2068414, 3.4380266], [-76.2070006, 3.4379115], [-76.2072641, 3.4376628], [-76.2073689, 3.437561], [-76.2074443, 3.4374559], [-76.2075263, 3.4372752], [-76.207605, 3.4371109], [-76.2076869, 3.4369762], [-76.207831, 3.4368317], [-76.2080241, 3.436753], [-76.2081715, 3.4366546], [-76.208309, 3.4365298], [-76.2084727, 3.4364281], [-76.2086103, 3.4362639], [-76.2086922, 3.4361423], [-76.2087413, 3.4360701], [-76.2090485, 3.43566], [-76.2092596, 3.4352611], [-76.2092649, 3.43504], [-76.2092754, 3.4348035], [-76.2092404, 3.434525], [-76.2091873, 3.4343687], [-76.2090525, 3.4341918], [-76.2089708, 3.4340684], [-76.2088604, 3.433945], [-76.2086805, 3.433801], [-76.2084555, 3.4336939], [-76.2083493, 3.4335869], [-76.2082553, 3.433406], [-76.2081736, 3.433221], [-76.2081248, 3.4329291], [-76.2081252, 3.432921], [-76.2081332, 3.43274], [-76.2081701, 3.4326373], [-76.2082911, 3.4323336], [-76.2084128, 3.4321362], [-76.2085633, 3.4319619], [-76.2086907, 3.4318342], [-76.2088065, 3.4317995], [-76.2090148, 3.4317997], [-76.2090785, 3.4317648], [-76.2091248, 3.4317184], [-76.2091711, 3.4316836]]}}, {"type": "Feature", "properties": {"OBJECTID": 5508, "Shape_Leng": 992.188476855, "RUTA": null}, "geometry": {"type": "LineString", "coordinates": [[-76.2064479, 3.4385173], [-76.2064944, 3.4384075], [-76.2065776, 3.4382673], [-76.206666, 3.4381325], [-76.206819, 3.4379982], [-76.2069777, 3.4378836], [-76.2072393, 3.4376366], [-76.2073416, 3.4375372], [-76.207413, 3.4374376], [-76.2074937, 3.4372598], [-76.2075733, 3.4370936], [-76.2076584, 3.4369537], [-76.2078107, 3.436801], [-76.2080072, 3.4367209], [-76.2081493, 3.4366259], [-76.2082873, 3.4365008], [-76.2084489, 3.4364004], [-76.2085815, 3.436242], [-76.2086624, 3.436122], [-76.2087121, 3.436049], [-76.2090181, 3.4356405], [-76.2092238, 3.4352517], [-76.2092289, 3.4350388], [-76.2092393, 3.434805], [-76.2092051, 3.4345331], [-76.2091552, 3.434386], [-76.2090232, 3.4342129], [-76.2089422, 3.4340907], [-76.2088356, 3.4339714], [-76.2086613, 3.4338319], [-76.2084345, 3.4337239], [-76.2083199, 3.4336086], [-76.2082229, 3.4334217], [-76.2081389, 3.4332314], [-76.2080887, 3.4329313], [-76.2080892, 3.4329194], [-76.2080975, 3.4327329], [-76.2081365, 3.4326244], [-76.2082588, 3.4323173], [-76.2083837, 3.4321146], [-76.208537, 3.4319373], [-76.2086717, 3.4318022], [-76.2088012, 3.4317633], [-76.2090056, 3.4317635], [-76.2090567, 3.4317356], [-76.2091012, 3.431691], [-76.2091412, 3.4316609]]}}, {"type": "Feature", "properties": {"OBJECTID": 5511, "Shape_Leng": 1837.57650291, "RUTA": null}, "geometry": {"type": "LineString", "coordinates": [[-76.2064596, 3.4385863], [-76.2072123, 3.4425479], [-76.2080184, 3.4437223], [-76.2087867, 3.4444775], [-76.210256, 3.4473324], [-76.2102331, 3.4478665], [-76.2096471, 3.4484344], [-76.2091771, 3.4489305], [-76.2095215, 3.4506975], [-76.209497, 3.4537212]]}}, {"type": "Feature", "properties": {"OBJECTID": 5513, "Shape_Leng": 9738.4350461, "RUTA": null}, "geometry": {"type": "MultiLineString", "coordinates": [[[-76.3538316, 3.0708032], [-76.3538226, 3.0708659], [-76.3537927, 3.0710502], [-76.3537038, 3.071599], [-76.3537036, 3.0716306], [-76.3537031, 3.0716553], [-76.3537014, 3.0716842], [-76.3536987, 3.0717138], [-76.3536958, 3.0717389], [-76.3536917, 3.0717616], [-76.3536862, 3.0717853], [-76.3536784, 3.0718101], [-76.3536696, 3.0718384], [-76.3536622, 3.07187], [-76.3536572, 3.0718921], [-76.3536521, 3.0719147], [-76.3536463, 3.0719384], [-76.3536385, 3.071967], [-76.3536302, 3.0719929], [-76.3536224, 3.0720177], [-76.3536149, 3.0720502], [-76.3536097, 3.0720729], [-76.3536018, 3.0721018], [-76.3535943, 3.0721267], [-76.3535877, 3.072152], [-76.3535785, 3.0721829], [-76.3535711, 3.0722053], [-76.3535605, 3.0722363], [-76.3535539, 3.072258], [-76.3535473, 3.0722833], [-76.3535409, 3.072314], [-76.3535355, 3.072338], [-76.353529, 3.0723647], [-76.3535216, 3.0723941], [-76.3535154, 3.0724178], [-76.3535095, 3.0724421], [-76.3535045, 3.0724685], [-76.3534993, 3.0724968], [-76.3534929, 3.0725338], [-76.3534888, 3.072562], [-76.3534853, 3.0725889], [-76.3534822, 3.0726163], [-76.3534788, 3.0726501], [-76.3534744, 3.0726796], [-76.3534684, 3.0727115], [-76.3534618, 3.0727442], [-76.3534561, 3.0727798], [-76.3534521, 3.0728076], [-76.3534488, 3.0728349], [-76.3534443, 3.0728641], [-76.3534364, 3.0728965], [-76.3534303, 3.0729202], [-76.3534235, 3.0729504], [-76.3534189, 3.0729767], [-76.353415, 3.073002], [-76.3534113, 3.0730271], [-76.3534058, 3.0730544], [-76.353397, 3.0730902], [-76.3533903, 3.0731199], [-76.3533858, 3.0731458], [-76.3533815, 3.0731704], [-76.3533772, 3.0731964], [-76.353372, 3.0732288], [-76.3533658, 3.0732587], [-76.3533578, 3.0732905], [-76.3533509, 3.0733201], [-76.3533457, 3.0733468], [-76.3533389, 3.073377], [-76.3533332, 3.0734027], [-76.3533265, 3.073431], [-76.3533172, 3.0734673], [-76.3533102, 3.0734968], [-76.3533048, 3.0735233], [-76.3532991, 3.0735494], [-76.3532929, 3.0735797], [-76.3532867, 3.0736052], [-76.3532803, 3.0736311], [-76.353274, 3.0736575], [-76.3532691, 3.073683], [-76.353265, 3.0737125], [-76.353262, 3.0737381], [-76.3532586, 3.0737645], [-76.3532557, 3.0737922], [-76.35325, 3.0738275], [-76.3532437, 3.0738568], [-76.3532378, 3.0738894], [-76.3532338, 3.0739146], [-76.3532292, 3.07394], [-76.3532241, 3.0739661], [-76.3532165, 3.0739946], [-76.3532061, 3.0740233], [-76.3531931, 3.0740564], [-76.353182, 3.0740866], [-76.353169, 3.0741201], [-76.3531515, 3.0741568], [-76.3531288, 3.0741961], [-76.3531085, 3.0742263], [-76.3530899, 3.0742534], [-76.3530693, 3.0742848], [-76.3530431, 3.0743248], [-76.3530177, 3.0743644], [-76.3529983, 3.0743943], [-76.3529795, 3.074424], [-76.3529564, 3.0744602], [-76.3529301, 3.0745001], [-76.3529089, 3.0745304], [-76.352891, 3.0745568], [-76.3528732, 3.0745835], [-76.3528519, 3.0746158], [-76.3528304, 3.0746488], [-76.352814, 3.0746745], [-76.3527995, 3.0746972], [-76.3527843, 3.0747199], [-76.3527667, 3.0747471], [-76.3527475, 3.0747776], [-76.3527306, 3.0748066], [-76.3527166, 3.0748315], [-76.3527036, 3.0748554], [-76.3526907, 3.0748798], [-76.3526781, 3.0749065], [-76.352667, 3.0749346], [-76.3526591, 3.0749623], [-76.3526553, 3.0749884], [-76.3526539, 3.0750141], [-76.3526543, 3.0750406], [-76.3526547, 3.0750671], [-76.352655, 3.075096], [-76.3526581, 3.0751247], [-76.3526626, 3.075152], [-76.3526673, 3.0751798], [-76.3526733, 3.075208], [-76.3526805, 3.0752362], [-76.3526884, 3.0752656], [-76.3526949, 3.0752951], [-76.3526991, 3.0753262], [-76.3527029, 3.0753577], [-76.3527084, 3.0753877], [-76.3527149, 3.0754165], [-76.3527203, 3.0754435], [-76.3527255, 3.0754695], [-76.3527311, 3.0754966], [-76.3527358, 3.075524], [-76.3527396, 3.0755512], [-76.352745, 3.0755808], [-76.3527523, 3.0756107], [-76.3527593, 3.0756398], [-76.3527658, 3.0756677], [-76.3527716, 3.0756957], [-76.3527764, 3.0757252], [-76.3527816, 3.0757564], [-76.3527875, 3.0757862], [-76.3527928, 3.0758185], [-76.3527996, 3.0758536], [-76.3528059, 3.0758887], [-76.3528113, 3.0759206], [-76.3528154, 3.0759514], [-76.3528179, 3.0759823], [-76.35282, 3.0760131], [-76.3528211, 3.0760456], [-76.3528197, 3.0760805], [-76.3528165, 3.0761159], [-76.3528139, 3.0761477], [-76.3528111, 3.0761772], [-76.3528077, 3.0762072], [-76.3528006, 3.0762391], [-76.3527896, 3.0762733], [-76.352778, 3.0763056], [-76.3527691, 3.0763341], [-76.3527603, 3.0763633], [-76.3527508, 3.0763937], [-76.3527388, 3.0764278], [-76.3527288, 3.0764564], [-76.3527182, 3.0764874], [-76.3527103, 3.0765113], [-76.3527023, 3.076535], [-76.3526947, 3.0765603], [-76.3526846, 3.0765899], [-76.3526718, 3.0766289], [-76.352663, 3.0766581], [-76.3526565, 3.0766832], [-76.3526503, 3.0767088], [-76.3526431, 3.0767365], [-76.3526363, 3.0767591], [-76.3526241, 3.076795], [-76.3526133, 3.0768286], [-76.3526063, 3.076856], [-76.352597, 3.07689], [-76.3525878, 3.0769205], [-76.3525769, 3.0769534], [-76.3525655, 3.0769866], [-76.3525574, 3.0770154], [-76.3525496, 3.077047], [-76.3525422, 3.0770745], [-76.3525333, 3.0771035], [-76.3525233, 3.077135], [-76.352516, 3.0771577], [-76.3525069, 3.0771877], [-76.3525001, 3.0772143], [-76.3524936, 3.0772397], [-76.3524852, 3.0772659], [-76.3524749, 3.0772959], [-76.3524627, 3.0773271], [-76.3524486, 3.0773607], [-76.3524389, 3.0773837], [-76.3524299, 3.0774062], [-76.3524196, 3.0774308], [-76.3524061, 3.0774608], [-76.3523906, 3.0774935], [-76.3523766, 3.0775229], [-76.352363, 3.0775504], [-76.3523476, 3.0775793], [-76.3523357, 3.0776001], [-76.3523222, 3.0776234], [-76.352308, 3.0776489], [-76.3522959, 3.0776729], [-76.352286, 3.0776952], [-76.3522775, 3.0777195], [-76.3522675, 3.0777408], [-76.3522523, 3.0777695], [-76.3522364, 3.0777991], [-76.3522228, 3.0778258], [-76.3522118, 3.0778493], [-76.352201, 3.0778721], [-76.3521879, 3.0778995], [-76.3521768, 3.0779231], [-76.352165, 3.0779491], [-76.3521544, 3.0779746], [-76.352145, 3.0779993], [-76.3521375, 3.0780225], [-76.3521307, 3.0780455], [-76.3521245, 3.0780681], [-76.352119, 3.0780906], [-76.3521107, 3.0781207], [-76.3521047, 3.0781479], [-76.3521001, 3.0781743], [-76.3520962, 3.0781997], [-76.3520926, 3.0782285], [-76.3520907, 3.0782526], [-76.3520917, 3.0782765], [-76.3520923, 3.0783063], [-76.3520916, 3.0783312], [-76.3520909, 3.078355], [-76.3520908, 3.0783782], [-76.3520923, 3.0784018], [-76.3520948, 3.0784265], [-76.352096, 3.0784507], [-76.3520967, 3.0784797], [-76.352099, 3.0785053], [-76.3521015, 3.0785315], [-76.3521035, 3.0785588], [-76.3521051, 3.0785857], [-76.3521063, 3.078611], [-76.3521079, 3.078641], [-76.3521088, 3.0786667], [-76.3521097, 3.0786921], [-76.3521102, 3.0787175], [-76.3521101, 3.0787448], [-76.3521085, 3.0787723], [-76.3521057, 3.0788042], [-76.3521034, 3.0788276], [-76.3521019, 3.0788565], [-76.3521005, 3.0788811], [-76.3520979, 3.0789071], [-76.3520929, 3.078936], [-76.3520846, 3.078973], [-76.3520768, 3.0790001], [-76.3520713, 3.0790236], [-76.3520645, 3.0790511], [-76.3520577, 3.0790746], [-76.3520468, 3.0791039], [-76.3520363, 3.0791302], [-76.3520215, 3.0791677], [-76.3520128, 3.0791933], [-76.3520046, 3.0792146], [-76.3519937, 3.0792394], [-76.3519821, 3.0792687], [-76.3519725, 3.0793012], [-76.3519634, 3.0793341], [-76.3519562, 3.0793626], [-76.3519487, 3.0793892], [-76.3519404, 3.0794166], [-76.3519327, 3.0794459], [-76.3519249, 3.0794785], [-76.3519165, 3.0795126], [-76.3519088, 3.0795447], [-76.3519018, 3.0795759], [-76.3518954, 3.0796063], [-76.3518882, 3.0796374], [-76.3518809, 3.0796686], [-76.3518747, 3.0796987], [-76.3518707, 3.0797263], [-76.351867, 3.079752], [-76.3518642, 3.079777], [-76.3518628, 3.0798017], [-76.3518599, 3.0798267], [-76.3518557, 3.0798561]], [[-76.3518599, 3.0798267], [-76.3518592, 3.0814574], [-76.3519071, 3.0820751], [-76.3520182, 3.0825004], [-76.3520611, 3.0826206], [-76.352876, 3.083916], [-76.3532286, 3.0844872], [-76.3533709, 3.0847631], [-76.3534099, 3.0848714], [-76.3541381, 3.0868743], [-76.3541535, 3.0869878], [-76.3542278, 3.0878328], [-76.3543235, 3.0886577], [-76.3544245, 3.0890169], [-76.354433, 3.0890397], [-76.3552903, 3.0913127], [-76.355504, 3.0919868], [-76.3557083, 3.0927721], [-76.3562059, 3.0946462], [-76.3566806, 3.0965244], [-76.3570872, 3.0980477], [-76.3575361, 3.0997094], [-76.357702, 3.1003335], [-76.357802, 3.1006676], [-76.3578286, 3.1007565], [-76.3578772, 3.1008908], [-76.3581917, 3.1016175], [-76.3583279, 3.1019385], [-76.3584309, 3.10213], [-76.3585313, 3.1022604], [-76.358887, 3.1026343], [-76.3593154, 3.1030255], [-76.3599276, 3.1034531], [-76.3601681, 3.1036187], [-76.3605867, 3.1039012], [-76.3610198, 3.1041935], [-76.3643936, 3.1064808], [-76.3644813, 3.1065236], [-76.36456, 3.1065487], [-76.3647222, 3.1065998], [-76.3652756, 3.1067598], [-76.3656855, 3.1068882], [-76.3657374, 3.1069039], [-76.3658752, 3.1069031], [-76.3661377, 3.1068417], [-76.3668022, 3.1067683], [-76.3669176, 3.106815], [-76.3669604, 3.1068558], [-76.3669911, 3.1068919], [-76.3670145, 3.106931], [-76.3673262, 3.107338], [-76.3677544, 3.1079343], [-76.3678516, 3.1080548], [-76.367911, 3.1081302], [-76.3689136, 3.109825], [-76.3706461, 3.1127787], [-76.3716693, 3.114554], [-76.3717048, 3.1146496], [-76.3717381, 3.1148261], [-76.3717434, 3.1149335], [-76.3717533, 3.1150536], [-76.3717342, 3.1153337], [-76.3716677, 3.115662], [-76.3715534, 3.1159388], [-76.371509, 3.1161158], [-76.3713119, 3.1168137], [-76.3709473, 3.1182163], [-76.370927, 3.1184272], [-76.3711088, 3.1195991], [-76.3713092, 3.1209992], [-76.3713151, 3.1210617], [-76.3713151, 3.1210618]], [[-76.3892307, 3.1308996], [-76.3892336, 3.1308663], [-76.3892365, 3.1308376], [-76.3892391, 3.1308098], [-76.3892415, 3.1307818], [-76.3892445, 3.1307513], [-76.3892476, 3.1307264], [-76.3892507, 3.1307023], [-76.3892545, 3.1306767], [-76.389258, 3.1306514], [-76.3892617, 3.1306235], [-76.3892672, 3.1305933], [-76.3892728, 3.1305631], [-76.3892773, 3.130534], [-76.389282, 3.1305067], [-76.3892889, 3.130477], [-76.3892959, 3.1304459], [-76.3893031, 3.1304125], [-76.3893101, 3.1303788], [-76.389317, 3.1303472], [-76.389325, 3.1303159], [-76.3893345, 3.1302816], [-76.3893453, 3.1302407], [-76.3893562, 3.1301954], [-76.3893631, 3.1301571], [-76.3893706, 3.1301232], [-76.3893803, 3.1300837], [-76.3893858, 3.1300609], [-76.3893912, 3.1300372], [-76.3893994, 3.1300008], [-76.389407, 3.1299693], [-76.3894153, 3.1299387], [-76.3894231, 3.1299085], [-76.3894297, 3.1298762], [-76.3894342, 3.1298429], [-76.389436, 3.1298124], [-76.389437, 3.1297831], [-76.3894394, 3.1297526], [-76.3894404, 3.1297231], [-76.3894416, 3.1296916], [-76.3894432, 3.1296587], [-76.3894441, 3.1296272], [-76.389444, 3.129598], [-76.3894438, 3.1295686], [-76.3894417, 3.1295392], [-76.3894382, 3.1295117], [-76.3894347, 3.1294832], [-76.3894297, 3.129455], [-76.3894239, 3.1294284], [-76.389418, 3.1294001], [-76.3894118, 3.1293713], [-76.389405, 3.1293411], [-76.3893992, 3.1293122], [-76.3893928, 3.1292855], [-76.3893859, 3.1292588], [-76.3893806, 3.1292355], [-76.389376, 3.1292121], [-76.38937, 3.1291881], [-76.3893618, 3.1291596], [-76.3893551, 3.1291354], [-76.3893492, 3.1291108], [-76.3893431, 3.1290833], [-76.3893334, 3.1290494], [-76.3893268, 3.1290228], [-76.389322, 3.128997], [-76.389315, 3.12897], [-76.3893016, 3.1288123], [-76.3892973, 3.1287863], [-76.3892916, 3.1287538], [-76.3892863, 3.1287289], [-76.3892788, 3.1286998], [-76.3892719, 3.1286705], [-76.389268, 3.1286458], [-76.3892632, 3.1286181], [-76.3892582, 3.1285959], [-76.3892497, 3.128567], [-76.3892388, 3.1285303], [-76.3892297, 3.1284991], [-76.3892203, 3.1284677], [-76.3892099, 3.1284362], [-76.3892031, 3.1284035], [-76.3891952, 3.128375], [-76.3891859, 3.1283461], [-76.3891782, 3.1283158], [-76.3891716, 3.1282849], [-76.3891635, 3.1282534], [-76.3891543, 3.1282231], [-76.3891461, 3.1281944], [-76.3891372, 3.1281613], [-76.3891287, 3.1281337], [-76.3891213, 3.1281046], [-76.3891145, 3.1280737], [-76.3891097, 3.1280422], [-76.3891081, 3.128019], [-76.3891074, 3.1279958], [-76.3891085, 3.1279717], [-76.3891099, 3.1279475], [-76.3891103, 3.127923], [-76.389112, 3.1278963], [-76.3891139, 3.1278671], [-76.3891153, 3.1278392], [-76.3891167, 3.1278121], [-76.3891174, 3.1277849], [-76.3891192, 3.1277564], [-76.3891213, 3.1277273], [-76.3891251, 3.1276945], [-76.3891298, 3.1276605], [-76.3891348, 3.1276212], [-76.3891381, 3.1275906], [-76.3891415, 3.127561], [-76.3891438, 3.1275362], [-76.3891472, 3.1275096], [-76.3891542, 3.1274743], [-76.3891616, 3.1274411], [-76.3891661, 3.1274116], [-76.3891693, 3.1273816], [-76.3891732, 3.1273497], [-76.3891762, 3.1273217], [-76.3891815, 3.1272872], [-76.3891851, 3.1272599], [-76.3891874, 3.1272351], [-76.3891907, 3.1272095], [-76.3891955, 3.1271773], [-76.3892001, 3.1271464], [-76.3892052, 3.1271147], [-76.3892088, 3.1270886], [-76.3892106, 3.1270585], [-76.389211, 3.1270353], [-76.3892122, 3.127011], [-76.3892141, 3.1269811], [-76.389214, 3.1269472], [-76.389212, 3.1269196], [-76.3892069, 3.1268957], [-76.389199, 3.1268694], [-76.3891875, 3.1268433], [-76.3891726, 3.1268215], [-76.3891573, 3.1268031], [-76.3891375, 3.1267794], [-76.3891167, 3.1267601], [-76.3890916, 3.126743], [-76.3890674, 3.1267325], [-76.3890431, 3.1267259], [-76.3890158, 3.126721], [-76.3889911, 3.126715], [-76.388964, 3.1267093], [-76.3889364, 3.1267045], [-76.3889092, 3.1266998], [-76.3888799, 3.1266967], [-76.3888569, 3.1266953], [-76.388833, 3.1266934], [-76.3888062, 3.1266908], [-76.3887779, 3.1266866], [-76.38875, 3.1266834], [-76.3887243, 3.1266814], [-76.3886982, 3.1266796], [-76.3886708, 3.1266779], [-76.3886433, 3.1266756], [-76.3886144, 3.1266714], [-76.3885843, 3.1266671], [-76.388553, 3.1266621], [-76.3885207, 3.1266568], [-76.388492, 3.1266523], [-76.3884649, 3.1266496], [-76.3884353, 3.126646], [-76.3884086, 3.1266427], [-76.3883765, 3.1266381], [-76.3883512, 3.1266353], [-76.3883225, 3.1266323], [-76.3882955, 3.1266294], [-76.3882642, 3.1266258], [-76.38823, 3.1266209], [-76.388205, 3.1266189], [-76.3881755, 3.1266162], [-76.3881506, 3.1266137], [-76.3881216, 3.1266103], [-76.3880935, 3.1266089], [-76.3880708, 3.126608], [-76.3880416, 3.126606], [-76.3880164, 3.1266041], [-76.3879863, 3.1266012], [-76.3879623, 3.1265993], [-76.3879251, 3.1265991], [-76.3878939, 3.1265997], [-76.3878693, 3.1265997], [-76.3878429, 3.1265996], [-76.387815, 3.1266008], [-76.3877868, 3.1265999], [-76.3877588, 3.1265995], [-76.387732, 3.1265986], [-76.387706, 3.126597], [-76.3876797, 3.1265968], [-76.3876527, 3.1265959], [-76.3876228, 3.1265939], [-76.3875934, 3.1265918], [-76.3875648, 3.1265916], [-76.3875347, 3.1265932], [-76.387507, 3.1265952], [-76.3874812, 3.1265971], [-76.3874549, 3.1265989], [-76.3874263, 3.1265994], [-76.3873969, 3.1266], [-76.3873681, 3.126601], [-76.3873422, 3.1266022], [-76.387317, 3.1266027], [-76.3872917, 3.1266032], [-76.3872587, 3.1266037], [-76.3872296, 3.1266044], [-76.3872036, 3.1266059], [-76.3871732, 3.1266088], [-76.3871449, 3.1266123], [-76.3871213, 3.1266128], [-76.3870973, 3.126614], [-76.3870702, 3.1266161], [-76.3870477, 3.1266165], [-76.3870185, 3.1266165], [-76.3869897, 3.1266176], [-76.3869607, 3.1266194], [-76.386937, 3.1266192], [-76.3869029, 3.1266181], [-76.3868758, 3.1266195], [-76.3868424, 3.1266199], [-76.3868193, 3.1266189], [-76.3867899, 3.1266176], [-76.3867602, 3.1266164], [-76.3867363, 3.1266149], [-76.3867077, 3.1266142], [-76.3866843, 3.1266132], [-76.3866558, 3.1266105], [-76.3866249, 3.1266076], [-76.3865941, 3.1266062], [-76.3865563, 3.1266041], [-76.386526, 3.1266033], [-76.3864945, 3.1266005], [-76.3864646, 3.1265983], [-76.3864345, 3.126597], [-76.3864013, 3.1265932], [-76.3863681, 3.1265889], [-76.3863372, 3.1265857], [-76.3863077, 3.1265821], [-76.3862784, 3.1265794], [-76.3862481, 3.1265756], [-76.3862166, 3.1265705], [-76.3861852, 3.1265666], [-76.3861539, 3.1265639], [-76.3861222, 3.1265607], [-76.3860855, 3.126558], [-76.3860611, 3.1265569], [-76.386035, 3.1265551], [-76.3860096, 3.1265536], [-76.3859799, 3.1265532], [-76.3859553, 3.1265536], [-76.3859312, 3.1265546], [-76.3859026, 3.1265555], [-76.385874, 3.1265569], [-76.3858495, 3.126558], [-76.385824, 3.1265582], [-76.3857932, 3.1265582], [-76.3857686, 3.1265586], [-76.3857452, 3.1265588], [-76.3857168, 3.1265587], [-76.385688, 3.1265588], [-76.3856641, 3.1265591], [-76.3856326, 3.1265586], [-76.385606, 3.1265582], [-76.3855784, 3.126557], [-76.3855467, 3.1265548], [-76.3855218, 3.1265524], [-76.385498, 3.1265508], [-76.3854683, 3.12655], [-76.3854366, 3.1265491], [-76.3854042, 3.1265489], [-76.3853718, 3.1265493], [-76.3853397, 3.12655], [-76.3853097, 3.1265508], [-76.3852789, 3.1265506], [-76.3852477, 3.1265492], [-76.3852145, 3.1265477], [-76.3851809, 3.1265445], [-76.3851485, 3.1265392], [-76.3851185, 3.1265338], [-76.3850908, 3.1265289], [-76.3850625, 3.126524], [-76.3850312, 3.1265182], [-76.3849985, 3.1265118], [-76.384965, 3.1265042], [-76.3849347, 3.1264969], [-76.3849047, 3.1264903], [-76.3848741, 3.126484], [-76.3848409, 3.1264766], [-76.3848128, 3.126469], [-76.3847808, 3.1264597], [-76.3847565, 3.1264522], [-76.3847352, 3.1264449], [-76.3847093, 3.1264357], [-76.3846804, 3.1264249], [-76.3846495, 3.1264135], [-76.3846171, 3.1264017], [-76.3845866, 3.12639], [-76.3845647, 3.1263811], [-76.3845384, 3.1263691], [-76.384515, 3.1263573], [-76.3844902, 3.1263448], [-76.384459, 3.1263283], [-76.3844309, 3.1263125], [-76.3844066, 3.1262972], [-76.3843829, 3.1262813], [-76.384358, 3.1262626], [-76.3843337, 3.126243], [-76.3843107, 3.1262245], [-76.3842918, 3.1262072], [-76.3842729, 3.1261892], [-76.3842508, 3.1261682], [-76.384228, 3.126145], [-76.3842102, 3.1261242], [-76.3841927, 3.1261031], [-76.3841755, 3.1260825], [-76.3841585, 3.1260611], [-76.384143, 3.1260409], [-76.3841254, 3.1260168], [-76.3841099, 3.1259966], [-76.3840933, 3.1259758], [-76.3840771, 3.1259533], [-76.3840636, 3.1259319], [-76.38405, 3.12591], [-76.3840339, 3.1258886], [-76.3840178, 3.1258695], [-76.3839998, 3.1258467], [-76.3839806, 3.1258253], [-76.3839624, 3.1258088], [-76.3839422, 3.1257905], [-76.3839187, 3.125771], [-76.3838938, 3.1257511], [-76.38387, 3.1257322], [-76.3838463, 3.1257131], [-76.3838217, 3.1256938], [-76.3837959, 3.1256736], [-76.383769, 3.1256524], [-76.3837468, 3.1256341], [-76.3837223, 3.125613], [-76.3836966, 3.1255908], [-76.3836701, 3.1255684], [-76.3836481, 3.12555], [-76.3836194, 3.1255271], [-76.383593, 3.1255065], [-76.3835671, 3.1254869], [-76.3835391, 3.1254668], [-76.3835079, 3.1254448], [-76.3834753, 3.1254224], [-76.3834476, 3.1254012], [-76.3834175, 3.1253748], [-76.3833832, 3.1253467], [-76.3833654, 3.1253316], [-76.3833482, 3.1253169], [-76.3832993, 3.1252772], [-76.3830748, 3.125105], [-76.382646, 3.124819], [-76.3824248, 3.1246975], [-76.3821969, 3.1246018], [-76.3817968, 3.1244491], [-76.3812334, 3.1241952], [-76.3808095, 3.1239952], [-76.3806088, 3.1239101], [-76.3803257, 3.1238127], [-76.3796634, 3.123606], [-76.3793963, 3.1235042], [-76.3789776, 3.1233459], [-76.3783222, 3.1231036], [-76.3781397, 3.1230374], [-76.3775843, 3.1227767], [-76.3769997, 3.122498], [-76.3767297, 3.1223852], [-76.3763821, 3.1222587], [-76.3758636, 3.1220369], [-76.3758079, 3.1220091], [-76.3752449, 3.1217001], [-76.3749756, 3.1215208], [-76.3748587, 3.1214581], [-76.3747217, 3.1214142], [-76.3739521, 3.1213345], [-76.3731861, 3.1212683], [-76.3723654, 3.1212614], [-76.3719995, 3.1212466], [-76.3717422, 3.1212258], [-76.3716561, 3.1212052], [-76.3715295, 3.1211777], [-76.3714042, 3.121131], [-76.3713684, 3.1211176], [-76.3713407, 3.1210886], [-76.3713151, 3.1210617]], [[-76.3892336, 3.1308663], [-76.3910247, 3.1313792], [-76.3925096, 3.131783], [-76.3932256, 3.1319456], [-76.3932159, 3.1326909], [-76.3932225, 3.1331538], [-76.3936429, 3.1331481]]]}}, {"type": "Feature", "properties": {"OBJECTID": 5514, "Shape_Leng": 14304.1204412, "RUTA": null}, "geometry": {"type": "MultiLineString", "coordinates": [[[-76.3632727, 3.1561805], [-76.3629666, 3.1558589], [-76.3629097, 3.1558314], [-76.3628151, 3.1558116]], [[-76.3713101, 3.1210678], [-76.3712708, 3.1211149], [-76.371227, 3.1211386], [-76.3701422, 3.1214666], [-76.3700649, 3.1215378], [-76.3694088, 3.1245087], [-76.3693776, 3.124775], [-76.3694672, 3.1260167], [-76.3694761, 3.1261045], [-76.3696782, 3.1269892], [-76.3698098, 3.1274879], [-76.3701166, 3.1283842], [-76.37013, 3.1284564], [-76.3701185, 3.1286237], [-76.3700776, 3.1288017], [-76.3689594, 3.1318746], [-76.3684556, 3.1335737], [-76.3678943, 3.1351827], [-76.3670601, 3.1375859], [-76.367053, 3.1377101], [-76.3670639, 3.1377511], [-76.3678603, 3.1407523], [-76.3685559, 3.1433795], [-76.3691484, 3.145576], [-76.3698194, 3.1480825], [-76.3699258, 3.1485027], [-76.3699464, 3.148584], [-76.3699581, 3.1486304], [-76.3700873, 3.1491218], [-76.3704339, 3.1504407], [-76.3710535, 3.1527445], [-76.3713351, 3.1538609], [-76.371617, 3.1549552], [-76.3718381, 3.1558407], [-76.371814, 3.1559543], [-76.371738, 3.1560418], [-76.3716293, 3.1560813], [-76.3716221, 3.1560819], [-76.3702265, 3.1560429], [-76.3693838, 3.1560039], [-76.3634582, 3.1557189], [-76.363289, 3.1556945], [-76.3632755, 3.1556518]], [[-76.3629292, 3.1557895], [-76.3589059, 3.155593], [-76.3583882, 3.1555252], [-76.3551377, 3.1549767], [-76.3549855, 3.1549685], [-76.3549001, 3.1549602], [-76.3547689, 3.1549775], [-76.3546498, 3.1550343], [-76.3546091, 3.1550732], [-76.3544243, 3.1552464], [-76.3543451, 3.155287], [-76.3522506, 3.155877], [-76.35064, 3.1564342], [-76.3499022, 3.1566751], [-76.349793, 3.1567131], [-76.3496752, 3.1567302], [-76.3474153, 3.158146], [-76.3471439, 3.1583232], [-76.3470066, 3.1583729], [-76.3469818, 3.1583757], [-76.3468456, 3.1584063], [-76.3463696, 3.1582915], [-76.3450853, 3.1579564], [-76.3448702, 3.1579261], [-76.3446548, 3.1579549], [-76.3446127, 3.1579678], [-76.3442691, 3.1580494], [-76.3430865, 3.1582999], [-76.3429393, 3.1583309], [-76.3415737, 3.1587548], [-76.3413419, 3.1588115], [-76.3408529, 3.1589303], [-76.340706, 3.1590127], [-76.3403371, 3.1593866], [-76.3400681, 3.1595933], [-76.3399466, 3.1597223], [-76.3399193, 3.1598589], [-76.3399486, 3.159991], [-76.3407702, 3.160993], [-76.3407894, 3.1610883], [-76.3407515, 3.1611778], [-76.3407101, 3.1612129], [-76.339704, 3.1618938], [-76.339368, 3.1620362], [-76.3367386, 3.1629375], [-76.3366019, 3.1629434], [-76.3365456, 3.1629282], [-76.3358843, 3.1627232], [-76.3357387, 3.1626781], [-76.3354879, 3.1626003], [-76.3329184, 3.1618037], [-76.3325861, 3.1616988], [-76.3309324, 3.1611615], [-76.3295959, 3.1606393], [-76.3282702, 3.160216], [-76.3257271, 3.1594289], [-76.32566, 3.1594081], [-76.3256127, 3.1593935], [-76.3250146, 3.1592102], [-76.3249399, 3.1592042], [-76.3246604, 3.1592196], [-76.3243336, 3.1592746], [-76.324167, 3.1592989], [-76.3222859, 3.1595031], [-76.3222463, 3.1595107], [-76.3222225, 3.1595138], [-76.3221994, 3.1595176], [-76.3221713, 3.1595208], [-76.3221431, 3.1595227], [-76.3221127, 3.1595317], [-76.3220857, 3.1595394], [-76.3220536, 3.1595477], [-76.322019, 3.1595561], [-76.3219901, 3.1595638], [-76.3219684, 3.159571], [-76.3219415, 3.1595843], [-76.321917, 3.1595967], [-76.3218972, 3.1596077], [-76.3218781, 3.1596203], [-76.3218564, 3.1596344], [-76.3218365, 3.159646], [-76.3218149, 3.1596569], [-76.3217878, 3.1596668], [-76.3217659, 3.1596731], [-76.3217379, 3.15968], [-76.3217099, 3.1596864], [-76.3216868, 3.1596909], [-76.3216525, 3.1596971], [-76.321621, 3.1597016], [-76.3215952, 3.1597038], [-76.3215634, 3.1597064], [-76.3215324, 3.1597063], [-76.3215033, 3.1597054], [-76.3214747, 3.159703], [-76.3214496, 3.1597037], [-76.3214246, 3.1597021], [-76.3213983, 3.1597003], [-76.3213697, 3.1596976], [-76.3213428, 3.1596969], [-76.3213126, 3.159696], [-76.3212867, 3.1596958], [-76.321261, 3.1596963], [-76.3212348, 3.1596963], [-76.3212074, 3.1596955], [-76.3211792, 3.1596942], [-76.3211468, 3.1596923], [-76.3211218, 3.159692], [-76.3210968, 3.1596948], [-76.3210723, 3.1596981], [-76.3210479, 3.1596984], [-76.3210227, 3.159699], [-76.3209952, 3.1597013], [-76.3209669, 3.1597038], [-76.3209391, 3.1597049], [-76.3209113, 3.1597049], [-76.3208852, 3.1597047], [-76.3208596, 3.1597043], [-76.3208328, 3.1597028], [-76.3208076, 3.1597033], [-76.3207814, 3.1597026], [-76.3207562, 3.1596987], [-76.3207299, 3.1596945], [-76.3207008, 3.15969], [-76.3206698, 3.1596861], [-76.3206454, 3.1596816], [-76.3206178, 3.1596751], [-76.3205936, 3.1596687], [-76.3205707, 3.1596631], [-76.3205461, 3.1596576], [-76.3205226, 3.1596537], [-76.3205002, 3.1596499], [-76.3204732, 3.1596457], [-76.3204439, 3.1596422], [-76.3204149, 3.1596407], [-76.3203867, 3.1596389], [-76.3203616, 3.1596371], [-76.320335, 3.1596346], [-76.3203116, 3.1596334], [-76.3202771, 3.1596321], [-76.3202454, 3.1596312], [-76.3202229, 3.1596308], [-76.3201893, 3.1596298], [-76.3201643, 3.1596276], [-76.3201396, 3.1596232], [-76.320117, 3.1596184], [-76.3200848, 3.1596104], [-76.3200559, 3.1596034], [-76.3200252, 3.1595948], [-76.3199965, 3.159587], [-76.319974, 3.1595768], [-76.3199507, 3.1595635], [-76.3199253, 3.1595479], [-76.319898, 3.1595312], [-76.3198757, 3.1595166], [-76.3198575, 3.1595032], [-76.319828, 3.1594807], [-76.3198046, 3.1594632], [-76.3197773, 3.1594435], [-76.319748, 3.1594244], [-76.3197282, 3.1594124], [-76.3197079, 3.1594004], [-76.3196871, 3.1593885], [-76.3196646, 3.1593775], [-76.3196337, 3.1593685], [-76.3196111, 3.1593665], [-76.3195886, 3.1593666], [-76.3195661, 3.1593684], [-76.3195399, 3.1593727], [-76.3195098, 3.1593815], [-76.3194863, 3.1593924], [-76.3194608, 3.1594105], [-76.3194431, 3.1594258], [-76.3194244, 3.1594443], [-76.3194057, 3.1594639], [-76.3193892, 3.1594823], [-76.3193737, 3.1595019], [-76.3193588, 3.1595225], [-76.319344, 3.1595436], [-76.319329, 3.1595661], [-76.3193136, 3.1595902], [-76.3192988, 3.159614], [-76.3192852, 3.1596383], [-76.3192717, 3.1596633], [-76.3192545, 3.159695], [-76.3192377, 3.1597248], [-76.3192205, 3.1597556], [-76.3192012, 3.1597881], [-76.3191852, 3.1598138], [-76.3191686, 3.1598403], [-76.3191504, 3.1598689], [-76.3191307, 3.1598992], [-76.3191127, 3.1599265], [-76.3190956, 3.1599525], [-76.3190788, 3.1599783], [-76.3190611, 3.1600046], [-76.3190384, 3.1600374], [-76.3190196, 3.1600626], [-76.3190022, 3.1600851], [-76.3189846, 3.1601071], [-76.318965, 3.1601314], [-76.3189436, 3.1601566], [-76.3189184, 3.1601823], [-76.3188978, 3.1601989], [-76.3188738, 3.1602121], [-76.3188521, 3.1602225], [-76.3188282, 3.1602328], [-76.318799, 3.1602434], [-76.3187715, 3.1602526], [-76.3187425, 3.1602608], [-76.3187211, 3.1602689], [-76.3172948, 3.1601382], [-76.3171972, 3.1601169], [-76.3171435, 3.1600964], [-76.3151748, 3.158855], [-76.3150666, 3.1587873], [-76.3149607, 3.1586896], [-76.3149117, 3.1586505], [-76.3136457, 3.1574451], [-76.3107883, 3.1548898], [-76.3068241, 3.1514487], [-76.305175, 3.1499808], [-76.304119, 3.1490716], [-76.3035413, 3.1485742], [-76.3023655, 3.1475519], [-76.302291, 3.1475052], [-76.3022167, 3.1474828], [-76.3021806, 3.1474848], [-76.302181, 3.1474813], [-76.3021838, 3.1474541], [-76.3021724, 3.1474033], [-76.302159, 3.1473701], [-76.3021368, 3.147299], [-76.3018546, 3.1460534], [-76.3018175, 3.1459417], [-76.3017684, 3.1458269], [-76.3016567, 3.1456961], [-76.3008061, 3.1449051], [-76.3007362, 3.1448406], [-76.3006491, 3.1447241], [-76.3005166, 3.1445389], [-76.3001689, 3.1439871], [-76.299991, 3.143738], [-76.2998822, 3.1436206], [-76.2994082, 3.1432323], [-76.2990799, 3.1429589], [-76.2990299, 3.1428832], [-76.2990067, 3.1428275], [-76.2990061, 3.142783], [-76.299018, 3.142736], [-76.2990675, 3.1426367], [-76.2995131, 3.1420012], [-76.300048, 3.1412573], [-76.3001097, 3.141158], [-76.3001475, 3.1410606], [-76.3001633, 3.1409977], [-76.300166, 3.1409408], [-76.3001593, 3.1409005], [-76.30015, 3.1408711], [-76.3001356, 3.1408436], [-76.2994419, 3.1403721], [-76.2982903, 3.1396004], [-76.298074, 3.1394366], [-76.2979802, 3.1393655], [-76.2979439, 3.1393369]], [[-76.3634616, 3.1557464], [-76.3633695, 3.1558068], [-76.363344, 3.1558427], [-76.3632992, 3.1561853]], [[-76.3628439, 3.1557487], [-76.3631894, 3.1557518], [-76.3632165, 3.1557349], [-76.3632294, 3.1556608]]]}}, {"type": "Feature", "properties": {"OBJECTID": 5515, "Shape_Leng": 2360.70166232, "RUTA": null}, "geometry": {"type": "LineString", "coordinates": [[-76.3699938, 3.1486139], [-76.3702984, 3.1484723], [-76.3712519, 3.1480293], [-76.3722663, 3.147581], [-76.3738612, 3.1468048], [-76.3750915, 3.1462001], [-76.3751588, 3.1461277], [-76.3751793, 3.1460259], [-76.3750665, 3.1456967], [-76.3750636, 3.1456853], [-76.3750644, 3.145563], [-76.3751215, 3.1454548], [-76.3754359, 3.1452728], [-76.3756384, 3.1451186], [-76.3757417, 3.1450038], [-76.3758925, 3.1447568], [-76.3763421, 3.1440031], [-76.3764945, 3.1439051], [-76.3765509, 3.1438843], [-76.3775469, 3.1436307], [-76.37836, 3.1434021], [-76.3784519, 3.1433664], [-76.3786789, 3.1432437], [-76.37947, 3.1428236], [-76.3801329, 3.142485], [-76.3803995, 3.1423661], [-76.3809445, 3.142167], [-76.3824151, 3.1417293], [-76.3836697, 3.1413533], [-76.3847729, 3.1409704], [-76.3858769, 3.1405987], [-76.3867249, 3.1402728], [-76.3871751, 3.1401171], [-76.3873412, 3.1401362], [-76.3873902, 3.1401539], [-76.3876083, 3.140251], [-76.3883059, 3.1406232], [-76.3883762, 3.1406608]]}}, {"type": "Feature", "properties": {"OBJECTID": 5516, "Shape_Leng": 3086.48243976, "RUTA": null}, "geometry": {"type": "MultiLineString", "coordinates": [[[-76.3746253, 3.1522384], [-76.3741681, 3.1524486], [-76.3739129, 3.1521885], [-76.373847, 3.152118], [-76.3737438, 3.1519168], [-76.3735729, 3.1514959], [-76.3735383, 3.1512248], [-76.3735039, 3.1509931], [-76.3734612, 3.1508731], [-76.373394, 3.1507452], [-76.3730665, 3.1502049], [-76.3728632, 3.1498164], [-76.3727991, 3.1497003], [-76.3726624, 3.1495594], [-76.3724197, 3.1493861], [-76.3722221, 3.1491901], [-76.37214, 3.1491233], [-76.3719845, 3.1489966], [-76.3717691, 3.1488063], [-76.3716428, 3.1486646], [-76.3713783, 3.148095], [-76.3713502, 3.1480343], [-76.3713317, 3.147994]], [[-76.3702984, 3.1484723], [-76.3699938, 3.1486139], [-76.3699581, 3.1486304]], [[-76.3741681, 3.1524486], [-76.3741764, 3.1524692], [-76.3742175, 3.1525707], [-76.374436, 3.1531096], [-76.374411, 3.153175], [-76.3744079, 3.1531781], [-76.3739414, 3.1533915], [-76.3738823, 3.1534817], [-76.3738783, 3.1535896], [-76.3738962, 3.1536371], [-76.3747619, 3.1555096], [-76.3750733, 3.1562067], [-76.3750864, 3.1562718], [-76.3750725, 3.1563504], [-76.3750714, 3.1563523], [-76.3749651, 3.1564643], [-76.3749341, 3.1565764], [-76.3749419, 3.156641], [-76.3750368, 3.1569677], [-76.3751164, 3.1571243], [-76.3751378, 3.157231], [-76.3752236, 3.1581221], [-76.3751815, 3.1582437], [-76.3751205, 3.1583126], [-76.374137, 3.1590616], [-76.3740315, 3.1590848], [-76.3737552, 3.1590908], [-76.3736716, 3.1591252], [-76.3736252, 3.1592031], [-76.373624, 3.1592094], [-76.3735318, 3.1599441]], [[-76.3735318, 3.1599441], [-76.3759267, 3.1601417], [-76.3761192, 3.1601422], [-76.3763025, 3.1602009], [-76.3763436, 3.1602234], [-76.3764955, 3.1604518], [-76.3765708, 3.1605735], [-76.3766952, 3.1606506], [-76.3768146, 3.1606729], [-76.3776543, 3.1607421], [-76.3780326, 3.1607736], [-76.3782025, 3.1608253], [-76.3785891, 3.1611031], [-76.3786784, 3.1611607], [-76.3788088, 3.1612202], [-76.3789569, 3.161273], [-76.3791136, 3.1613411], [-76.3791358, 3.1613566], [-76.3802756, 3.1622609], [-76.3803799, 3.1622763], [-76.3805055, 3.1622511], [-76.3806764, 3.1622481], [-76.380796, 3.162299], [-76.3808531, 3.1623538], [-76.3809699, 3.1625091], [-76.3810321, 3.1626778], [-76.3813032, 3.1635702], [-76.3814271, 3.1641914], [-76.3815112, 3.1644437], [-76.3816277, 3.1646566], [-76.3819282, 3.1650592], [-76.3823499, 3.1655445], [-76.3826474, 3.1658375], [-76.3828598, 3.1660468]], [[-76.3735318, 3.1599441], [-76.3735318, 3.1599441], [-76.3735318, 3.1599441]]]}}, {"type": "Feature", "properties": {"OBJECTID": 5517, "Shape_Leng": 13817.8300621, "RUTA": null}, "geometry": {"type": "MultiLineString", "coordinates": [[[-76.3573534, 3.2251484], [-76.3573564, 3.2249329], [-76.3573706, 3.2246751], [-76.3575924, 3.2215306], [-76.3577626, 3.2191815], [-76.3579195, 3.2175707], [-76.3580751, 3.214854], [-76.3584225, 3.2103147], [-76.3584159, 3.2101637], [-76.3583668, 3.2100055], [-76.3583051, 3.2099148], [-76.3580445, 3.2096716], [-76.3579229, 3.209517], [-76.3579065, 3.2094863], [-76.3578534, 3.2093436], [-76.3578412, 3.2092999], [-76.3577773, 3.2090365], [-76.3577581, 3.2088426], [-76.3577956, 3.2086918], [-76.3578319, 3.2086286], [-76.3579272, 3.2084752], [-76.3580557, 3.208328], [-76.3580638, 3.2083167], [-76.3581188, 3.2082407], [-76.358181, 3.2081544], [-76.3581913, 3.2081343], [-76.3584315, 3.2075295], [-76.3588544, 3.2063872], [-76.35931, 3.2051266], [-76.3597953, 3.2038166], [-76.3598521, 3.2036667], [-76.3600402, 3.2033586], [-76.3601583, 3.2032581], [-76.3606727, 3.2029693], [-76.3609682, 3.2028282], [-76.3611585, 3.202698], [-76.3616143, 3.2023482], [-76.3619655, 3.2020213], [-76.3628088, 3.2011028], [-76.3632906, 3.200476], [-76.3637167, 3.1998992], [-76.3638616, 3.1997503], [-76.3640204, 3.1996573], [-76.3645662, 3.1994714], [-76.3648653, 3.1993548], [-76.3649962, 3.1992145], [-76.3664226, 3.1973008], [-76.3665384, 3.1972419], [-76.3666682, 3.1972397], [-76.366774, 3.1972858], [-76.367613, 3.197647], [-76.3677484, 3.1976291], [-76.3678641, 3.1975561], [-76.3678753, 3.1975446], [-76.3686043, 3.1970145], [-76.369244, 3.1967415], [-76.3694634, 3.1965371], [-76.3701852, 3.1958707], [-76.3703499, 3.1957673], [-76.370484, 3.1957261], [-76.3709921, 3.1955705], [-76.3710606, 3.1955034], [-76.3713371, 3.1951572], [-76.3716572, 3.1948512], [-76.372015, 3.1945908], [-76.3723418, 3.1944101], [-76.3724445, 3.1943373], [-76.3725819, 3.1942398], [-76.3735791, 3.1932657], [-76.3737003, 3.1931976], [-76.3738788, 3.193103], [-76.3740619, 3.1929913], [-76.3741958, 3.1929183], [-76.3754239, 3.1926498], [-76.3760593, 3.1925074], [-76.3763027, 3.1924427], [-76.3765826, 3.1922782], [-76.376714, 3.1921742], [-76.3769319, 3.1919299], [-76.3772477, 3.1915357], [-76.377484, 3.1912636], [-76.3777311, 3.1910655], [-76.377842, 3.1910405], [-76.3778978, 3.1910497], [-76.3783, 3.1911038], [-76.3784234, 3.1910868], [-76.3784973, 3.191043], [-76.3791444, 3.1905865], [-76.3798872, 3.1901874], [-76.3802078, 3.1900689], [-76.3803281, 3.1900244], [-76.3803282, 3.1900241], [-76.3804875, 3.1887215], [-76.3809551, 3.1842153], [-76.3812065, 3.1817868], [-76.3815662, 3.1784655], [-76.3816054, 3.1783309], [-76.3816743, 3.1781746], [-76.3820103, 3.1776612], [-76.3822643, 3.1772704], [-76.3823898, 3.1770267], [-76.3825252, 3.1767544], [-76.3826118, 3.1764866], [-76.3826175, 3.1764583], [-76.3827031, 3.1760088], [-76.3828064, 3.1755793], [-76.3828538, 3.175268], [-76.3828604, 3.1748002], [-76.3828456, 3.1746041], [-76.3827405, 3.1741364], [-76.3826034, 3.173535], [-76.3825683, 3.1733158], [-76.3825163, 3.1727702], [-76.3825124, 3.1724953], [-76.3825312, 3.1720184], [-76.3826512, 3.1705139], [-76.3826681, 3.1703505], [-76.3828332, 3.1689426], [-76.3829397, 3.1681302], [-76.3829579, 3.1677454], [-76.3829477, 3.1674018], [-76.382897, 3.1671303], [-76.382829, 3.1668757], [-76.3827658, 3.1666165], [-76.3827535, 3.1664371], [-76.3828154, 3.1662102], [-76.3828794, 3.1660836], [-76.3830173, 3.1659444], [-76.3842197, 3.1650495], [-76.3844201, 3.1648715], [-76.38455, 3.1646989], [-76.384649, 3.1645411], [-76.3848201, 3.1641843], [-76.3849374, 3.1638034], [-76.3850741, 3.1632543], [-76.3851424, 3.162918], [-76.3851335, 3.1626661], [-76.385121, 3.1625993], [-76.384992, 3.1620963], [-76.384773, 3.1615151], [-76.3847022, 3.1612471], [-76.3846628, 3.1610561], [-76.3846432, 3.1607887], [-76.3846693, 3.1605783], [-76.3847131, 3.1602841], [-76.3848526, 3.1596409], [-76.385133, 3.1587805], [-76.3853563, 3.158108], [-76.3855991, 3.1570229], [-76.3858525, 3.1563913], [-76.3861011, 3.1559119], [-76.3862194, 3.1557906], [-76.3863045, 3.1557415], [-76.3865441, 3.155664], [-76.3867463, 3.1555947], [-76.3869003, 3.1554919], [-76.3871521, 3.1552322], [-76.387315, 3.1550065], [-76.3875326, 3.1545929], [-76.3876645, 3.1542506], [-76.3877076, 3.1539717], [-76.3877044, 3.1537914], [-76.3877265, 3.1535262], [-76.3877651, 3.1533793], [-76.3878738, 3.1531284], [-76.3879078, 3.1530721], [-76.3886232, 3.1523559], [-76.3887559, 3.1521725], [-76.3888287, 3.1519921], [-76.3889892, 3.1515209], [-76.3890603, 3.1513873], [-76.389109, 3.1513374], [-76.3893713, 3.1510983], [-76.3894891, 3.1509243], [-76.3895435, 3.1507746], [-76.3895767, 3.1506061], [-76.3896078, 3.1502207], [-76.3896145, 3.1498474], [-76.389599, 3.1491359], [-76.3895896, 3.1487065], [-76.3895654, 3.1482492], [-76.3895341, 3.1480387], [-76.3894705, 3.1476682], [-76.3894759, 3.1473156], [-76.3895611, 3.1467745], [-76.3897887, 3.1459749], [-76.3897967, 3.1457918], [-76.3897465, 3.1456157], [-76.3896944, 3.1455267], [-76.3895843, 3.1454136], [-76.3894069, 3.1453192], [-76.3891514, 3.1451769], [-76.3890076, 3.1450364], [-76.3889701, 3.1449818], [-76.3888847, 3.1447713], [-76.3887073, 3.1441321], [-76.3886189, 3.1436401], [-76.3885808, 3.1434262], [-76.3885486, 3.1433192], [-76.3881286, 3.1423814], [-76.3878842, 3.1418109], [-76.3878559, 3.1416479], [-76.3878644, 3.1414044], [-76.3878856, 3.1413035], [-76.38797, 3.141118], [-76.3879958, 3.1410806], [-76.3880134, 3.1410593], [-76.388027, 3.1410411], [-76.3880412, 3.1410219], [-76.3880586, 3.1409984], [-76.3880733, 3.1409785], [-76.3880917, 3.1409533], [-76.3881074, 3.1409333], [-76.3881257, 3.140912], [-76.3881415, 3.1408945], [-76.3881572, 3.1408768], [-76.3881732, 3.1408585], [-76.3881931, 3.1408381], [-76.3882166, 3.140815], [-76.3882339, 3.1407989], [-76.3882515, 3.1407826], [-76.3882803, 3.1407593], [-76.3882983, 3.1407457], [-76.3883173, 3.140733], [-76.3883513, 3.1407172], [-76.3883763, 3.1407056], [-76.3884015, 3.1406935], [-76.388425, 3.1406828], [-76.388448, 3.1406735], [-76.3884724, 3.1406635], [-76.388498, 3.1406525], [-76.3885247, 3.14064], [-76.3885512, 3.1406247], [-76.3885796, 3.1406072], [-76.3886064, 3.1405894], [-76.388629, 3.1405734], [-76.3886573, 3.1405541], [-76.3886852, 3.140532], [-76.3887125, 3.1405059], [-76.3887327, 3.1404835], [-76.3887559, 3.1404576], [-76.3887785, 3.1404318], [-76.3888014, 3.1404026], [-76.3888225, 3.1403744], [-76.388837, 3.140355], [-76.3888601, 3.1403247], [-76.3888817, 3.1402961], [-76.3889047, 3.1402647], [-76.38893, 3.1402305], [-76.3889548, 3.1401995], [-76.3889779, 3.140171], [-76.389, 3.140142], [-76.3890223, 3.1401107], [-76.3890466, 3.1400764], [-76.3890716, 3.1400446], [-76.3890959, 3.1400154], [-76.3891192, 3.1399848], [-76.3891436, 3.1399501], [-76.3891663, 3.1399168], [-76.3891879, 3.1398857], [-76.3892073, 3.1398571], [-76.3892271, 3.1398252], [-76.3892472, 3.1397907], [-76.3892623, 3.1397638], [-76.3892783, 3.1397332], [-76.389293, 3.1397046], [-76.3893087, 3.1396737], [-76.3893193, 3.1396526], [-76.3893297, 3.1396314], [-76.3893474, 3.139593], [-76.3893595, 3.1395635], [-76.3893699, 3.139535], [-76.3893816, 3.1395016], [-76.3893916, 3.1394711], [-76.3894027, 3.1394358], [-76.3894133, 3.139403], [-76.3894229, 3.1393717], [-76.3894322, 3.1393395], [-76.3894415, 3.1393045], [-76.3894484, 3.1392701], [-76.3894527, 3.1392381], [-76.3894558, 3.1392058], [-76.3894591, 3.1391744], [-76.3894638, 3.1391357], [-76.3894676, 3.139108], [-76.3894723, 3.1390751], [-76.3894782, 3.1390361], [-76.3894841, 3.1390034], [-76.3894885, 3.1389699], [-76.3894921, 3.1389345], [-76.3894974, 3.1388966], [-76.3895034, 3.1388605], [-76.3895102, 3.138826], [-76.3895157, 3.1387923], [-76.3895229, 3.1387566], [-76.3895327, 3.138718], [-76.3895425, 3.1386818], [-76.3895526, 3.1386468], [-76.3895619, 3.1386129], [-76.3895699, 3.1385836], [-76.3895767, 3.1385609], [-76.3895874, 3.1385242], [-76.3895958, 3.1384896], [-76.3896043, 3.1384543], [-76.3896144, 3.1384177], [-76.3896255, 3.1383843], [-76.3896335, 3.13836], [-76.3896451, 3.1383238], [-76.3896546, 3.1382946], [-76.3896664, 3.1382596], [-76.3896739, 3.1382376], [-76.3896872, 3.1381982], [-76.3896988, 3.1381599], [-76.3897101, 3.1381244], [-76.3897198, 3.1380952], [-76.3897323, 3.1380596], [-76.3897409, 3.1380348], [-76.3897501, 3.1380051], [-76.3897589, 3.1379775], [-76.3897674, 3.1379511], [-76.3897773, 3.1379196], [-76.3897864, 3.1378916], [-76.3897961, 3.1378629], [-76.3898043, 3.1378396], [-76.3898135, 3.1378121], [-76.3898232, 3.1377798], [-76.3898304, 3.1377542], [-76.3898408, 3.1377218], [-76.3898508, 3.1376932], [-76.3898608, 3.1376654], [-76.3898713, 3.1376325], [-76.389879, 3.1376082], [-76.3898872, 3.1375842], [-76.389897, 3.1375591], [-76.3899088, 3.1375318], [-76.3899211, 3.137504], [-76.3899318, 3.1374782], [-76.3899407, 3.1374537], [-76.3899483, 3.13743], [-76.3899558, 3.1374062], [-76.3899665, 3.1373757], [-76.3899791, 3.1373449], [-76.3899896, 3.1373203], [-76.3899999, 3.1372966], [-76.3900111, 3.1372723], [-76.3900228, 3.1372484], [-76.3900384, 3.1372169], [-76.3900493, 3.1371951], [-76.3900657, 3.1371612], [-76.3900775, 3.1371358], [-76.3900919, 3.1371035], [-76.3901031, 3.1370789], [-76.3901144, 3.137053], [-76.3901292, 3.1370191], [-76.3901415, 3.1369923], [-76.3901572, 3.1369608], [-76.3901698, 3.1369362], [-76.3901824, 3.136912], [-76.3901983, 3.1368808], [-76.3902118, 3.1368534], [-76.3902236, 3.1368288], [-76.390236, 3.1368019], [-76.3902468, 3.1367792], [-76.3902584, 3.136756], [-76.3902711, 3.1367321], [-76.3902883, 3.1367003], [-76.3903005, 3.1366776], [-76.390313, 3.1366538], [-76.3903295, 3.1366229], [-76.3903449, 3.1365957], [-76.3903617, 3.1365664], [-76.3903759, 3.1365404], [-76.3903871, 3.1365202], [-76.3904033, 3.1364912], [-76.3904194, 3.1364631], [-76.3904317, 3.1364415], [-76.3904451, 3.1364172], [-76.3904596, 3.1363914], [-76.3904731, 3.1363714]], [[-76.3904596, 3.1363914], [-76.3910543, 3.1355019], [-76.3911502, 3.1352319], [-76.3916068, 3.1336411], [-76.3921517, 3.1316857]], [[-76.3621403, 3.2241657], [-76.3621512, 3.2240395], [-76.3628006, 3.2165772], [-76.362813, 3.2164372], [-76.3595286, 3.2164788], [-76.3595071, 3.2164888], [-76.3594656, 3.2165483], [-76.3594531, 3.2165876], [-76.3593847, 3.2174632], [-76.3593839, 3.2174672], [-76.3593464, 3.217511], [-76.3580108, 3.2175669], [-76.3579195, 3.2175707]]]}}, {"type": "Feature", "properties": {"OBJECTID": 5522, "Shape_Leng": 3182.92482987, "RUTA": null}, "geometry": {"type": "LineString", "coordinates": [[-76.2678357, 3.3950875], [-76.265677, 3.3954868], [-76.2621608, 3.4051122], [-76.2562169, 3.4203021]]}}, {"type": "Feature", "properties": {"OBJECTID": 5523, "Shape_Leng": 1000.32981635, "RUTA": null}, "geometry": {"type": "LineString", "coordinates": [[-76.2947821, 3.3892172], [-76.2863548, 3.3860395]]}}, {"type": "Feature", "properties": {"OBJECTID": 5531, "Shape_Leng": 1438.58513153, "RUTA": null}, "geometry": {"type": "LineString", "coordinates": [[-76.1994704, 3.4002843], [-76.1993969, 3.4002882], [-76.1993248, 3.4002966], [-76.1992541, 3.4003096], [-76.1991847, 3.4003271], [-76.1991466, 3.4003401], [-76.1991057, 3.400358], [-76.1990619, 3.4003805], [-76.1989349, 3.4004509], [-76.1988938, 3.4004702], [-76.198856, 3.4004847], [-76.1988048, 3.4004989], [-76.1986832, 3.4005243], [-76.1986535, 3.4005326], [-76.1986274, 3.4005419], [-76.1986, 3.4005543], [-76.1985724, 3.4005693], [-76.1985444, 3.4005872], [-76.1985155, 3.4006083], [-76.1984629, 3.4006523], [-76.1983319, 3.4007715], [-76.1982926, 3.400803], [-76.1982558, 3.4008287], [-76.1982278, 3.4008452], [-76.1981953, 3.4008618], [-76.1980722, 3.4009165], [-76.198024, 3.4009405], [-76.1979777, 3.4009694], [-76.1979584, 3.4009847], [-76.1979413, 3.4010006], [-76.1979264, 3.4010174], [-76.1979125, 3.4010364], [-76.1978994, 3.4010577], [-76.197887, 3.4010818], [-76.1978655, 3.4011328], [-76.1978285, 3.4012382], [-76.1978117, 3.4012813], [-76.1977914, 3.401324], [-76.1977696, 3.4013593], [-76.1977286, 3.4014157], [-76.1976928, 3.4014618], [-76.1976587, 3.401502], [-76.1976259, 3.401537], [-76.1975933, 3.4015676], [-76.1975612, 3.4015936], [-76.1975294, 3.4016149], [-76.1974979, 3.4016318], [-76.1974738, 3.4016411], [-76.1974474, 3.4016477], [-76.1974186, 3.4016516], [-76.1973868, 3.4016529], [-76.1973208, 3.4016488], [-76.1971865, 3.4016303], [-76.1971309, 3.4016249], [-76.1970747, 3.4016247], [-76.1970498, 3.4016271], [-76.1970266, 3.4016313], [-76.1969928, 3.401641], [-76.1969584, 3.4016546], [-76.1969231, 3.4016724], [-76.1968862, 3.4016947], [-76.1968203, 3.4017419], [-76.1966711, 3.4018606], [-76.1966332, 3.4018876], [-76.1965984, 3.4019097], [-76.1965649, 3.401928], [-76.1965324, 3.4019425], [-76.1965006, 3.4019535], [-76.1964692, 3.401961], [-76.1963138, 3.4019901], [-76.1962634, 3.4019963], [-76.1962215, 3.4019983], [-76.1961853, 3.4019959], [-76.1961575, 3.4019889], [-76.1961467, 3.4019836], [-76.1961379, 3.4019771], [-76.1961311, 3.4019695], [-76.1961263, 3.4019606], [-76.1961223, 3.4019456], [-76.1961205, 3.4019268], [-76.1961211, 3.4019045], [-76.196124, 3.4018795], [-76.1961292, 3.4018522], [-76.1961364, 3.4018245], [-76.1961452, 3.4017979], [-76.1961551, 3.401774], [-76.1961645, 3.4017564], [-76.1961769, 3.4017376], [-76.1962266, 3.4016736], [-76.1963243, 3.4015442], [-76.1963621, 3.4014985], [-76.1963982, 3.4014585], [-76.1964279, 3.4014294], [-76.196463, 3.401399], [-76.1966148, 3.4012806], [-76.1966443, 3.4012544], [-76.1966698, 3.4012291], [-76.1967348, 3.4011565], [-76.1967921, 3.4010846], [-76.1968419, 3.4010132], [-76.1968844, 3.4009422], [-76.1969129, 3.4008898], [-76.1969273, 3.4008561], [-76.1969353, 3.4008276], [-76.1969406, 3.400797], [-76.196943, 3.4007644], [-76.1969426, 3.4007301], [-76.1969394, 3.4006942], [-76.1969333, 3.4006574], [-76.1969246, 3.4006202], [-76.1969133, 3.4005833], [-76.1968994, 3.4005459], [-76.1968854, 3.4005146], [-76.196871, 3.4004888], [-76.1968563, 3.4004684], [-76.1968394, 3.4004531], [-76.196819, 3.4004426], [-76.1967947, 3.4004369], [-76.196766, 3.4004356], [-76.1967386, 3.400438], [-76.1967066, 3.4004436], [-76.196583, 3.400474], [-76.1965323, 3.4004837], [-76.1965065, 3.4004866], [-76.1964831, 3.4004873], [-76.1964616, 3.4004859], [-76.196442, 3.4004824], [-76.1963661, 3.4004639], [-76.1963209, 3.4004494], [-76.1962838, 3.4004316], [-76.196269, 3.4004215], [-76.1962564, 3.4004104], [-76.1962429, 3.4003948], [-76.1962305, 3.4003761], [-76.1962194, 3.4003543], [-76.1962095, 3.4003298], [-76.196201, 3.4003024], [-76.196194, 3.4002727], [-76.1961886, 3.4002414], [-76.1961852, 3.4002094], [-76.1961856, 3.4001775], [-76.1961916, 3.4001419], [-76.1962015, 3.4001068], [-76.1962316, 3.4000159], [-76.1962384, 3.3999893], [-76.1962425, 3.3999654], [-76.1962491, 3.3998952], [-76.1962513, 3.3998214], [-76.1962492, 3.3997442], [-76.1962428, 3.399664], [-76.1962303, 3.3995737], [-76.1962117, 3.3994829], [-76.1961873, 3.3993929], [-76.1961574, 3.399305], [-76.1961254, 3.3992286], [-76.196085, 3.3991479], [-76.1960355, 3.3990613], [-76.1959721, 3.3989603], [-76.1959244, 3.3988824], [-76.1958017, 3.3986711], [-76.1957473, 3.3985825], [-76.1957139, 3.3985317], [-76.1956827, 3.3984876], [-76.1956532, 3.3984495], [-76.1956253, 3.3984171], [-76.1955956, 3.3983874], [-76.1955675, 3.3983646], [-76.195541, 3.3983487], [-76.1955159, 3.3983395], [-76.1954923, 3.3983372], [-76.1954701, 3.3983418], [-76.1954493, 3.3983531], [-76.1954299, 3.3983713], [-76.1954084, 3.398397], [-76.1953925, 3.3984188], [-76.1953806, 3.3984389], [-76.1953726, 3.3984573], [-76.1953666, 3.3984833], [-76.1953645, 3.3985136], [-76.1953665, 3.3985481], [-76.1953725, 3.3985865], [-76.1953785, 3.3986072], [-76.1953881, 3.3986273], [-76.1954016, 3.3986469], [-76.195419, 3.3986665], [-76.1954589, 3.3987009], [-76.1955442, 3.3987621], [-76.1955773, 3.398788], [-76.1956074, 3.3988167], [-76.1956294, 3.3988452], [-76.1956636, 3.3989049], [-76.1956945, 3.3989712], [-76.1957213, 3.3990429], [-76.1957434, 3.399118], [-76.1957671, 3.3992197], [-76.1957832, 3.3993105], [-76.1957922, 3.3993928], [-76.1957939, 3.3994665], [-76.1957921, 3.3995004], [-76.1957884, 3.3995321], [-76.195783, 3.3995617], [-76.1957757, 3.3995892], [-76.1957666, 3.3996146], [-76.1957558, 3.3996378], [-76.1957431, 3.3996589], [-76.1957286, 3.3996778], [-76.1957112, 3.399696], [-76.1956905, 3.3997137], [-76.1956665, 3.3997313], [-76.1956389, 3.3997486], [-76.1955737, 3.3997828], [-76.1954856, 3.3998212], [-76.1954652, 3.3998282], [-76.1954423, 3.3998334], [-76.1954167, 3.3998369], [-76.195388, 3.3998387], [-76.1953298, 3.3998381], [-76.1951843, 3.3998299], [-76.1951466, 3.3998304], [-76.1951155, 3.3998335], [-76.1950838, 3.3998412], [-76.195059, 3.3998534], [-76.1950491, 3.3998613], [-76.1950406, 3.3998704], [-76.1950338, 3.3998808], [-76.1950284, 3.3998925], [-76.1950193, 3.3999238], [-76.1950134, 3.3999588], [-76.1950116, 3.3999925], [-76.195014, 3.4000217], [-76.195017, 3.4000332], [-76.195022, 3.4000445], [-76.1950383, 3.4000669], [-76.1950639, 3.4000902], [-76.1951279, 3.400137], [-76.1951533, 3.4001585], [-76.195165, 3.400171], [-76.1951742, 3.4001833], [-76.1951809, 3.4001958], [-76.1951853, 3.4002084], [-76.1951921, 3.400245], [-76.1951945, 3.4002802], [-76.1951921, 3.4003114], [-76.1951851, 3.4003376], [-76.195175, 3.4003577], [-76.1951599, 3.4003785], [-76.1951397, 3.4004001], [-76.1951136, 3.4004237], [-76.1950881, 3.400442], [-76.1950565, 3.4004585], [-76.1950205, 3.4004731], [-76.1949564, 3.4004953], [-76.1949242, 3.4005056], [-76.1948908, 3.4005142], [-76.1948562, 3.4005211], [-76.1948203, 3.4005262], [-76.1947446, 3.4005314], [-76.1946625, 3.4005298], [-76.1945798, 3.4005223], [-76.1944872, 3.4005088], [-76.1943935, 3.4004914], [-76.1941994, 3.4004515], [-76.1941276, 3.4004364], [-76.194056, 3.4004193], [-76.1939848, 3.4004004], [-76.1939138, 3.4003795]]}}, {"type": "Feature", "properties": {"OBJECTID": 5532, "Shape_Leng": 579.953442715, "RUTA": null}, "geometry": {"type": "LineString", "coordinates": [[-76.1896656, 3.3990188], [-76.1897305, 3.3990455], [-76.1897925, 3.399076], [-76.1898518, 3.3991102], [-76.1899083, 3.3991483], [-76.189936, 3.3991708], [-76.1899648, 3.3991994], [-76.1900499, 3.3992996], [-76.1900794, 3.3993317], [-76.1901084, 3.3993581], [-76.1901366, 3.3993782], [-76.1901689, 3.3993942], [-76.1902044, 3.3994053], [-76.1902436, 3.3994116], [-76.190287, 3.399413], [-76.1903323, 3.3994102], [-76.1903837, 3.399403], [-76.1904384, 3.3993926], [-76.1905948, 3.3993591], [-76.1906427, 3.3993511], [-76.190685, 3.3993461], [-76.1907323, 3.3993441], [-76.1907753, 3.3993464], [-76.1908147, 3.3993532], [-76.1908509, 3.3993645], [-76.1908763, 3.399376], [-76.190904, 3.3993915], [-76.1909908, 3.3994493], [-76.1910217, 3.3994682], [-76.1910514, 3.3994834], [-76.1910793, 3.3994939], [-76.1911109, 3.3995012], [-76.191147, 3.3995048], [-76.1911884, 3.3995051], [-76.1913104, 3.3995006], [-76.1913474, 3.3995029], [-76.1913792, 3.3995086], [-76.1914115, 3.3995181], [-76.1914436, 3.3995304], [-76.1914755, 3.3995456], [-76.1915073, 3.3995637], [-76.191539, 3.3995846], [-76.1915707, 3.3996084], [-76.1916024, 3.3996352], [-76.1916344, 3.3996652], [-76.1916955, 3.3997302], [-76.1917598, 3.3998087], [-76.1918245, 3.399896], [-76.1919358, 3.4000546], [-76.1919677, 3.4001042], [-76.1920382, 3.400227], [-76.1920585, 3.4002579], [-76.1920784, 3.4002844], [-76.1921183, 3.4003296], [-76.1921636, 3.4003734], [-76.1922145, 3.4004161], [-76.1922714, 3.4004579], [-76.1923337, 3.4004985], [-76.1924034, 3.4005394], [-76.1924819, 3.4005815], [-76.192578, 3.4006294], [-76.1926751, 3.4006744], [-76.1927624, 3.4007101], [-76.1928439, 3.4007382], [-76.1929207, 3.4007589], [-76.1930073, 3.4007766], [-76.1930913, 3.4007892], [-76.1931721, 3.4007969], [-76.1932496, 3.4007995], [-76.1933233, 3.4007971], [-76.1933931, 3.4007896], [-76.1934589, 3.400777], [-76.1935206, 3.4007595], [-76.1935796, 3.4007383], [-76.1936284, 3.4007178], [-76.1936704, 3.4006963], [-76.1937064, 3.4006735], [-76.1937216, 3.4006614], [-76.1937359, 3.4006469], [-76.1937497, 3.4006299], [-76.1937631, 3.4006102], [-76.1937851, 3.4005708], [-76.1938326, 3.4004736], [-76.1938592, 3.4004299], [-76.1938735, 3.4004116], [-76.1938884, 3.400396], [-76.1939042, 3.400383], [-76.193921, 3.4003723], [-76.1939405, 3.4003606], [-76.1939495, 3.400358], [-76.1939541, 3.4003592], [-76.1939578, 3.4003621], [-76.1939629, 3.4003731], [-76.1939649, 3.4003908], [-76.1939638, 3.4004154]]}}, {"type": "Feature", "properties": {"OBJECTID": 5534, "Shape_Leng": 1563.09123517, "RUTA": null}, "geometry": {"type": "LineString", "coordinates": [[-76.1994802, 3.400252], [-76.1996058, 3.4002359], [-76.1997301, 3.4002261], [-76.1998533, 3.4002223], [-76.1999753, 3.4002247], [-76.2000961, 3.4002333], [-76.2002157, 3.400248], [-76.2003342, 3.4002689], [-76.2004515, 3.400296], [-76.2004947, 3.4003084], [-76.2005425, 3.4003247], [-76.2007399, 3.4004005], [-76.200783, 3.4004146], [-76.2008228, 3.4004255], [-76.2008768, 3.4004368], [-76.2009337, 3.4004448], [-76.2009939, 3.4004496], [-76.2010584, 3.4004512], [-76.2011223, 3.40045], [-76.2011933, 3.4004461], [-76.201467, 3.4004217], [-76.2015824, 3.4004149], [-76.2016446, 3.400414], [-76.2017023, 3.4004156], [-76.2017567, 3.4004198], [-76.2018084, 3.4004265], [-76.2018823, 3.4004405], [-76.2019633, 3.4004604], [-76.2020502, 3.4004854], [-76.2023008, 3.4005628], [-76.2023798, 3.4005838], [-76.202451, 3.4005993], [-76.2025443, 3.4006138], [-76.2026428, 3.4006224], [-76.2027476, 3.4006253], [-76.2028608, 3.4006226], [-76.2029601, 3.4006162], [-76.2030711, 3.4006058], [-76.2034357, 3.4005619], [-76.2035673, 3.400548], [-76.2036944, 3.4005384], [-76.2038083, 3.4005348], [-76.2039223, 3.4005373], [-76.2039762, 3.4005412], [-76.2040283, 3.4005467], [-76.2040789, 3.400554], [-76.204128, 3.4005631], [-76.2041758, 3.400574], [-76.2042223, 3.4005867], [-76.2043253, 3.4006195], [-76.2044295, 3.4006572], [-76.2045343, 3.4006997], [-76.2046393, 3.4007467], [-76.204744, 3.400798], [-76.2048478, 3.4008534], [-76.2049501, 3.4009125], [-76.2050504, 3.4009751], [-76.2052006, 3.4010663], [-76.2052633, 3.4011084], [-76.2052941, 3.4011324], [-76.205321, 3.4011562], [-76.2053443, 3.4011803], [-76.2053644, 3.401205], [-76.2053853, 3.4012389], [-76.2054028, 3.4012801], [-76.2054177, 3.4013291], [-76.205443, 3.4014361], [-76.2054556, 3.4014814], [-76.2054726, 3.4015267], [-76.2054926, 3.401564], [-76.2055105, 3.401588], [-76.2055339, 3.4016129], [-76.2056216, 3.4016887], [-76.2056514, 3.4017177], [-76.205676, 3.4017486], [-76.2056852, 3.401764], [-76.2056924, 3.4017795], [-76.205697, 3.4017955], [-76.2056995, 3.4018151], [-76.2056993, 3.4018874], [-76.2057013, 3.4019133], [-76.2057042, 3.4019256], [-76.2057083, 3.4019361], [-76.2057138, 3.4019448], [-76.2057208, 3.4019518], [-76.2057376, 3.4019612], [-76.2057775, 3.4019741], [-76.2057922, 3.4019806], [-76.2058057, 3.4019897], [-76.2058171, 3.4020005], [-76.2058264, 3.4020128], [-76.2058336, 3.4020268], [-76.2058387, 3.4020425], [-76.2058418, 3.40206], [-76.205843, 3.4020793], [-76.2058421, 3.4021007], [-76.2058366, 3.4021389], [-76.2058259, 3.4021844], [-76.2057768, 3.4023431], [-76.2057612, 3.4024007], [-76.2057514, 3.402453], [-76.2057488, 3.4024973], [-76.2057516, 3.4025897], [-76.2057557, 3.4026672], [-76.2057613, 3.4027377], [-76.2057687, 3.4028026], [-76.2057783, 3.4028643], [-76.2057899, 3.4029223], [-76.2058037, 3.4029769], [-76.2058198, 3.4030285], [-76.2058516, 3.4031121], [-76.2058888, 3.4031936], [-76.2059307, 3.4032715], [-76.2059766, 3.4033445], [-76.2059954, 3.4033696], [-76.2060186, 3.403396], [-76.2061023, 3.4034788], [-76.2061315, 3.40351], [-76.2061571, 3.4035426], [-76.2061764, 3.4035743], [-76.2061916, 3.4036112], [-76.2062179, 3.4036978], [-76.2062333, 3.4037323], [-76.2062569, 3.4037676], [-76.2062866, 3.4038012], [-76.2063225, 3.4038332], [-76.2063646, 3.4038637], [-76.2064126, 3.4038926], [-76.2064675, 3.4039205], [-76.2065299, 3.4039478], [-76.2066045, 3.4039767], [-76.2066359, 3.4039868], [-76.2066717, 3.4039955], [-76.2068157, 3.4040201], [-76.2068758, 3.4040344], [-76.2069638, 3.4040641], [-76.2070528, 3.4041014], [-76.2071433, 3.4041463], [-76.2072354, 3.4041989], [-76.2073291, 3.4042592], [-76.2074255, 3.4043279], [-76.2075258, 3.4044056], [-76.2076325, 3.4044944], [-76.2077509, 3.4046001], [-76.2078022, 3.4046493], [-76.2078493, 3.404697], [-76.2078929, 3.4047442], [-76.2079331, 3.4047906], [-76.2079699, 3.4048367], [-76.2080035, 3.4048824], [-76.2080379, 3.4049371], [-76.2080702, 3.4050007], [-76.2081034, 3.4050801], [-76.2081678, 3.4052557], [-76.208198, 3.405331], [-76.2082163, 3.405371], [-76.2082349, 3.4054073], [-76.2082542, 3.4054405], [-76.2082743, 3.4054712], [-76.2083159, 3.4055276], [-76.2083612, 3.4055836], [-76.2084101, 3.405639], [-76.2084624, 3.4056938], [-76.208518, 3.4057477], [-76.2085767, 3.4058006], [-76.2086383, 3.4058522], [-76.2087025, 3.4059022], [-76.208789, 3.4059674], [-76.2088442, 3.4060057], [-76.2088964, 3.406037], [-76.2089451, 3.4060604], [-76.2089661, 3.406068], [-76.2089884, 3.4060741], [-76.2090382, 3.4060819], [-76.2090998, 3.4060845], [-76.2092352, 3.4060804], [-76.2092932, 3.4060814], [-76.2093241, 3.4060843], [-76.2093523, 3.4060889], [-76.2093782, 3.4060954], [-76.2094022, 3.4061039], [-76.2094388, 3.4061203], [-76.2094759, 3.40614], [-76.2095134, 3.4061627], [-76.2095512, 3.4061884], [-76.2095892, 3.4062172], [-76.2096271, 3.4062488], [-76.2096648, 3.4062829], [-76.209702, 3.4063195], [-76.2097927, 3.4064073], [-76.2098157, 3.4064321], [-76.2098342, 3.406455], [-76.2098507, 3.4064796], [-76.2098625, 3.4065034], [-76.20987, 3.4065265], [-76.2098732, 3.4065493], [-76.2098727, 3.4065628], [-76.2098702, 3.4065779], [-76.2098492, 3.4066472], [-76.2098458, 3.4066637], [-76.2098445, 3.4066785], [-76.2098456, 3.4067143], [-76.2098508, 3.4067502], [-76.2098599, 3.4067861], [-76.2098729, 3.406822]]}}, {"type": "Feature", "properties": {"OBJECTID": 5535, "Shape_Leng": 1999.80908817, "RUTA": null}, "geometry": {"type": "LineString", "coordinates": [[-76.1979599, 3.383002], [-76.1979706, 3.3830866], [-76.1979748, 3.3831675], [-76.1979726, 3.3832447], [-76.1979638, 3.3833183], [-76.1979486, 3.3833882], [-76.1979386, 3.3834218], [-76.197927, 3.3834545], [-76.1979137, 3.3834863], [-76.1978988, 3.3835171], [-76.1978823, 3.3835471], [-76.1978642, 3.3835761], [-76.1978397, 3.3836073], [-76.1978076, 3.3836386], [-76.1977675, 3.3836704], [-76.1976784, 3.3837334], [-76.1976414, 3.3837616], [-76.1976058, 3.3837933], [-76.1975783, 3.3838246], [-76.1975627, 3.3838471], [-76.1975485, 3.3838719], [-76.1975357, 3.383899], [-76.197524, 3.3839289], [-76.1975129, 3.3839629], [-76.1975025, 3.3840016], [-76.1974669, 3.3841656], [-76.1974481, 3.3842355], [-76.1974352, 3.384272], [-76.197421, 3.3843046], [-76.1974051, 3.3843339], [-76.1973873, 3.3843604], [-76.1973701, 3.3843807], [-76.1973484, 3.3844018], [-76.1972666, 3.3844684], [-76.1972377, 3.3844946], [-76.1972131, 3.3845231], [-76.1971967, 3.3845516], [-76.1971878, 3.3845749], [-76.1971808, 3.3846007], [-76.1971756, 3.3846288], [-76.1971722, 3.3846591], [-76.1971707, 3.3846918], [-76.1971711, 3.3847264], [-76.1971774, 3.3848004], [-76.1971837, 3.3848337], [-76.1971939, 3.3848679], [-76.1972082, 3.3849032], [-76.1972268, 3.3849403], [-76.1972649, 3.385003], [-76.1973521, 3.3851294], [-76.1973865, 3.3851834], [-76.1974544, 3.3852911], [-76.1975306, 3.3853992], [-76.1976158, 3.3855085], [-76.1977113, 3.3856208], [-76.1978119, 3.3857309], [-76.1979271, 3.3858497], [-76.1980494, 3.3859706], [-76.198392, 3.3863024], [-76.1984948, 3.3864058], [-76.1985849, 3.3865003], [-76.1986852, 3.3866115], [-76.1987746, 3.3867183], [-76.1988552, 3.386823], [-76.1989275, 3.3869266], [-76.1989755, 3.3870022], [-76.1990904, 3.3871926], [-76.199124, 3.3872446], [-76.1991557, 3.3872904], [-76.1991894, 3.3873325], [-76.1992313, 3.3873766], [-76.1992771, 3.3874193], [-76.1994031, 3.3875304], [-76.1994386, 3.3875647], [-76.1994682, 3.3875967], [-76.1994987, 3.3876351], [-76.1995231, 3.387673], [-76.1995419, 3.3877112], [-76.1995552, 3.3877502], [-76.1995682, 3.3878225], [-76.1995742, 3.3878459], [-76.1995899, 3.3878831], [-76.1996122, 3.3879196], [-76.1996412, 3.3879553], [-76.1996767, 3.3879899], [-76.1997188, 3.3880235], [-76.1997669, 3.3880557], [-76.1998205, 3.3880861], [-76.1998787, 3.3881141], [-76.1999097, 3.3881253], [-76.1999463, 3.3881335], [-76.1999822, 3.3881386], [-76.2000663, 3.3881473], [-76.200105, 3.3881535], [-76.2001366, 3.3881614], [-76.2001643, 3.3881718], [-76.2002173, 3.3881972], [-76.2002583, 3.3882204], [-76.2002913, 3.3882438], [-76.2003165, 3.3882677], [-76.2003339, 3.3882916], [-76.2003473, 3.3883199], [-76.2003569, 3.3883528], [-76.2003627, 3.388391], [-76.2003649, 3.3884277], [-76.2003646, 3.3884702], [-76.2003543, 3.3886505], [-76.2003499, 3.3887081], [-76.2003378, 3.3887734], [-76.2003212, 3.3888374], [-76.2002759, 3.3889913], [-76.2002657, 3.3890323], [-76.2002584, 3.3890685], [-76.2002532, 3.3891072], [-76.2002515, 3.3891426], [-76.2002532, 3.3891752], [-76.2002585, 3.3892055], [-76.2002643, 3.3892253], [-76.2002721, 3.3892447], [-76.2002818, 3.3892638], [-76.2002935, 3.3892825], [-76.200323, 3.3893192], [-76.200361, 3.3893555], [-76.2004024, 3.389388], [-76.2004529, 3.389422], [-76.200508, 3.3894556], [-76.2006675, 3.3895481], [-76.2007146, 3.3895779], [-76.2007548, 3.3896059], [-76.2007972, 3.3896395], [-76.2008329, 3.389673], [-76.2008626, 3.389707], [-76.2008865, 3.389742], [-76.2009002, 3.3897671], [-76.2009129, 3.3897944], [-76.2009357, 3.3898571], [-76.200953, 3.3899193], [-76.2009884, 3.3900666], [-76.2010088, 3.3901349], [-76.2010314, 3.3901914], [-76.2010574, 3.3902398], [-76.2010755, 3.3902663], [-76.2010974, 3.3902943], [-76.2012044, 3.3904132], [-76.2012282, 3.3904424], [-76.2012477, 3.3904696], [-76.2012928, 3.390542], [-76.201334, 3.3906174], [-76.2013708, 3.3906947], [-76.2014026, 3.3907732], [-76.2014292, 3.3908518], [-76.2014503, 3.3909299], [-76.2014659, 3.3910069], [-76.2014756, 3.3910823], [-76.2014847, 3.3912063], [-76.2014857, 3.3912558], [-76.2014846, 3.3913005], [-76.2014811, 3.3913422], [-76.2014752, 3.3913802], [-76.2014669, 3.3914147], [-76.2014563, 3.3914459], [-76.2014446, 3.3914694], [-76.2014288, 3.3914919], [-76.2014089, 3.3915136], [-76.2013846, 3.3915347], [-76.2013558, 3.3915554], [-76.201321, 3.3915767], [-76.2011685, 3.3916569], [-76.201135, 3.3916763], [-76.2011067, 3.3916947], [-76.2010769, 3.3917175], [-76.2010524, 3.3917408], [-76.2010328, 3.3917648], [-76.2010179, 3.39179], [-76.2010043, 3.3918256], [-76.2009953, 3.3918678], [-76.2009902, 3.3919196], [-76.2009865, 3.392034], [-76.2009828, 3.3920829], [-76.2009742, 3.392132], [-76.200968, 3.3921533], [-76.2009604, 3.3921728], [-76.2009463, 3.3922002], [-76.2009287, 3.3922273], [-76.2009074, 3.3922542], [-76.200882, 3.3922815], [-76.2008275, 3.3923309], [-76.2007163, 3.3924198], [-76.2006726, 3.3924568], [-76.2006311, 3.3924971], [-76.2005982, 3.3925361], [-76.2005418, 3.392617], [-76.2004863, 3.3927085], [-76.2004304, 3.3928124], [-76.2003693, 3.3929378], [-76.2003197, 3.3930511], [-76.2002724, 3.3931753], [-76.2002263, 3.393313], [-76.2001783, 3.3934735], [-76.2001651, 3.3935157], [-76.2001476, 3.3935646], [-76.200079, 3.3937373], [-76.2000541, 3.393804], [-76.2000333, 3.3938682], [-76.2000193, 3.3939241], [-76.2000137, 3.3939563], [-76.2000106, 3.3939862], [-76.2000099, 3.3940139], [-76.2000118, 3.3940397], [-76.2000162, 3.3940635], [-76.200023, 3.3940855], [-76.2000324, 3.3941057], [-76.2000444, 3.3941241], [-76.2000551, 3.3941365], [-76.2000683, 3.3941484], [-76.2001027, 3.3941714], [-76.2001467, 3.3941933], [-76.2002448, 3.3942343], [-76.2002846, 3.3942528], [-76.2003217, 3.3942744], [-76.2003489, 3.3942967], [-76.2003663, 3.3943168], [-76.2003805, 3.3943388], [-76.2003915, 3.3943628], [-76.2003993, 3.3943887], [-76.2004041, 3.3944166], [-76.2004057, 3.3944468], [-76.2004043, 3.3944792], [-76.2003998, 3.3945142], [-76.200385, 3.3945802], [-76.2003605, 3.394657], [-76.20033, 3.3947371], [-76.2002369, 3.3949655], [-76.2002121, 3.3950346], [-76.2001934, 3.3950958], [-76.2001779, 3.3951631], [-76.20017, 3.3952239], [-76.2001688, 3.3952523], [-76.2001695, 3.3952794], [-76.2001721, 3.3953053], [-76.2001765, 3.3953301], [-76.2001863, 3.3953647], [-76.2002006, 3.3954003], [-76.2002195, 3.3954371], [-76.2002433, 3.395476], [-76.2002952, 3.3955473], [-76.2003975, 3.3956725], [-76.2004349, 3.3957204], [-76.200469, 3.395769], [-76.2004956, 3.3958134], [-76.2005184, 3.3958624], [-76.2005266, 3.395886], [-76.2005329, 3.3959093], [-76.2005371, 3.3959324], [-76.2005393, 3.3959552], [-76.2005395, 3.3959778], [-76.2005378, 3.3960003], [-76.2005299, 3.396061], [-76.200525, 3.3960801], [-76.2005186, 3.396096], [-76.2005089, 3.3961106], [-76.2004946, 3.3961248], [-76.2004772, 3.3961376], [-76.2004273, 3.3961701], [-76.2004142, 3.3961809], [-76.2004043, 3.3961916], [-76.200392, 3.3962089], [-76.2003814, 3.3962281], [-76.2003723, 3.3962491], [-76.2003649, 3.396272], [-76.2003591, 3.3962965], [-76.2003549, 3.3963228], [-76.2003515, 3.3963801], [-76.2003549, 3.3964443], [-76.2003651, 3.3965127], [-76.2003818, 3.3965833], [-76.2004038, 3.3966509], [-76.2004173, 3.3966828], [-76.2004338, 3.3967151], [-76.2004532, 3.3967476], [-76.2004754, 3.3967798], [-76.2005002, 3.3968117], [-76.2005273, 3.3968429], [-76.2005565, 3.3968729], [-76.2005875, 3.3969017], [-76.2006198, 3.3969287], [-76.2006532, 3.3969538], [-76.2006875, 3.3969768], [-76.2007222, 3.3969974], [-76.2007571, 3.3970155], [-76.200792, 3.3970309], [-76.2008265, 3.3970435], [-76.2008605, 3.3970533], [-76.2008976, 3.3970596], [-76.200981, 3.3970668], [-76.2010129, 3.3970726], [-76.2010327, 3.3970786], [-76.2010527, 3.3970868], [-76.2010948, 3.3971103], [-76.201133, 3.3971376], [-76.2012192, 3.3972058], [-76.2012611, 3.3972341], [-76.2012995, 3.3972533], [-76.2013181, 3.3972598], [-76.2013365, 3.3972643], [-76.2013869, 3.3972715], [-76.2014386, 3.3972739], [-76.2014916, 3.3972716], [-76.201546, 3.3972645]]}}, {"type": "Feature", "properties": {"OBJECTID": 5536, "Shape_Leng": 449.010954373, "RUTA": null}, "geometry": {"type": "LineString", "coordinates": [[-76.2016601, 3.3973603], [-76.2017572, 3.3973553], [-76.201853, 3.3973569], [-76.2019477, 3.3973651], [-76.202041, 3.3973798], [-76.2021202, 3.3973982], [-76.2022034, 3.3974234], [-76.2022909, 3.3974555], [-76.2023837, 3.397495], [-76.2025176, 3.3975588], [-76.202579, 3.3975908], [-76.2026368, 3.397623], [-76.2026912, 3.3976555], [-76.2027423, 3.3976883], [-76.2027901, 3.3977213], [-76.2028344, 3.3977546], [-76.2028755, 3.3977882], [-76.2029133, 3.3978222], [-76.2029477, 3.3978564], [-76.2029787, 3.3978909], [-76.2030063, 3.3979256], [-76.2030305, 3.3979607], [-76.2030514, 3.397996], [-76.2030689, 3.3980315], [-76.2030874, 3.3980768], [-76.2031043, 3.3981252], [-76.2031194, 3.3981756], [-76.2031322, 3.3982273], [-76.2031426, 3.3982792], [-76.2031504, 3.3983307], [-76.2031557, 3.3983814], [-76.2031583, 3.3984307], [-76.2031582, 3.3984774], [-76.2031556, 3.3985221], [-76.2031504, 3.3985647], [-76.2031427, 3.3986049], [-76.2031325, 3.3986426], [-76.2031198, 3.3986777], [-76.2031047, 3.3987101], [-76.2030872, 3.3987397], [-76.2030717, 3.3987599], [-76.2030509, 3.3987811], [-76.2029749, 3.3988445], [-76.20295, 3.3988674], [-76.2029301, 3.3988898], [-76.2029157, 3.3989118], [-76.2028999, 3.3989468], [-76.2028876, 3.3989864], [-76.2028792, 3.39903], [-76.2028746, 3.3990769], [-76.2028741, 3.3991266], [-76.2028776, 3.3991775], [-76.2028851, 3.3992277], [-76.2028963, 3.3992754], [-76.2029103, 3.3993119], [-76.2029324, 3.3993503], [-76.2029607, 3.3993891], [-76.2030227, 3.3994643], [-76.2030474, 3.3994962], [-76.2030701, 3.3995306], [-76.2030865, 3.3995627], [-76.2031023, 3.3996023], [-76.2031161, 3.3996425], [-76.203128, 3.3996834], [-76.203138, 3.3997248], [-76.203146, 3.3997669], [-76.203152, 3.3998096], [-76.2031561, 3.399853], [-76.2031582, 3.3998969], [-76.2031584, 3.3999415], [-76.2031566, 3.3999867], [-76.2031529, 3.4000325], [-76.2031472, 3.4000789], [-76.2031395, 3.400126], [-76.2031299, 3.4001737], [-76.2031048, 3.4002709]]}}, {"type": "Feature", "properties": {"OBJECTID": 5538, "Shape_Leng": 1228.16742643, "RUTA": null}, "geometry": {"type": "LineString", "coordinates": [[-76.2242791, 3.3347034], [-76.2214085, 3.333796], [-76.2201629, 3.3328324], [-76.2199733, 3.3326041], [-76.2191348, 3.3318083], [-76.2183872, 3.3310484], [-76.2180856, 3.3306308], [-76.2178414, 3.3299301], [-76.2179399, 3.3298477], [-76.2174058, 3.3288685], [-76.2169934, 3.3281123], [-76.2166764, 3.3275918]]}}, {"type": "Feature", "properties": {"OBJECTID": 5539, "Shape_Leng": 581.452334012, "RUTA": null}, "geometry": {"type": "LineString", "coordinates": [[-76.2223018, 3.3486175], [-76.2228403, 3.3475646], [-76.2231853, 3.34687], [-76.2240089, 3.3461896], [-76.2244867, 3.3450197], [-76.2243682, 3.3440657]]}}, {"type": "Feature", "properties": {"OBJECTID": 5540, "Shape_Leng": 1183.63952642, "RUTA": null}, "geometry": {"type": "LineString", "coordinates": [[-76.2181702, 3.3607346], [-76.2160316, 3.360335], [-76.2200758, 3.3528506]]}}, {"type": "Feature", "properties": {"OBJECTID": 5541, "Shape_Leng": 1362.31415649, "RUTA": null}, "geometry": {"type": "LineString", "coordinates": [[-76.2278876, 3.3616678], [-76.2294728, 3.3494526]]}}, {"type": "Feature", "properties": {"OBJECTID": 5542, "Shape_Leng": 1299.32525655, "RUTA": null}, "geometry": {"type": "LineString", "coordinates": [[-76.2300162, 3.3903686], [-76.226071, 3.39374], [-76.219559, 3.3936632]]}}, {"type": "Feature", "properties": {"OBJECTID": 5543, "Shape_Leng": 3002.32296245, "RUTA": null}, "geometry": {"type": "LineString", "coordinates": [[-76.4124564, 3.2357286], [-76.4100181, 3.2495905], [-76.4103273, 3.2510091], [-76.4108129, 3.2526631], [-76.411487, 3.2541597], [-76.4137931, 3.2620805]]}}, {"type": "Feature", "properties": {"OBJECTID": 5552, "Shape_Leng": 2183.44657862, "RUTA": null}, "geometry": {"type": "LineString", "coordinates": [[-76.2306847, 3.2984607], [-76.2283801, 3.2986152], [-76.2271792, 3.2987563], [-76.2255391, 3.298369], [-76.2242304, 3.2981047], [-76.2210899, 3.297102], [-76.219886, 3.2967676], [-76.2172512, 3.296239], [-76.2162365, 3.2955962], [-76.2150443, 3.2953355], [-76.2142693, 3.2953148], [-76.2126398, 3.2951535], [-76.2116062, 3.2952923]]}}, {"type": "Feature", "properties": {"OBJECTID": 5553, "Shape_Leng": 223.517444109, "RUTA": null}, "geometry": {"type": "LineString", "coordinates": [[-76.2370973, 3.2360382], [-76.2370639, 3.2360769], [-76.2358759, 3.2375067], [-76.2358077, 3.2375889]]}}, {"type": "Feature", "properties": {"OBJECTID": 5554, "Shape_Leng": 1650.49541271, "RUTA": null}, "geometry": {"type": "LineString", "coordinates": [[-76.2155628, 3.3230682], [-76.2152499, 3.322373], [-76.2153436, 3.3215839], [-76.2148405, 3.3211686], [-76.2147554, 3.3206313], [-76.2150481, 3.320226], [-76.2149608, 3.319976], [-76.2143011, 3.3184545], [-76.2139516, 3.317962], [-76.2134524, 3.3171242], [-76.2125482, 3.3167167], [-76.2110015, 3.3160214], [-76.2100549, 3.3155359], [-76.2096316, 3.3152257], [-76.2090245, 3.3153088], [-76.2084208, 3.3153144], [-76.2081931, 3.3153968], [-76.2080976, 3.3157077], [-76.2080262, 3.3157555], [-76.2072646, 3.3155634], [-76.2068364, 3.315228], [-76.2065507, 3.3153234], [-76.2063838, 3.3156343]]}}, {"type": "Feature", "properties": {"OBJECTID": 5555, "Shape_Leng": 1115.93039294, "RUTA": null}, "geometry": {"type": "LineString", "coordinates": [[-76.2152802, 3.3228439], [-76.2157791, 3.3239688], [-76.2161121, 3.3248132], [-76.2163707, 3.3256115], [-76.2170068, 3.3258785], [-76.217688, 3.3257652], [-76.2186435, 3.3261498], [-76.2189887, 3.3262667], [-76.2192286, 3.3264243], [-76.2198189, 3.3269762], [-76.2203377, 3.3273556], [-76.2209297, 3.3272218], [-76.2216677, 3.3273536], [-76.2220244, 3.3277726], [-76.2223775, 3.3283365]]}}, {"type": "Feature", "properties": {"OBJECTID": 5556, "Shape_Leng": 443.983019635, "RUTA": null}, "geometry": {"type": "LineString", "coordinates": [[-76.2157791, 3.3239688], [-76.2160883, 3.3246279], [-76.2163251, 3.3264656], [-76.2164332, 3.3269933], [-76.2168085, 3.327804]]}}, {"type": "Feature", "properties": {"OBJECTID": 5557, "Shape_Leng": 1764.48012087, "RUTA": null}, "geometry": {"type": "LineString", "coordinates": [[-76.3038778, 3.2392751], [-76.3041183, 3.2347874], [-76.3045308, 3.2283792], [-76.3048721, 3.2237359], [-76.3050838, 3.2234165]]}}, {"type": "Feature", "properties": {"OBJECTID": 5558, "Shape_Leng": 1180.63901554, "RUTA": null}, "geometry": {"type": "LineString", "coordinates": [[-76.222909, 3.2846402], [-76.2220947, 3.2839479], [-76.2213775, 3.2831362], [-76.2208602, 3.282881], [-76.2199847, 3.2827397], [-76.2169109, 3.2815108], [-76.2154857, 3.2810769], [-76.213288, 3.2813559]]}}, {"type": "Feature", "properties": {"OBJECTID": 5559, "Shape_Leng": 1453.60014845, "RUTA": null}, "geometry": {"type": "LineString", "coordinates": [[-76.2072073, 3.2832801], [-76.2132945, 3.2837296], [-76.2139094, 3.2837922], [-76.2151959, 3.28338], [-76.2163105, 3.2835269], [-76.2169369, 3.2833199], [-76.2183624, 3.2833613], [-76.2189786, 3.2830545], [-76.2200371, 3.2827233]]}}, {"type": "Feature", "properties": {"OBJECTID": 5560, "Shape_Leng": 435.006269281, "RUTA": null}, "geometry": {"type": "LineString", "coordinates": [[-76.2228536, 3.2846402], [-76.2247773, 3.2864959], [-76.2254741, 3.2870531], [-76.2256209, 3.2872209], [-76.2257419, 3.2872801]]}}, {"type": "Feature", "properties": {"OBJECTID": 5561, "Shape_Leng": 982.369282089, "RUTA": null}, "geometry": {"type": "LineString", "coordinates": [[-76.2304, 3.2683486], [-76.2307354, 3.2715356], [-76.2321952, 3.2703512], [-76.2354215, 3.2704357], [-76.2358655, 3.2701163]]}}, {"type": "Feature", "properties": {"OBJECTID": 5562, "Shape_Leng": 1301.02909512, "RUTA": null}, "geometry": {"type": "LineString", "coordinates": [[-76.2357788, 3.2707796], [-76.2354874, 3.2736622], [-76.235033, 3.274558], [-76.2351111, 3.2748598], [-76.2365623, 3.2747929], [-76.2376802, 3.2749129], [-76.2381584, 3.274879], [-76.2387747, 3.2738712], [-76.2420188, 3.2743462]]}}, {"type": "Feature", "properties": {"OBJECTID": 5563, "Shape_Leng": 191.291413165, "RUTA": null}, "geometry": {"type": "LineString", "coordinates": [[-76.2389193, 3.2737137], [-76.2392442, 3.272015]]}}, {"type": "Feature", "properties": {"OBJECTID": 5564, "Shape_Leng": 410.293942628, "RUTA": null}, "geometry": {"type": "LineString", "coordinates": [[-76.2307354, 3.2715356], [-76.2281028, 3.2741363]]}}, {"type": "Feature", "properties": {"OBJECTID": 5565, "Shape_Leng": 343.551187992, "RUTA": null}, "geometry": {"type": "LineString", "coordinates": [[-76.2344605, 3.2538353], [-76.2338119, 3.2534714], [-76.2334303, 3.2528609], [-76.2330058, 3.2526421], [-76.2318771, 3.2528815]]}}, {"type": "Feature", "properties": {"OBJECTID": 5568, "Shape_Leng": 376.689725643, "RUTA": null}, "geometry": {"type": "LineString", "coordinates": [[-76.4299072, 3.2479092], [-76.4300654, 3.2477199], [-76.4316915, 3.2455211], [-76.4320192, 3.2452614]]}}, {"type": "Feature", "properties": {"OBJECTID": 5569, "Shape_Leng": 27.822545046, "RUTA": null}, "geometry": {"type": "LineString", "coordinates": [[-76.4347512, 3.2535764], [-76.4346602, 3.2538108]]}}, {"type": "Feature", "properties": {"OBJECTID": 5571, "Shape_Leng": 1989.53268955, "RUTA": null}, "geometry": {"type": "LineString", "coordinates": [[-76.2286074, 3.4138755], [-76.2285266, 3.4086596], [-76.2285568, 3.4072596], [-76.2288847, 3.4052335], [-76.2381562, 3.405481]]}}, {"type": "Feature", "properties": {"OBJECTID": 5574, "Shape_Leng": 3158.46251084, "RUTA": null}, "geometry": {"type": "LineString", "coordinates": [[-76.3364214, 3.1284311], [-76.3418925, 3.1231064], [-76.3346034, 3.1133234], [-76.329792, 3.1061118]]}}, {"type": "Feature", "properties": {"OBJECTID": 5575, "Shape_Leng": 1599.09000465, "RUTA": null}, "geometry": {"type": "LineString", "coordinates": [[-76.3425318, 3.1370091], [-76.338702, 3.1423689], [-76.3331571, 3.1417845], [-76.33092, 3.1415962]]}}, {"type": "Feature", "properties": {"OBJECTID": 5576, "Shape_Leng": 2441.7519967, "RUTA": null}, "geometry": {"type": "LineString", "coordinates": [[-76.3425318, 3.1370091], [-76.3528342, 3.1389506], [-76.3619106, 3.1460226]]}}, {"type": "Feature", "properties": {"OBJECTID": 5577, "Shape_Leng": 1247.45646168, "RUTA": null}, "geometry": {"type": "LineString", "coordinates": [[-76.3558327, 3.1551302], [-76.3568066, 3.1542601], [-76.3568478, 3.1535022], [-76.357562, 3.1527405], [-76.3583694, 3.1512546], [-76.3586595, 3.1506149], [-76.3589275, 3.1497423], [-76.359256, 3.1488639], [-76.3600157, 3.1481287], [-76.3607585, 3.1473269], [-76.3612848, 3.1463379], [-76.3617363, 3.1458868]]}}, {"type": "Feature", "properties": {"OBJECTID": 5578, "Shape_Leng": 4485.27139185, "RUTA": null}, "geometry": {"type": "LineString", "coordinates": [[-76.3548052, 3.1400807], [-76.360429, 3.1337754], [-76.3576929, 3.1151821], [-76.3575158, 3.1148704], [-76.3549199, 3.1154807], [-76.3538207, 3.1159671], [-76.353095, 3.1172592], [-76.3524958, 3.1173944], [-76.3514281, 3.1155531], [-76.3504205, 3.1128924], [-76.3490618, 3.1114734]]}}, {"type": "Feature", "properties": {"OBJECTID": 5579, "Shape_Leng": 1269.92548862, "RUTA": null}, "geometry": {"type": "LineString", "coordinates": [[-76.3588612, 3.1031782], [-76.3559761, 3.1142895]]}}, {"type": "Feature", "properties": {"OBJECTID": 5580, "Shape_Leng": 37.2974908003, "RUTA": null}, "geometry": {"type": "LineString", "coordinates": [[-76.3589048, 3.1031483], [-76.3589759, 3.1028187]]}}, {"type": "Feature", "properties": {"OBJECTID": 0, "Shape_Leng": 0.0, "RUTA": null}, "geometry": {"type": "LineString", "coordinates": [[-76.2881024, 3.3700307], [-76.2880312, 3.3700271], [-76.2879608, 3.3700164], [-76.2878919, 3.3699987], [-76.287825, 3.3699741], [-76.2877609, 3.369943], [-76.2877001, 3.3699057], [-76.2876434, 3.3698624], [-76.2875913, 3.3698137], [-76.2875442, 3.36976], [-76.2875027, 3.3697019], [-76.2874671, 3.3696399], [-76.2874379, 3.3695746], [-76.2874153, 3.3695068], [-76.2873995, 3.369437], [-76.2873907, 3.369366], [-76.287389, 3.3692945], [-76.2873944, 3.3692231], [-76.2874068, 3.3691527], [-76.2874262, 3.3690838], [-76.2874522, 3.3690172], [-76.2874848, 3.3689536], [-76.2875234, 3.3688935], [-76.2875679, 3.3688376], [-76.2876176, 3.3687864], [-76.2876722, 3.3687405], [-76.2877311, 3.3687002], [-76.2877936, 3.368666], [-76.2878593, 3.3686383], [-76.2879273, 3.3686173], [-76.2879971, 3.3686032], [-76.288068, 3.3685961], [-76.2881392, 3.3685962], [-76.28821, 3.3686033], [-76.2882798, 3.3686176], [-76.2883478, 3.3686387], [-76.2884134, 3.3686666], [-76.2884759, 3.3687009], [-76.2885347, 3.3687412], [-76.2885892, 3.3687873], [-76.2886389, 3.3688385], [-76.2886832, 3.3688945], [-76.2887218, 3.3689546], [-76.2887542, 3.3690183], [-76.2887802, 3.369085], [-76.2887994, 3.3691539], [-76.2888117, 3.3692244], [-76.288817, 3.3692957], [-76.2888151, 3.3693672], [-76.2888062, 3.3694382], [-76.2887903, 3.369508], [-76.2887676, 3.3695758], [-76.2887382, 3.369641], [-76.2887026, 3.3697029], [-76.288661, 3.369761], [-76.2886138, 3.3698146], [-76.2885616, 3.3698632], [-76.2885048, 3.3699064], [-76.288444, 3.3699436], [-76.2883798, 3.3699746], [-76.2883129, 3.369999], [-76.2882439, 3.3700166], [-76.2881735, 3.3700272], [-76.2881024, 3.3700307]]}}]}