{"type": "FeatureCollection", "name": "HACIENDAS", "crs": {"type": "name", "properties": {"name": "urn:ogc:def:crs:OGC:1.3:CRS84"}}, "features": [{"type": "Feature", "properties": {"OBJECTID": 3, "SECTOR_SAP": "2107", "Shape_Leng": 4943.16603918, "Shape_Area": 664671.654105, "Sector": 2107, "Empresa": "Agricola Castilla", "Departamen": "Valle", "Jefe_zona": "Carlos Lucumi", "Tipo_predi": "A", "Nombre": "LIBANO", "PIE_LOMA": "PLANO", "Supervisor": "Edwin Arango R.", "Municipio": "Pradera", "EMPRESA_2": "Agricola Castilla", "zonas_abra": "Carlos Lucumi"}, "geometry": {"type": "Polygon", "coordinates": [[[-76.259342, 3.4000056], [-76.259305, 3.39999], [-76.2592589, 3.3999411], [-76.2592394, 3.3998876], [-76.259179, 3.3997212], [-76.2591281, 3.399581], [-76.2590106, 3.3992575], [-76.2586073, 3.3981466], [-76.258117, 3.3969921], [-76.2579378, 3.3964473], [-76.2574631, 3.3951142], [-76.2565814, 3.3949651], [-76.2562971, 3.3949848], [-76.2545921, 3.3949335], [-76.252256, 3.3949174], [-76.2520682, 3.3949105], [-76.2519743, 3.3949138], [-76.2518938, 3.3949205], [-76.2519196, 3.3940276], [-76.2518891, 3.394032], [-76.2509963, 3.3941094], [-76.2505398, 3.3941236], [-76.2496991, 3.3941301], [-76.2497218, 3.3932039], [-76.2497492, 3.3920841], [-76.254113, 3.3919826], [-76.2543384, 3.3919835], [-76.2551998, 3.3919811], [-76.2554202, 3.391951], [-76.2558248, 3.3903139], [-76.2561908, 3.3904357], [-76.2566845, 3.3905358], [-76.2570786, 3.3904377], [-76.2574919, 3.3902003], [-76.257817, 3.3899264], [-76.2580737, 3.3898951], [-76.2582013, 3.3899656], [-76.258541, 3.3898616], [-76.2588937, 3.3896772], [-76.2588275, 3.3901147], [-76.2585031, 3.3920926], [-76.2589909, 3.3920481], [-76.2593133, 3.3920362], [-76.259597, 3.3920411], [-76.2597449, 3.3912929], [-76.2624661, 3.3913261], [-76.2622062, 3.3956926], [-76.2599214, 3.3968926], [-76.2598997, 3.3969036], [-76.2598391, 3.3969261], [-76.2598455, 3.3969439], [-76.2600558, 3.3980171], [-76.2603677, 3.3992505], [-76.2602701, 3.3993701], [-76.260157, 3.3994238], [-76.2600736, 3.3994746], [-76.2599575, 3.3995283], [-76.2598205, 3.3996029], [-76.2596965, 3.3998108], [-76.2595505, 3.4000409], [-76.2594302, 3.4000595], [-76.259342, 3.4000056]]]}}, {"type": "Feature", "properties": {"OBJECTID": 4, "SECTOR_SAP": "2101", "Shape_Leng": 6123.78273663, "Shape_Area": 1742775.53202, "Sector": 2101, "Empresa": "Agricola Castilla", "Departamen": "Valle", "Jefe_zona": "Carlos Lucumi", "Tipo_predi": "A", "Nombre": "SAN JORGE", "PIE_LOMA": "PLANO", "Supervisor": "Jose J. Rivera", "Municipio": "Pradera", "EMPRESA_2": "Agricola Castilla", "zonas_abra": "Carlos Lucumi"}, "geometry": {"type": "Polygon", "coordinates": [[[-76.2942176, 3.4368268], [-76.2978909, 3.4179084], [-76.2990742, 3.4182753], [-76.2984168, 3.4200462], [-76.3078844, 3.4234688], [-76.2991941, 3.4385798], [-76.2991788, 3.4385329], [-76.2991094, 3.4384673], [-76.2988824, 3.4383734], [-76.2984256, 3.4382079], [-76.294302, 3.4369387], [-76.2942017, 3.4369068], [-76.2942176, 3.4368268]]]}}, {"type": "Feature", "properties": {"OBJECTID": 5, "SECTOR_SAP": "Piña", "Shape_Leng": 4481.90258546, "Shape_Area": 754214.639335, "Sector": 0, "Empresa": "Bengala Propio", "Departamen": "Valle", "Jefe_zona": "", "Tipo_predi": "B", "Nombre": "MANANTIAL PIÑA", "PIE_LOMA": "PIÑA", "Supervisor": "", "Municipio": "Pradera", "EMPRESA_2": "", "zonas_abra": "Carlos Lucumi"}, "geometry": {"type": "Polygon", "coordinates": [[[-76.2259134, 3.4014969], [-76.2261355, 3.4013987], [-76.2264918, 3.4013031], [-76.2264918, 3.4013029], [-76.2265175, 3.4011671], [-76.2267192, 3.4012845], [-76.226826, 3.4010938], [-76.2272199, 3.4010296], [-76.2273505, 3.4008819], [-76.2274935, 3.4008982], [-76.227626, 3.4007165], [-76.2277687, 3.4007507], [-76.2278682, 3.4006752], [-76.2279021, 3.4006592], [-76.2279562, 3.4006967], [-76.2280828, 3.4005616], [-76.2284805, 3.4003692], [-76.2284326, 3.4001688], [-76.2286158, 3.4000641], [-76.2286585, 3.3998617], [-76.2287298, 3.3996956], [-76.2289193, 3.3996823], [-76.2289217, 3.399752], [-76.2290213, 3.3998261], [-76.2291078, 3.3998172], [-76.2291322, 3.3997041], [-76.2292411, 3.3997073], [-76.2295899, 3.3994776], [-76.2294824, 3.3993375], [-76.2294422, 3.3990838], [-76.2296726, 3.3989547], [-76.2297005, 3.3988135], [-76.2298738, 3.398668], [-76.2301221, 3.3986683], [-76.2301091, 3.3984591], [-76.2301208, 3.3983835], [-76.2303001, 3.3983295], [-76.2304493, 3.3981083], [-76.2304861, 3.3979039], [-76.2305375, 3.3944431], [-76.2306536, 3.3944362], [-76.2307232, 3.3944466], [-76.2309222, 3.3944404], [-76.2310388, 3.3944588], [-76.2310824, 3.3945176], [-76.2310965, 3.3945595], [-76.2314363, 3.3951218], [-76.2315286, 3.3950777], [-76.2333169, 3.3938884], [-76.2335727, 3.3937324], [-76.2343848, 3.3945168], [-76.2344636, 3.3945975], [-76.234533, 3.3946918], [-76.2354748, 3.3961779], [-76.2355727, 3.3962575], [-76.2357101, 3.3963658], [-76.2357469, 3.3963914], [-76.2360015, 3.3965392], [-76.2364389, 3.3967989], [-76.2366465, 3.3969388], [-76.2377778, 3.3976353], [-76.2378676, 3.3976973], [-76.237904, 3.3977363], [-76.2379095, 3.3979622], [-76.2378652, 3.4013597], [-76.2378566, 3.4014683], [-76.2378453, 3.4014897], [-76.2378056, 3.4015045], [-76.2376992, 3.4015228], [-76.2373, 3.4015258], [-76.2372461, 3.4016854], [-76.2372961, 3.4017751], [-76.2372898, 3.4018475], [-76.2372498, 3.4019551], [-76.2371176, 3.402051], [-76.2369361, 3.4021209], [-76.2368486, 3.4021588], [-76.2368525, 3.4023639], [-76.2368412, 3.4027189], [-76.2342805, 3.40286], [-76.2339972, 3.4028478], [-76.2337329, 3.402869], [-76.2336091, 3.4028905], [-76.2335582, 3.4028848], [-76.2333533, 3.4024861], [-76.2332168, 3.4023925], [-76.232507, 3.4020638], [-76.2317693, 3.4018439], [-76.23116, 3.4016758], [-76.230515, 3.401491], [-76.2302556, 3.4014262], [-76.2293553, 3.4014856], [-76.2293054, 3.4016199], [-76.2294113, 3.4018559], [-76.2294089, 3.4019796], [-76.2293202, 3.4020991], [-76.2291623, 3.4022169], [-76.2290887, 3.4023035], [-76.2290655, 3.4023545], [-76.2279465, 3.4025334], [-76.2272292, 3.4026569], [-76.2268876, 3.4027511], [-76.2264344, 3.4028708], [-76.2260625, 3.4029248], [-76.2257977, 3.4029396], [-76.2256281, 3.4028826], [-76.2255216, 3.4021617], [-76.22556, 3.4020967], [-76.2256001, 3.4020026], [-76.225648, 3.4019259], [-76.2259001, 3.4016121], [-76.2259194, 3.4015565], [-76.2259134, 3.4014969]]]}}, {"type": "Feature", "properties": {"OBJECTID": 6, "SECTOR_SAP": "2102", "Shape_Leng": 4760.59067787, "Shape_Area": 848577.71534, "Sector": 2102, "Empresa": "Agricola Castilla", "Departamen": "Valle", "Jefe_zona": "Carlos Lucumi", "Tipo_predi": "A", "Nombre": "LORENA", "PIE_LOMA": "PLANO", "Supervisor": "Jose J. Rivera", "Municipio": "Pradera", "EMPRESA_2": "Agricola Castilla", "zonas_abra": "Carlos Lucumi"}, "geometry": {"type": "Polygon", "coordinates": [[[-76.2750602, 3.4427137], [-76.2685758, 3.4400347], [-76.2685481, 3.4400097], [-76.268518, 3.4399165], [-76.2690739, 3.4376351], [-76.269019, 3.4375695], [-76.2687566, 3.4375704], [-76.2686477, 3.4375765], [-76.2633325, 3.4378869], [-76.2636955, 3.4360095], [-76.2640212, 3.4348616], [-76.2643696, 3.4338179], [-76.2648503, 3.433945], [-76.273056, 3.4358505], [-76.2760165, 3.4364881], [-76.2792068, 3.4371624], [-76.2786248, 3.4384404], [-76.2771898, 3.4414839], [-76.277148, 3.4414885], [-76.2771247, 3.4414885], [-76.2769758, 3.4414463], [-76.2766911, 3.4412989], [-76.276013, 3.4410199], [-76.2757922, 3.4409309], [-76.275444, 3.4417616], [-76.2750602, 3.4427137]]]}}, {"type": "Feature", "properties": {"OBJECTID": 7, "SECTOR_SAP": "2135", "Shape_Leng": 2009.67736695, "Shape_Area": 200958.23318, "Sector": 2135, "Empresa": "Agricola Castilla", "Departamen": "Valle", "Jefe_zona": "Carlos Lucumi", "Tipo_predi": "A", "Nombre": "AMPARO", "PIE_LOMA": "PLANO", "Supervisor": "Edwin J. Villacorte", "Municipio": "Florida", "EMPRESA_2": "Agricola Castilla", "zonas_abra": "Carlos Lucumi"}, "geometry": {"type": "Polygon", "coordinates": [[[-76.2874812, 3.3560272], [-76.2873549, 3.3559248], [-76.287283, 3.3558157], [-76.2872179, 3.3556636], [-76.2871941, 3.3555097], [-76.2872649, 3.3553691], [-76.2873862, 3.3551326], [-76.2873966, 3.355033], [-76.287394, 3.3537583], [-76.2874545, 3.3535686], [-76.2875268, 3.3534395], [-76.2879541, 3.3529475], [-76.288187, 3.3527112], [-76.2882665, 3.352628], [-76.2884068, 3.3527108], [-76.2889455, 3.3531566], [-76.2890515, 3.3529898], [-76.2891342, 3.3528599], [-76.2899993, 3.3535248], [-76.2900575, 3.353562], [-76.29011, 3.3535573], [-76.2901501, 3.3535154], [-76.2905943, 3.352709], [-76.292174, 3.3539019], [-76.2921259, 3.3539963], [-76.2924023, 3.3542134], [-76.2923178, 3.3543824], [-76.2919273, 3.3551929], [-76.2913104, 3.356428], [-76.2911332, 3.3565038], [-76.2910706, 3.3565466], [-76.2909793, 3.3566511], [-76.2909708, 3.3565386], [-76.290904, 3.3565181], [-76.2904149, 3.3564966], [-76.2901997, 3.356529], [-76.2900598, 3.3566694], [-76.2899541, 3.3567858], [-76.2897634, 3.3570368], [-76.2897316, 3.3570823], [-76.2895051, 3.3574773], [-76.2894136, 3.3575619], [-76.2893322, 3.357559], [-76.2892794, 3.357546], [-76.2893025, 3.3572202], [-76.289317, 3.357054], [-76.2892601, 3.3569702], [-76.2891201, 3.3569109], [-76.2890531, 3.3569004], [-76.2889684, 3.3569018], [-76.2888796, 3.3569515], [-76.2888094, 3.3569838], [-76.2887582, 3.35701], [-76.2886962, 3.3570447], [-76.2886336, 3.3570853], [-76.288557, 3.3571334], [-76.2884895, 3.3571563], [-76.2884274, 3.3571573], [-76.2883643, 3.3571475], [-76.2883161, 3.3571265], [-76.2882614, 3.3571019], [-76.2882014, 3.3570795], [-76.2881276, 3.3570564], [-76.2880683, 3.357042], [-76.2880034, 3.3570237], [-76.2879396, 3.3569808], [-76.2879327, 3.356902], [-76.2879487, 3.3568423], [-76.2879662, 3.3567769], [-76.2879805, 3.3567109], [-76.2879905, 3.3566635], [-76.2879999, 3.3565747], [-76.2879905, 3.3564927], [-76.2879533, 3.3564158], [-76.2879047, 3.3563522], [-76.2878547, 3.3563018], [-76.287804, 3.3562597], [-76.2877549, 3.3562189], [-76.2876937, 3.3561762], [-76.2876414, 3.3561414], [-76.2876033, 3.3561145], [-76.2875426, 3.3560717], [-76.2874812, 3.3560272]]]}}, {"type": "Feature", "properties": {"OBJECTID": 13, "SECTOR_SAP": "2132", "Shape_Leng": 2658.66549897, "Shape_Area": 401404.798103, "Sector": 2132, "Empresa": "Agricola Castilla", "Departamen": "Cauca", "Jefe_zona": "Pacifico Mazo", "Tipo_predi": "C", "Nombre": "VERACRUZ", "PIE_LOMA": "PLANO", "Supervisor": "Adolfo Lucumi", "Municipio": "Padilla", "EMPRESA_2": "Agricola Castilla", "zonas_abra": "Pacifico Mazo"}, "geometry": {"type": "Polygon", "coordinates": [[[-76.3430578, 3.1584127], [-76.3430808, 3.1582149], [-76.3430835, 3.1581786], [-76.343121, 3.157838], [-76.3431457, 3.1575018], [-76.3432001, 3.1575034], [-76.3439335, 3.1576668], [-76.3449511, 3.157859], [-76.3472601, 3.1585015], [-76.3473564, 3.1585445], [-76.3472931, 3.1589886], [-76.347245, 3.1592079], [-76.3463773, 3.1662524], [-76.3423771, 3.1652159], [-76.3430578, 3.1584127]]]}}, {"type": "Feature", "properties": {"OBJECTID": 14, "SECTOR_SAP": "2119", "Shape_Leng": 4146.9843361, "Shape_Area": 310857.384014, "Sector": 2119, "Empresa": "Agricola Castilla", "Departamen": "Cauca", "Jefe_zona": "Pacifico Mazo", "Tipo_predi": "C", "Nombre": "TAMBORAL", "PIE_LOMA": "PLANO", "Supervisor": "Adolfo Lucumi", "Municipio": "Padilla", "EMPRESA_2": "Agricola Castilla", "zonas_abra": "Pacifico Mazo"}, "geometry": {"type": "Polygon", "coordinates": [[[-76.3358757, 3.1576093], [-76.3354342, 3.1571582], [-76.3349304, 3.1567406], [-76.3351298, 3.1559477], [-76.3352851, 3.1556193], [-76.3360918, 3.1550962], [-76.3364196, 3.1552432], [-76.3366645, 3.1552175], [-76.337137, 3.1534375], [-76.3377214, 3.152913], [-76.3378846, 3.1527656], [-76.3381946, 3.1524914], [-76.3381367, 3.1523697], [-76.3379159, 3.1518676], [-76.3378845, 3.1518222], [-76.3386397, 3.1513204], [-76.3385977, 3.1512671], [-76.338522, 3.1511859], [-76.3382804, 3.1508656], [-76.3379141, 3.1504018], [-76.3379578, 3.150321], [-76.3380767, 3.1501971], [-76.3382554, 3.1499722], [-76.3384652, 3.1498577], [-76.3387458, 3.1496942], [-76.3389123, 3.1496033], [-76.3401956, 3.1496957], [-76.3403304, 3.1496026], [-76.3406234, 3.1494001], [-76.3408767, 3.1492251], [-76.3409606, 3.1492141], [-76.3417758, 3.1490181], [-76.3418668, 3.1489485], [-76.3419028, 3.1487558], [-76.341985, 3.148675], [-76.3422152, 3.1485768], [-76.3437607, 3.148815], [-76.3437203, 3.1499429], [-76.3418617, 3.1496507], [-76.3418479, 3.1498134], [-76.3416682, 3.1513713], [-76.34163, 3.1514574], [-76.3415415, 3.1515694], [-76.3400624, 3.1503674], [-76.3398593, 3.1505799], [-76.3396572, 3.1508365], [-76.3406553, 3.1522299], [-76.3393561, 3.1531554], [-76.3388301, 3.15353], [-76.3387882, 3.1535594], [-76.3387687, 3.1535747], [-76.3386932, 3.1536374], [-76.3390953, 3.154275], [-76.3393689, 3.1547175], [-76.3391607, 3.1549392], [-76.3390877, 3.1550136], [-76.3383335, 3.1558182], [-76.3383126, 3.1558405], [-76.3383128, 3.1558436], [-76.3383146, 3.1558749], [-76.3383385, 3.1559744], [-76.3383591, 3.1559976], [-76.3383851, 3.1560704], [-76.3383871, 3.1561938], [-76.3384156, 3.1562428], [-76.3385056, 3.1563342], [-76.3384446, 3.1571111], [-76.3384334, 3.1574652], [-76.3381733, 3.1574609], [-76.3375496, 3.1580149], [-76.3375463, 3.1581683], [-76.3375462, 3.1583556], [-76.3375424, 3.1584547], [-76.3375387, 3.1585796], [-76.3375422, 3.158833], [-76.3368148, 3.1584437], [-76.3366719, 3.1583944], [-76.3357532, 3.1583171], [-76.3357912, 3.1582201], [-76.3358509, 3.1580676], [-76.3359504, 3.1578138], [-76.3359319, 3.1577007], [-76.3358757, 3.1576093]]]}}, {"type": "Feature", "properties": {"OBJECTID": 15, "SECTOR_SAP": "2128", "Shape_Leng": 2914.29860189, "Shape_Area": 239058.512466, "Sector": 2128, "Empresa": "Agricola Castilla", "Departamen": "Cauca", "Jefe_zona": "Edgar Gomez", "Tipo_predi": "B", "Nombre": "GUENGUE", "PIE_LOMA": "PLANO", "Supervisor": "Alexander Muñoz", "Municipio": "Pto Tejada", "EMPRESA_2": "Agricola Castilla", "zonas_abra": "Edgar Gomez"}, "geometry": {"type": "Polygon", "coordinates": [[[-76.3867693, 3.2250669], [-76.3873286, 3.2241315], [-76.3874176, 3.2239954], [-76.3877316, 3.2244976], [-76.3880032, 3.223814], [-76.3880063, 3.223345], [-76.3886125, 3.2232251], [-76.3888835, 3.2227266], [-76.3895832, 3.2219563], [-76.3887041, 3.2212757], [-76.3894488, 3.2207548], [-76.3908413, 3.219883], [-76.3917892, 3.2198642], [-76.3918086, 3.2199593], [-76.3918737, 3.2203541], [-76.3918442, 3.2209852], [-76.3919516, 3.2213914], [-76.3919795, 3.2215145], [-76.3920416, 3.2217088], [-76.3920649, 3.2218782], [-76.3921918, 3.2219613], [-76.392544, 3.2222104], [-76.3926727, 3.2222533], [-76.3929216, 3.2223191], [-76.3930769, 3.2226383], [-76.3934323, 3.2228523], [-76.3937997, 3.2231155], [-76.3946082, 3.2237964], [-76.3940184, 3.2240195], [-76.3939742, 3.2239973], [-76.3937767, 3.2237502], [-76.3934688, 3.2236331], [-76.3931607, 3.2240124], [-76.3930854, 3.2237788], [-76.3920625, 3.2239983], [-76.391792, 3.2238621], [-76.3916508, 3.2238011], [-76.3914086, 3.2238618], [-76.3912689, 3.2242952], [-76.3917621, 3.224486], [-76.3916182, 3.2247486], [-76.3913013, 3.2246893], [-76.3910172, 3.2244789], [-76.3907983, 3.2245083], [-76.3903839, 3.2248335], [-76.3899367, 3.2247164], [-76.3896638, 3.2246345], [-76.3893732, 3.2249028], [-76.3877267, 3.2260841], [-76.386875, 3.2251903], [-76.3867693, 3.2250669]]]}}, {"type": "Feature", "properties": {"OBJECTID": 16, "SECTOR_SAP": "2126", "Shape_Leng": 4628.90795088, "Shape_Area": 783925.11533, "Sector": 2126, "Empresa": "Agricola Castilla", "Departamen": "Cauca", "Jefe_zona": "Edgar Gomez", "Tipo_predi": "B", "Nombre": "ANGEL", "PIE_LOMA": "PLANO", "Supervisor": "Alexander Muñoz", "Municipio": "Pto Tejada", "EMPRESA_2": "Agricola Castilla", "zonas_abra": "Edgar Gomez"}, "geometry": {"type": "Polygon", "coordinates": [[[-76.4414442, 3.2629246], [-76.4409967, 3.2635668], [-76.4401436, 3.2646649], [-76.4379649, 3.2674694], [-76.4353584, 3.2707837], [-76.4315784, 3.2756757], [-76.4315425, 3.2757162], [-76.431146, 3.2762465], [-76.4293009, 3.2733881], [-76.4386905, 3.2593083], [-76.4415047, 3.2628276], [-76.4414442, 3.2629246]]]}}, {"type": "Feature", "properties": {"OBJECTID": 17, "SECTOR_SAP": "Piña", "Shape_Leng": 3883.55713018, "Shape_Area": 423397.236402, "Sector": 0, "Empresa": "Bengala Propio", "Departamen": "Cauca", "Jefe_zona": "", "Tipo_predi": "B", "Nombre": "BRISAS PIÑA", "PIE_LOMA": "PIÑA", "Supervisor": "", "Municipio": "Miranda", "EMPRESA_2": "", "zonas_abra": "Edgar Benitez"}, "geometry": {"type": "Polygon", "coordinates": [[[-76.2322629, 3.270222], [-76.2320189, 3.2704263], [-76.2303673, 3.2718538], [-76.229865, 3.2723279], [-76.2295392, 3.2720994], [-76.2293995, 3.2720274], [-76.2289386, 3.271915], [-76.2288976, 3.2723559], [-76.2278459, 3.2715908], [-76.2274623, 3.2714098], [-76.2276005, 3.2710737], [-76.2275339, 3.2703611], [-76.2274894, 3.2703436], [-76.2271883, 3.2704211], [-76.22695, 3.2705701], [-76.2272374, 3.2708739], [-76.2266182, 3.2714302], [-76.2263802, 3.2712537], [-76.2256005, 3.2707648], [-76.226483, 3.2702196], [-76.2256232, 3.2693888], [-76.226554, 3.2687986], [-76.225451, 3.268156], [-76.2257664, 3.2677122], [-76.2257472, 3.2675845], [-76.2256486, 3.267514], [-76.2255831, 3.2675277], [-76.2254241, 3.2675129], [-76.2252, 3.2673883], [-76.2250933, 3.2673071], [-76.2250383, 3.2672935], [-76.2251894, 3.2668651], [-76.2261498, 3.267247], [-76.2265042, 3.2673501], [-76.2269254, 3.2675046], [-76.2274298, 3.267656], [-76.2277792, 3.2677084], [-76.2277149, 3.2672722], [-76.2281502, 3.2674525], [-76.2282202, 3.2674624], [-76.2284361, 3.2670977], [-76.2288752, 3.2672911], [-76.2291758, 3.2667533], [-76.2295148, 3.2668109], [-76.2295183, 3.2668795], [-76.2305138, 3.2670213], [-76.2325263, 3.2672941], [-76.2325399, 3.2677447], [-76.2324369, 3.268008], [-76.2335562, 3.268196], [-76.2340745, 3.2683143], [-76.2345408, 3.2683344], [-76.2359193, 3.2687377], [-76.2358069, 3.2695087], [-76.2357136, 3.2700838], [-76.2351425, 3.2703989], [-76.2330607, 3.2702999], [-76.2323166, 3.270217], [-76.2322629, 3.270222]]]}}, {"type": "Feature", "properties": {"OBJECTID": 18, "SECTOR_SAP": "2123", "Shape_Leng": 9449.75970306, "Shape_Area": 4229101.7992, "Sector": 2123, "Empresa": "Agricola Castilla", "Departamen": "Cauca", "Jefe_zona": "Edgar Gomez", "Tipo_predi": "A", "Nombre": "STA HELENA", "PIE_LOMA": "PLANO", "Supervisor": "Alexander Muñoz", "Municipio": "Pto Tejada", "EMPRESA_2": "Agricola Castilla", "zonas_abra": "Edgar Gomez"}, "geometry": {"type": "Polygon", "coordinates": [[[-76.410331, 3.2651674], [-76.4110834, 3.2650538], [-76.4121419, 3.2648604], [-76.4132621, 3.2646558], [-76.4139723, 3.264651], [-76.4140431, 3.2646802], [-76.4141227, 3.2648606], [-76.4141757, 3.2649824], [-76.4143293, 3.2651427], [-76.4145378, 3.265243], [-76.4147639, 3.2654057], [-76.4149966, 3.2663442], [-76.415142, 3.266625], [-76.4152639, 3.2671571], [-76.4166932, 3.2674584], [-76.4167524, 3.2669959], [-76.4168798, 3.2669088], [-76.4170252, 3.2668094], [-76.4171185, 3.266775], [-76.4174984, 3.266626], [-76.4177128, 3.2665419], [-76.4180736, 3.2664825], [-76.4188183, 3.2645323], [-76.4196182, 3.2650073], [-76.4203128, 3.2654308], [-76.4227648, 3.268377], [-76.4255135, 3.271893], [-76.4227039, 3.2735041], [-76.4189934, 3.2815564], [-76.4188689, 3.28168], [-76.4178887, 3.2840757], [-76.417739, 3.2841425], [-76.4146201, 3.2813211], [-76.412077, 3.2788846], [-76.4118786, 3.2787145], [-76.4118051, 3.2786849], [-76.4117195, 3.2787155], [-76.4116267, 3.2788196], [-76.4107199, 3.280178], [-76.4005199, 3.2768294], [-76.39598, 3.2752789], [-76.3955959, 3.275149], [-76.3950577, 3.2749708], [-76.3952438, 3.2744972], [-76.3963671, 3.2711514], [-76.3971443, 3.2688353], [-76.3980778, 3.2687278], [-76.397885, 3.2671832], [-76.4062702, 3.2657802], [-76.410331, 3.2651674]]]}}, {"type": "Feature", "properties": {"OBJECTID": 19, "SECTOR_SAP": "2120", "Shape_Leng": 8145.38600761, "Shape_Area": 1653151.27739, "Sector": 2120, "Empresa": "Agricola Castilla", "Departamen": "Cauca", "Jefe_zona": "Pacifico Mazo", "Tipo_predi": "C", "Nombre": "VTA HERMOSA", "PIE_LOMA": "PIE LOMA", "Supervisor": "Adolfo Lucumi", "Municipio": "Caloto", "EMPRESA_2": "Agricola Castilla", "zonas_abra": "Pacifico Mazo"}, "geometry": {"type": "Polygon", "coordinates": [[[-76.322919, 3.1329014], [-76.3219147, 3.1281629], [-76.3217959, 3.1275572], [-76.3214768, 3.1273047], [-76.3202871, 3.1260743], [-76.3201071, 3.1260678], [-76.3198758, 3.1260386], [-76.3197501, 3.1257705], [-76.3195097, 3.1256081], [-76.3192659, 3.125563], [-76.3190702, 3.1254455], [-76.3190127, 3.1253282], [-76.3189275, 3.125256], [-76.318841, 3.1247541], [-76.3187925, 3.1247063], [-76.3186924, 3.1245669], [-76.3185361, 3.1243932], [-76.3184054, 3.1242385], [-76.3182744, 3.1240706], [-76.3181535, 3.1239912], [-76.3179619, 3.123953], [-76.3177981, 3.1238765], [-76.3176026, 3.1238225], [-76.3173609, 3.1237557], [-76.3171582, 3.1236132], [-76.3170966, 3.1235587], [-76.3170512, 3.1233453], [-76.3169286, 3.1231753], [-76.3167012, 3.1230541], [-76.3165269, 3.1229022], [-76.3162425, 3.122841], [-76.3152856, 3.1228403], [-76.315176, 3.1217673], [-76.3170309, 3.1204469], [-76.315698, 3.1188773], [-76.31476, 3.1187012], [-76.3146036, 3.1186429], [-76.3144445, 3.1184827], [-76.3142943, 3.118198], [-76.3141442, 3.1179579], [-76.3139497, 3.1177977], [-76.3137287, 3.117673], [-76.313534, 3.117744], [-76.3133531, 3.1177548], [-76.3126358, 3.1173731], [-76.3132227, 3.1167038], [-76.3136124, 3.1161134], [-76.314143, 3.1155386], [-76.3142767, 3.1154192], [-76.3149917, 3.1149208], [-76.3154451, 3.1144965], [-76.3168732, 3.1130106], [-76.3176399, 3.1122371], [-76.3186218, 3.1132733], [-76.3187651, 3.1136836], [-76.3187899, 3.1139118], [-76.3191194, 3.1145195], [-76.3192383, 3.1146922], [-76.3192142, 3.1149979], [-76.3192992, 3.1151114], [-76.3193868, 3.1153998], [-76.3195475, 3.1158916], [-76.3198813, 3.1161976], [-76.3199825, 3.1164315], [-76.3200239, 3.1168452], [-76.3201786, 3.117379], [-76.3203155, 3.1177868], [-76.3204663, 3.1177965], [-76.3206256, 3.1179129], [-76.3207029, 3.1181528], [-76.3206532, 3.1185271], [-76.3207501, 3.1188184], [-76.3209359, 3.1190272], [-76.3210172, 3.1192113], [-76.3225268, 3.1221023], [-76.3228405, 3.1223823], [-76.3234551, 3.1227117], [-76.323902, 3.1232097], [-76.3249959, 3.1247194], [-76.325235, 3.1251026], [-76.3253975, 3.1253333], [-76.3256891, 3.1262089], [-76.3261481, 3.1265331], [-76.3268398, 3.1269113], [-76.3272871, 3.1269656], [-76.3278178, 3.127056], [-76.3280803, 3.1270262], [-76.3284862, 3.1266248], [-76.3285342, 3.1262651], [-76.3288858, 3.1261542], [-76.3291666, 3.1261677], [-76.3293335, 3.1261758], [-76.3294988, 3.1262807], [-76.3298697, 3.1262526], [-76.330085, 3.1262363], [-76.33024, 3.1262812], [-76.3305423, 3.1262815], [-76.3306277, 3.1263266], [-76.3312014, 3.1272261], [-76.3312938, 3.1274411], [-76.3312584, 3.127524], [-76.3312679, 3.1275735], [-76.3313238, 3.1276805], [-76.3312917, 3.1277709], [-76.3313095, 3.1278718], [-76.3314767, 3.1279595], [-76.3315824, 3.1280919], [-76.331805, 3.1281916], [-76.3318406, 3.1282461], [-76.3318844, 3.1285702], [-76.3318107, 3.1286087], [-76.3317885, 3.128652], [-76.3317986, 3.1287025], [-76.3319797, 3.12884], [-76.3321417, 3.1293189], [-76.3322235, 3.129478], [-76.3322177, 3.1296552], [-76.3322432, 3.1297216], [-76.3324197, 3.1297948], [-76.3324621, 3.1298468], [-76.3323605, 3.1298882], [-76.3323392, 3.1301218], [-76.3323443, 3.1301872], [-76.3324365, 3.1302396], [-76.3328866, 3.1302335], [-76.3329786, 3.1300797], [-76.3331886, 3.1300265], [-76.3333519, 3.1301218], [-76.3333738, 3.1302953], [-76.3331728, 3.1305364], [-76.3331838, 3.1306081], [-76.3332185, 3.1306442], [-76.3333163, 3.1306648], [-76.333352, 3.1307177], [-76.3333733, 3.1308075], [-76.3333111, 3.1309175], [-76.3328662, 3.1307013], [-76.3325642, 3.130769], [-76.3322992, 3.1306485], [-76.3320687, 3.1306595], [-76.3319418, 3.1307755], [-76.3316273, 3.1309427], [-76.3314248, 3.1309502], [-76.3308903, 3.1310973], [-76.3303948, 3.1315069], [-76.3300533, 3.1318332], [-76.3297723, 3.1321458], [-76.329443, 3.1324402], [-76.3290985, 3.1325934], [-76.328668, 3.1325917], [-76.3281972, 3.1324719], [-76.327805, 3.1321666], [-76.3273789, 3.1321183], [-76.3269689, 3.1322399], [-76.3265916, 3.1324314], [-76.3263766, 3.1323849], [-76.3260986, 3.1321696], [-76.3258281, 3.1321353], [-76.3253038, 3.1322759], [-76.3248726, 3.132414], [-76.3247246, 3.1325152], [-76.3245433, 3.1328157], [-76.3242716, 3.1332929], [-76.3236792, 3.134058], [-76.3232404, 3.1344598], [-76.322919, 3.1329014]]]}}, {"type": "Feature", "properties": {"OBJECTID": 22, "SECTOR_SAP": "2127", "Shape_Leng": 5483.53292936, "Shape_Area": 898006.013636, "Sector": 2127, "Empresa": "Agricola Castilla", "Departamen": "Cauca", "Jefe_zona": "Edgar Gomez", "Tipo_predi": "B", "Nombre": "LA SERAFINA", "PIE_LOMA": "PLANO", "Supervisor": "Alexander Muñoz", "Municipio": "Pto Tejada", "EMPRESA_2": "Agricola Castilla", "zonas_abra": "Edgar Gomez"}, "geometry": {"type": "Polygon", "coordinates": [[[-76.4316915, 3.2455211], [-76.4320168, 3.2449445], [-76.4322387, 3.2445199], [-76.4327202, 3.2449165], [-76.4329926, 3.2450232], [-76.4334016, 3.2447952], [-76.4338411, 3.2442172], [-76.4342197, 3.2440044], [-76.4350686, 3.2444323], [-76.4352943, 3.2446899], [-76.4354151, 3.2451922], [-76.436172, 3.2454058], [-76.4363992, 3.2452842], [-76.4364519, 3.2447378], [-76.4374905, 3.2446042], [-76.4376952, 3.2446738], [-76.4381423, 3.2441337], [-76.4394522, 3.2445829], [-76.4396117, 3.2445663], [-76.4400259, 3.2441504], [-76.4384284, 3.2435765], [-76.4384681, 3.2434896], [-76.4388422, 3.2430528], [-76.4394706, 3.2430464], [-76.4404105, 3.2435454], [-76.4405434, 3.243359], [-76.4406097, 3.2432935], [-76.4411444, 3.2432734], [-76.44167, 3.2432295], [-76.4416664, 3.2432105], [-76.4417862, 3.2432198], [-76.4420902, 3.2433029], [-76.4422332, 3.243395], [-76.4416201, 3.2442965], [-76.4429071, 3.2453745], [-76.4416988, 3.2467802], [-76.441938, 3.2469314], [-76.4422819, 3.2473747], [-76.442466, 3.247415], [-76.4428455, 3.2473903], [-76.4431584, 3.247609], [-76.4433349, 3.2476091], [-76.4444271, 3.247312], [-76.4444623, 3.2473663], [-76.444606, 3.2476962], [-76.437813, 3.2501041], [-76.438103, 3.2506145], [-76.4353441, 3.2516325], [-76.4359212, 3.2532998], [-76.4348385, 3.2536857], [-76.4323525, 3.2505704], [-76.4300654, 3.2477199], [-76.4316915, 3.2455211]]]}}, {"type": "Feature", "properties": {"OBJECTID": 28, "SECTOR_SAP": "2104", "Shape_Leng": 4610.69674109, "Shape_Area": 301328.818536, "Sector": 2104, "Empresa": "Agricola Castilla", "Departamen": "Valle", "Jefe_zona": "Carlos Lucumi", "Tipo_predi": "A", "Nombre": "CHAMORRAS", "PIE_LOMA": "PLANO", "Supervisor": "", "Municipio": "Pradera", "EMPRESA_2": "Agricola Castilla", "zonas_abra": "Carlos Lucumi"}, "geometry": {"type": "Polygon", "coordinates": [[[-76.25676, 3.3866784], [-76.2565901, 3.3836614], [-76.2570388, 3.3835578], [-76.2573494, 3.383454], [-76.2576254, 3.383489], [-76.2581083, 3.3836975], [-76.2584843, 3.3838352], [-76.2585174, 3.3837158], [-76.2582851, 3.3836193], [-76.258596, 3.3818954], [-76.2595084, 3.3820704], [-76.2597076, 3.3816089], [-76.2600332, 3.3815518], [-76.2601363, 3.3814162], [-76.2601843, 3.3811237], [-76.2601973, 3.3809448], [-76.2602372, 3.3804554], [-76.2604484, 3.3797943], [-76.2604751, 3.3793314], [-76.2605806, 3.379067], [-76.2607447, 3.3786117], [-76.2609629, 3.3783135], [-76.2610677, 3.3781039], [-76.2611382, 3.3779628], [-76.2612528, 3.3778905], [-76.2619241, 3.3777521], [-76.2628174, 3.3775272], [-76.2626947, 3.3781943], [-76.2621487, 3.3813862], [-76.2622775, 3.3814547], [-76.2641723, 3.3818344], [-76.2637065, 3.3838972], [-76.2617253, 3.384339], [-76.2616234, 3.3843617], [-76.2620443, 3.3820188], [-76.2606184, 3.3816763], [-76.2604938, 3.3817672], [-76.2599596, 3.3843147], [-76.2585208, 3.3837172], [-76.2584878, 3.3838365], [-76.2575171, 3.388933], [-76.2562406, 3.3887585], [-76.2563445, 3.3882384], [-76.25676, 3.3866784]]]}}, {"type": "Feature", "properties": {"OBJECTID": 33, "SECTOR_SAP": "2118", "Shape_Leng": 6333.50958894, "Shape_Area": 849412.778832, "Sector": 2118, "Empresa": "Agricola Castilla", "Departamen": "Cauca", "Jefe_zona": "Edgar Benitez", "Tipo_predi": "B", "Nombre": "SAN GABRIEL", "PIE_LOMA": "PLANO", "Supervisor": "Hermilsun Fernandez", "Municipio": "Miranda", "EMPRESA_2": "Agricola Castilla", "zonas_abra": "Edgar Benitez"}, "geometry": {"type": "Polygon", "coordinates": [[[-76.3043557, 3.2430703], [-76.3051587, 3.2430914], [-76.3052193, 3.2412547], [-76.3052749, 3.2402565], [-76.3053248, 3.2394473], [-76.3096367, 3.2397014], [-76.3094482, 3.2433307], [-76.3122396, 3.2434974], [-76.312071, 3.247092], [-76.3063523, 3.2467336], [-76.3062544, 3.2482383], [-76.3076685, 3.2483223], [-76.307714, 3.2479668], [-76.3091661, 3.2480409], [-76.3091567, 3.2482782], [-76.3091267, 3.2486861], [-76.3091406, 3.2486871], [-76.3091375, 3.2487664], [-76.3105434, 3.2488584], [-76.3104945, 3.2495484], [-76.3090186, 3.2494435], [-76.3089909, 3.2498283], [-76.3075792, 3.2497494], [-76.3075251, 3.2505069], [-76.3075276, 3.250507], [-76.3075264, 3.250524], [-76.3088445, 3.250612], [-76.3087771, 3.2511438], [-76.3085799, 3.2510592], [-76.3084714, 3.251063], [-76.3082901, 3.2512793], [-76.3082589, 3.2513663], [-76.308553, 3.2515915], [-76.308551, 3.2517025], [-76.3083342, 3.2519859], [-76.3081264, 3.2519848], [-76.308067, 3.2520557], [-76.3081202, 3.2525345], [-76.3078355, 3.25255], [-76.3074913, 3.2526692], [-76.3074359, 3.2527454], [-76.3074566, 3.2528351], [-76.3073769, 3.2529584], [-76.307045, 3.2530138], [-76.3067296, 3.2530996], [-76.3066221, 3.2532204], [-76.3065154, 3.2534328], [-76.306406, 3.2535752], [-76.3061939, 3.2536337], [-76.3044683, 3.2536518], [-76.3045831, 3.2518195], [-76.3049131, 3.2466493], [-76.303448, 3.2465524], [-76.3035994, 3.2447238], [-76.3037376, 3.243054], [-76.3043557, 3.2430703]]]}}, {"type": "Feature", "properties": {"OBJECTID": 34, "SECTOR_SAP": "2118", "Shape_Leng": 2555.8371394, "Shape_Area": 239980.941985, "Sector": 2118, "Empresa": "Agricola Castilla", "Departamen": "Cauca", "Jefe_zona": "Edgar Benitez", "Tipo_predi": "B", "Nombre": "SAN GABRIEL", "PIE_LOMA": "PLANO", "Supervisor": "Hermilsun Fernandez", "Municipio": "Miranda", "EMPRESA_2": "Agricola Castilla", "zonas_abra": "Edgar Benitez"}, "geometry": {"type": "Polygon", "coordinates": [[[-76.3156038, 3.2364361], [-76.3156085, 3.2363541], [-76.3147084, 3.2362597], [-76.3141759, 3.2362039], [-76.3142562, 3.2348679], [-76.3149698, 3.2348531], [-76.3151, 3.2327091], [-76.3187349, 3.23292], [-76.3185279, 3.2365355], [-76.3171021, 3.2364272], [-76.3168797, 3.2400524], [-76.315399, 3.2399666], [-76.3156038, 3.2364361]]]}}, {"type": "Feature", "properties": {"OBJECTID": 35, "SECTOR_SAP": "2118", "Shape_Leng": 5722.85852847, "Shape_Area": 553622.448545, "Sector": 2118, "Empresa": "Agricola Castilla", "Departamen": "Cauca", "Jefe_zona": "Edgar Benitez", "Tipo_predi": "B", "Nombre": "SAN GABRIEL", "PIE_LOMA": "PLANO", "Supervisor": "Hermilsun Fernandez", "Municipio": "Miranda", "EMPRESA_2": "Agricola Castilla", "zonas_abra": "Edgar Benitez"}, "geometry": {"type": "Polygon", "coordinates": [[[-76.2979045, 3.242591], [-76.2981185, 3.2389774], [-76.2982339, 3.2389447], [-76.2995237, 3.2390338], [-76.2995269, 3.2389309], [-76.2967089, 3.2387956], [-76.2967103, 3.2387856], [-76.2969197, 3.2351847], [-76.2940595, 3.2350151], [-76.2939432, 3.2366645], [-76.2938938, 3.236834], [-76.2938939, 3.236834], [-76.2938117, 3.2386514], [-76.2923844, 3.2385691], [-76.2924081, 3.2379512], [-76.2924325, 3.237315], [-76.2924474, 3.2369252], [-76.2924699, 3.2363337], [-76.292506, 3.2352189], [-76.2930195, 3.2352317], [-76.2931687, 3.2351733], [-76.2932545, 3.2350536], [-76.293426, 3.2349614], [-76.2934375, 3.2348958], [-76.2934389, 3.2345449], [-76.2934398, 3.2343238], [-76.2934665, 3.2342277], [-76.2935097, 3.2341949], [-76.2936652, 3.2340481], [-76.2936919, 3.233931], [-76.2936259, 3.2337968], [-76.293667, 3.2336809], [-76.2937362, 3.2335674], [-76.2938194, 3.2335971], [-76.2940154, 3.2335717], [-76.2941632, 3.2335245], [-76.2943883, 3.2333791], [-76.2945281, 3.2332134], [-76.2946585, 3.2328763], [-76.2946723, 3.2327639], [-76.2946476, 3.2326503], [-76.2945042, 3.232446], [-76.2944469, 3.2323142], [-76.2943521, 3.2320963], [-76.2943234, 3.2319691], [-76.2943441, 3.2317535], [-76.2944473, 3.2316997], [-76.2946811, 3.2316017], [-76.2949586, 3.2314855], [-76.295194, 3.2315006], [-76.2954128, 3.2315147], [-76.2971056, 3.2316238], [-76.2970497, 3.2326476], [-76.2982749, 3.2327915], [-76.2984821, 3.2328158], [-76.2983406, 3.2353001], [-76.2997682, 3.2353889], [-76.2995493, 3.238932], [-76.299529, 3.238931], [-76.2995239, 3.2390338], [-76.3023876, 3.2392316], [-76.3022398, 3.2428501], [-76.2979045, 3.242591]]]}}, {"type": "Feature", "properties": {"OBJECTID": 36, "SECTOR_SAP": "2118", "Shape_Leng": 715.619964356, "Shape_Area": 31580.8745989, "Sector": 2118, "Empresa": "Agricola Castilla", "Departamen": "Cauca", "Jefe_zona": "Edgar Benitez", "Tipo_predi": "B", "Nombre": "SAN GABRIEL", "PIE_LOMA": "PLANO", "Supervisor": "Hermilsun Fernandez", "Municipio": "Miranda", "EMPRESA_2": "Agricola Castilla", "zonas_abra": "Edgar Benitez"}, "geometry": {"type": "Polygon", "coordinates": [[[-76.2865227, 3.2409451], [-76.2865721, 3.2401364], [-76.2879946, 3.2402216], [-76.287882, 3.2420348], [-76.2864628, 3.2419244], [-76.2865227, 3.2409451]]]}}, {"type": "Feature", "properties": {"OBJECTID": 40, "SECTOR_SAP": "2110", "Shape_Leng": 11591.8434678, "Shape_Area": 3507130.72365, "Sector": 2110, "Empresa": "Agricola Castilla", "Departamen": "Valle", "Jefe_zona": "Edgar Benitez", "Tipo_predi": "A", "Nombre": "CALANDA", "PIE_LOMA": "PLANO", "Supervisor": "Alvaro Latorre", "Municipio": "Florida", "EMPRESA_2": "Agricola Castilla", "zonas_abra": "Edgar Benitez"}, "geometry": {"type": "Polygon", "coordinates": [[[-76.2887303, 3.3101951], [-76.2889418, 3.3103932], [-76.2891496, 3.3106308], [-76.2891655, 3.3106197], [-76.2891924, 3.3106542], [-76.2894448, 3.3104879], [-76.2895576, 3.3104324], [-76.2899459, 3.310338], [-76.2900465, 3.3103568], [-76.2901321, 3.3104467], [-76.290214, 3.3105329], [-76.2902997, 3.3106042], [-76.2903704, 3.3106567], [-76.2903964, 3.3108177], [-76.2903937, 3.3111356], [-76.2903275, 3.3112904], [-76.2899693, 3.3117825], [-76.2902445, 3.3118713], [-76.290535, 3.3119462], [-76.2909433, 3.3121222], [-76.2916362, 3.312389], [-76.2917407, 3.3124239], [-76.2918427, 3.3124013], [-76.2920327, 3.3122835], [-76.292204, 3.3122975], [-76.2924912, 3.3123431], [-76.2929003, 3.3124462], [-76.2934245, 3.3125783], [-76.2937084, 3.3126499], [-76.294536, 3.3128585], [-76.2945711, 3.3128374], [-76.2946337, 3.3127128], [-76.2946492, 3.3126355], [-76.2948557, 3.311916], [-76.2945935, 3.3118978], [-76.29414, 3.3118702], [-76.2940133, 3.3117748], [-76.2941085, 3.3112444], [-76.2941868, 3.3109155], [-76.2942598, 3.310623], [-76.2943063, 3.310473], [-76.2945253, 3.310153], [-76.2946271, 3.3100052], [-76.2947244, 3.3098737], [-76.2949154, 3.3099196], [-76.2952155, 3.3100387], [-76.2952608, 3.3102307], [-76.2952192, 3.3104063], [-76.2951157, 3.3108822], [-76.2951367, 3.3109107], [-76.2954424, 3.3109806], [-76.2960131, 3.311112], [-76.2961424, 3.3103915], [-76.2961974, 3.3102679], [-76.2964229, 3.3102839], [-76.2965234, 3.3103058], [-76.2966376, 3.3103256], [-76.2968562, 3.3103722], [-76.297197, 3.3104316], [-76.2971325, 3.3109948], [-76.2970633, 3.3115986], [-76.2969667, 3.3119362], [-76.2968712, 3.3123296], [-76.2968242, 3.3126119], [-76.2969246, 3.3126492], [-76.2969933, 3.3126811], [-76.2972047, 3.3127397], [-76.2972099, 3.3128619], [-76.2971569, 3.3129521], [-76.2970934, 3.3130371], [-76.297011, 3.3131785], [-76.2968901, 3.3133014], [-76.2967967, 3.3135345], [-76.2967055, 3.3136263], [-76.2966727, 3.3138813], [-76.2960422, 3.3179013], [-76.295359, 3.3220265], [-76.2946741, 3.3261984], [-76.2941088, 3.3288486], [-76.2940867, 3.3290702], [-76.2939004, 3.3290494], [-76.2937909, 3.3291833], [-76.29367, 3.3293312], [-76.2934213, 3.3293968], [-76.2933074, 3.3295491], [-76.2931526, 3.3298903], [-76.2931885, 3.3299548], [-76.2932538, 3.3299865], [-76.2932595, 3.3300767], [-76.2932508, 3.3301669], [-76.2932015, 3.3302047], [-76.2931639, 3.3302105], [-76.2930227, 3.33007], [-76.292886, 3.3300938], [-76.2928242, 3.3301527], [-76.2928069, 3.3302012], [-76.2927927, 3.3302411], [-76.2927613, 3.3303294], [-76.2926831, 3.3303439], [-76.2926396, 3.3303381], [-76.2925933, 3.3303177], [-76.2925818, 3.3302682], [-76.292663, 3.3300878], [-76.292676, 3.3300123], [-76.292653, 3.3299487], [-76.292634, 3.3298963], [-76.292525, 3.3298819], [-76.2923996, 3.329913], [-76.2922722, 3.3299041], [-76.2921536, 3.3298575], [-76.2920667, 3.3298079], [-76.292003, 3.3298253], [-76.2919132, 3.3298311], [-76.2918611, 3.3297903], [-76.2918091, 3.3297408], [-76.2917164, 3.3297029], [-76.2915988, 3.3296345], [-76.2915355, 3.3295872], [-76.291433, 3.3295106], [-76.29132, 3.3293882], [-76.2913055, 3.3293416], [-76.2913577, 3.32933], [-76.2914875, 3.3293523], [-76.2915748, 3.3293419], [-76.2916444, 3.3293186], [-76.2916811, 3.3292826], [-76.2916455, 3.329206], [-76.2916249, 3.3291618], [-76.291544, 3.3291322], [-76.291445, 3.329096], [-76.2913696, 3.3290684], [-76.2913229, 3.3290613], [-76.291271, 3.3290535], [-76.2912566, 3.3289982], [-76.2912654, 3.3289196], [-76.2912538, 3.3288381], [-76.2911939, 3.3287755], [-76.2911294, 3.3287623], [-76.2910706, 3.3287754], [-76.290999, 3.3288321], [-76.2909179, 3.3288582], [-76.290881, 3.3288029], [-76.2908791, 3.3287359], [-76.2908775, 3.3286777], [-76.2909153, 3.3285148], [-76.2908849, 3.3284799], [-76.2908292, 3.3283988], [-76.2898538, 3.3279786], [-76.2894908, 3.3278838], [-76.2892969, 3.3279094], [-76.2887994, 3.3278064], [-76.2886273, 3.3277686], [-76.2884416, 3.3276932], [-76.2878859, 3.3275645], [-76.28732, 3.3273168], [-76.2857104, 3.3266716], [-76.2839843, 3.3315506], [-76.2839563, 3.3316673], [-76.2832599, 3.3305521], [-76.2831432, 3.3304311], [-76.2830601, 3.3302964], [-76.2828487, 3.3302231], [-76.2826623, 3.3301286], [-76.2824241, 3.3300511], [-76.2821341, 3.3299506], [-76.2819065, 3.3298418], [-76.2816398, 3.3296699], [-76.281426, 3.3294463], [-76.2813523, 3.3293538], [-76.2812615, 3.3288311], [-76.2811972, 3.3286817], [-76.2810427, 3.3284245], [-76.2808886, 3.3283279], [-76.2807586, 3.3283876], [-76.2806292, 3.3284769], [-76.279469, 3.3291902], [-76.2794134, 3.3292161], [-76.2793468, 3.3292554], [-76.2788123, 3.3289574], [-76.2783449, 3.3287581], [-76.2752856, 3.3277336], [-76.27363, 3.3271838], [-76.2737978, 3.3264888], [-76.2740537, 3.3253439], [-76.2736025, 3.3251699], [-76.273422, 3.325115], [-76.2732153, 3.3250725], [-76.2724294, 3.3249584], [-76.273027, 3.3225389], [-76.2745047, 3.3227117], [-76.2746851, 3.3224701], [-76.2748132, 3.3220822], [-76.2748591, 3.3220389], [-76.2748996, 3.3220298], [-76.2751094, 3.3220793], [-76.2752533, 3.3220773], [-76.275356, 3.3220286], [-76.2754283, 3.3219382], [-76.2755912, 3.321967], [-76.2758241, 3.3220482], [-76.2779706, 3.32259], [-76.2785099, 3.3205888], [-76.2785572, 3.3205068], [-76.278743, 3.3203747], [-76.2788738, 3.3203889], [-76.2790658, 3.3204543], [-76.279252, 3.3205172], [-76.2793801, 3.3204643], [-76.279469, 3.3204259], [-76.2796834, 3.3201735], [-76.2798595, 3.3202027], [-76.280236, 3.3202027], [-76.2804606, 3.3202929], [-76.2806598, 3.3205868], [-76.2807834, 3.3206535], [-76.2811314, 3.3207756], [-76.2814783, 3.3207859], [-76.2816419, 3.3206057], [-76.2818113, 3.3204868], [-76.2820047, 3.3205639], [-76.2817922, 3.3209336], [-76.2816398, 3.3215273], [-76.2818193, 3.3219872], [-76.2819695, 3.3221037], [-76.2824284, 3.3221301], [-76.2823569, 3.3223352], [-76.2824639, 3.3226743], [-76.2826826, 3.3226447], [-76.2830339, 3.3223171], [-76.2831842, 3.3219422], [-76.2833276, 3.321502], [-76.2829799, 3.3211867], [-76.2830888, 3.3208885], [-76.2831188, 3.3208173], [-76.2830625, 3.3207124], [-76.282915, 3.3205224], [-76.2829116, 3.3203613], [-76.283165, 3.3203029], [-76.2833815, 3.3200495], [-76.2834849, 3.3198956], [-76.2826603, 3.3193958], [-76.2821095, 3.3190527], [-76.2822553, 3.318707], [-76.2830944, 3.3168692], [-76.2841636, 3.3143264], [-76.2843462, 3.3138883], [-76.2845672, 3.313344], [-76.2853639, 3.3113168], [-76.286071, 3.3094835], [-76.2862531, 3.3095675], [-76.2865675, 3.3096358], [-76.2867566, 3.3096282], [-76.2869961, 3.3095882], [-76.2872046, 3.3096464], [-76.2873288, 3.3096896], [-76.2876698, 3.3097863], [-76.2880206, 3.3098833], [-76.288466, 3.3100539], [-76.2887181, 3.3101874], [-76.2887303, 3.3101951]]]}}, {"type": "Feature", "properties": {"OBJECTID": 41, "SECTOR_SAP": "2110", "Shape_Leng": 3956.23079702, "Shape_Area": 313844.948408, "Sector": 2110, "Empresa": "Agricola Castilla", "Departamen": "Valle", "Jefe_zona": "Edgar Benitez", "Tipo_predi": "A", "Nombre": "CALANDA", "PIE_LOMA": "PLANO", "Supervisor": "Alvaro Latorre", "Municipio": "Florida", "EMPRESA_2": "Agricola Castilla", "zonas_abra": "Edgar Benitez"}, "geometry": {"type": "Polygon", "coordinates": [[[-76.2832644, 3.3038341], [-76.2835018, 3.3037896], [-76.2836583, 3.3037991], [-76.2836688, 3.3037572], [-76.2835158, 3.3037488], [-76.282642, 3.3038639], [-76.2824724, 3.3038549], [-76.2825406, 3.3038194], [-76.2840909, 3.301588], [-76.2840475, 3.3015364], [-76.2828664, 3.3010554], [-76.2825899, 3.3009162], [-76.282379, 3.3008209], [-76.2821534, 3.3007476], [-76.281957, 3.3007182], [-76.2818332, 3.3007108], [-76.281775, 3.3006961], [-76.281695, 3.3006375], [-76.2819928, 3.3002047], [-76.282021, 3.3001192], [-76.2820376, 3.3000234], [-76.2819063, 3.2999034], [-76.2818122, 3.2998184], [-76.2817467, 3.2997745], [-76.2817192, 3.299709], [-76.2818691, 3.2994247], [-76.2820423, 3.2991456], [-76.2824713, 3.2985381], [-76.2826925, 3.2980111], [-76.2830824, 3.2981991], [-76.2833161, 3.2983258], [-76.2836515, 3.2985591], [-76.284077, 3.2989446], [-76.284254, 3.2991716], [-76.2844397, 3.2995108], [-76.2847297, 3.2999242], [-76.2849359, 3.3002479], [-76.2850691, 3.3004078], [-76.2851474, 3.3005666], [-76.2851231, 3.3012012], [-76.2850394, 3.3015929], [-76.2849442, 3.3019361], [-76.2849719, 3.3021508], [-76.2849982, 3.3022419], [-76.2850378, 3.3022913], [-76.2852352, 3.3023589], [-76.2857419, 3.302423], [-76.2860362, 3.3024494], [-76.2862188, 3.3024833], [-76.2862096, 3.3026142], [-76.2861641, 3.3030349], [-76.2862015, 3.3033001], [-76.2862928, 3.3039025], [-76.2859078, 3.3039022], [-76.2851448, 3.3038462], [-76.2841411, 3.3037832], [-76.2836692, 3.3037572], [-76.2836598, 3.3037992], [-76.2852479, 3.3038959], [-76.2861003, 3.3039369], [-76.2859086, 3.3043474], [-76.2855304, 3.3051122], [-76.2852525, 3.3055069], [-76.2851326, 3.3057037], [-76.2850563, 3.3058677], [-76.2849799, 3.3061356], [-76.2848764, 3.3062176], [-76.2845825, 3.3062501], [-76.2841018, 3.3077501], [-76.2837234, 3.3076884], [-76.2830804, 3.3075938], [-76.2829907, 3.3075313], [-76.282971, 3.3070169], [-76.2829368, 3.3069458], [-76.2826862, 3.3068574], [-76.2823114, 3.3067445], [-76.2820077, 3.3065947], [-76.281697, 3.3064098], [-76.2813815, 3.3062329], [-76.2812287, 3.3061505], [-76.2809244, 3.3060073], [-76.2810134, 3.3059232], [-76.2810052, 3.3057388], [-76.2809576, 3.3055674], [-76.2809386, 3.3054431], [-76.2807149, 3.3052513], [-76.2808145, 3.3052122], [-76.2808361, 3.3051625], [-76.2816545, 3.304532], [-76.282223, 3.3041035], [-76.2823847, 3.30398], [-76.2824796, 3.3039616], [-76.2826605, 3.303922], [-76.2832644, 3.3038341]]]}}, {"type": "Feature", "properties": {"OBJECTID": 43, "SECTOR_SAP": "2122", "Shape_Leng": 2145.35905774, "Shape_Area": 82719.415611, "Sector": 2122, "Empresa": "Agricola Castilla", "Departamen": "Cauca", "Jefe_zona": "Edgar Gomez", "Tipo_predi": "C", "Nombre": "CHONTAL", "PIE_LOMA": "PLANO", "Supervisor": "Alexander Muñoz", "Municipio": "Pto Tejada", "EMPRESA_2": "Agricola Castilla", "zonas_abra": "Edgar Gomez"}, "geometry": {"type": "Polygon", "coordinates": [[[-76.3727318, 3.2497896], [-76.3702145, 3.2460176], [-76.3701581, 3.245863], [-76.3702311, 3.2456778], [-76.3703459, 3.2453697], [-76.3705089, 3.2450474], [-76.370599, 3.2450237], [-76.3706925, 3.2451306], [-76.3708295, 3.2452758], [-76.3710528, 3.2458272], [-76.3713288, 3.2462566], [-76.373381, 3.2494555], [-76.3736265, 3.2493252], [-76.373745, 3.249354], [-76.373931, 3.2494165], [-76.3739943, 3.2495866], [-76.3742179, 3.2496955], [-76.3738134, 3.2503118], [-76.3737411, 3.2504713], [-76.375273, 3.2515158], [-76.37459, 3.2525957], [-76.3727318, 3.2497896]]]}}, {"type": "Feature", "properties": {"OBJECTID": 44, "SECTOR_SAP": "2140", "Shape_Leng": 1009.78474625, "Shape_Area": 33551.8357083, "Sector": 2140, "Empresa": "Agricola Castilla", "Departamen": "Cauca", "Jefe_zona": "Edgar Gomez", "Tipo_predi": "C", "Nombre": "LA TOCHA", "PIE_LOMA": "PLANO", "Supervisor": "Alexander Muñoz", "Municipio": "Pto Tejada", "EMPRESA_2": "Agricola Castilla", "zonas_abra": "Edgar Gomez"}, "geometry": {"type": "Polygon", "coordinates": [[[-76.3781719, 3.2496731], [-76.378287, 3.249619], [-76.378512, 3.2496391], [-76.3785598, 3.2496086], [-76.3785408, 3.2494971], [-76.3784153, 3.2492553], [-76.3781881, 3.2491513], [-76.3773863, 3.2486368], [-76.3778985, 3.2479149], [-76.3789586, 3.2487651], [-76.3799428, 3.249496], [-76.3780107, 3.2507123], [-76.3778572, 3.2506479], [-76.3781459, 3.25019], [-76.3779965, 3.250008], [-76.3779992, 3.2499042], [-76.3780473, 3.2497551], [-76.3781719, 3.2496731]]]}}, {"type": "Feature", "properties": {"OBJECTID": 49, "SECTOR_SAP": "2112", "Shape_Leng": 8328.5339188, "Shape_Area": 1380109.68327, "Sector": 2112, "Empresa": "Agricola Castilla", "Departamen": "Valle", "Jefe_zona": "Edgar Benitez", "Tipo_predi": "A", "Nombre": "NILO", "PIE_LOMA": "PLANO", "Supervisor": "Alvaro Latorre", "Municipio": "Florida", "EMPRESA_2": "Agricola Castilla", "zonas_abra": "Edgar Benitez"}, "geometry": {"type": "Polygon", "coordinates": [[[-76.3050528, 3.3116776], [-76.305081, 3.3115909], [-76.3051129, 3.3114924], [-76.3051348, 3.3111055], [-76.3052637, 3.3105717], [-76.3052824, 3.3103289], [-76.3052533, 3.3103302], [-76.3051992, 3.3103325], [-76.305058, 3.3103386], [-76.3046666, 3.3103994], [-76.3040934, 3.3104951], [-76.3038148, 3.3105465], [-76.3037196, 3.310564], [-76.3036098, 3.3106067], [-76.303584, 3.3106122], [-76.3030294, 3.3105653], [-76.3023607, 3.3105175], [-76.3018482, 3.3104907], [-76.3010083, 3.310409], [-76.3003993, 3.3103462], [-76.3001145, 3.3102951], [-76.2992723, 3.3100397], [-76.2991292, 3.3099942], [-76.2984327, 3.3099866], [-76.298229, 3.3100279], [-76.2981736, 3.310065], [-76.298035, 3.3101508], [-76.2977476, 3.3103911], [-76.2976641, 3.3104663], [-76.2973454, 3.3104503], [-76.2971992, 3.3104449], [-76.297079, 3.3104133], [-76.2969746, 3.3103974], [-76.2966037, 3.3103184], [-76.2964102, 3.3102882], [-76.2961974, 3.3102679], [-76.2962803, 3.3099324], [-76.2962247, 3.309419], [-76.296259, 3.3081021], [-76.2962577, 3.3050631], [-76.2955532, 3.3046239], [-76.2952734, 3.3043935], [-76.2952204, 3.3040189], [-76.2952838, 3.3037162], [-76.2953622, 3.3037426], [-76.2954805, 3.3037496], [-76.2959781, 3.3037845], [-76.296421, 3.3037495], [-76.2967092, 3.3038063], [-76.2972434, 3.3038138], [-76.2975187, 3.303795], [-76.2980501, 3.3037954], [-76.2985369, 3.303822], [-76.2989868, 3.3038506], [-76.2995375, 3.3039194], [-76.2995518, 3.3039239], [-76.2995626, 3.3039366], [-76.2995707, 3.3039554], [-76.2995772, 3.3039537], [-76.299621, 3.3040052], [-76.2992921, 3.3073786], [-76.2993269, 3.3073823], [-76.2993265, 3.3073873], [-76.3058778, 3.3080874], [-76.3061047, 3.3078805], [-76.3062095, 3.3066492], [-76.3066643, 3.3024893], [-76.3067393, 3.3018165], [-76.307253, 3.302033], [-76.3080066, 3.302224], [-76.3085274, 3.3023672], [-76.3090403, 3.3025501], [-76.309131, 3.3026136], [-76.30939, 3.3028135], [-76.3094585, 3.3030503], [-76.3097085, 3.3033415], [-76.3098445, 3.3035542], [-76.3099273, 3.3036217], [-76.310089, 3.3037051], [-76.3103795, 3.3037974], [-76.3104875, 3.3038165], [-76.310596, 3.3038547], [-76.3107518, 3.3039674], [-76.3109333, 3.3040231], [-76.3111132, 3.304058], [-76.3114358, 3.3041142], [-76.3116857, 3.3041577], [-76.3120618, 3.3041867], [-76.3122591, 3.3041432], [-76.3126382, 3.3038579], [-76.3129579, 3.3037313], [-76.3134276, 3.3036256], [-76.3136091, 3.3036455], [-76.3139526, 3.3036852], [-76.3142758, 3.3039148], [-76.3144691, 3.3039784], [-76.3149624, 3.3040661], [-76.3153732, 3.3041154], [-76.3155842, 3.3041255], [-76.3157319, 3.3040786], [-76.3159475, 3.3038693], [-76.315992, 3.3034228], [-76.3160755, 3.3034059], [-76.316257, 3.3034109], [-76.3164248, 3.3032859], [-76.3166154, 3.3031992], [-76.3167094, 3.3032833], [-76.3167617, 3.3032716], [-76.3170987, 3.3030122], [-76.3172296, 3.3028313], [-76.3174272, 3.3026389], [-76.3175811, 3.3025806], [-76.3178484, 3.3024454], [-76.3178768, 3.3031838], [-76.3178188, 3.3041773], [-76.3174142, 3.304272], [-76.3156401, 3.304881], [-76.3147688, 3.3052294], [-76.3139724, 3.3063517], [-76.3122238, 3.3091824], [-76.3111114, 3.3109162], [-76.3093519, 3.3136365], [-76.3089049, 3.3143898], [-76.3087574, 3.3146235], [-76.3085019, 3.3145564], [-76.3076729, 3.3141685], [-76.307242, 3.3139515], [-76.3071506, 3.3139121], [-76.3070785, 3.3139424], [-76.3067685, 3.3141897], [-76.3063678, 3.3143168], [-76.3062242, 3.314337], [-76.3059478, 3.3143121], [-76.3057443, 3.314315], [-76.3056243, 3.314298], [-76.3055761, 3.3142647], [-76.3055396, 3.3142078], [-76.3055386, 3.3141806], [-76.3055631, 3.3141192], [-76.3055846, 3.3140989], [-76.3056843, 3.3140419], [-76.3057827, 3.3140066], [-76.3061608, 3.3139004], [-76.3063736, 3.3137746], [-76.3064809, 3.3136803], [-76.3064743, 3.3135192], [-76.306365, 3.3132459], [-76.3062121, 3.3130653], [-76.3058535, 3.312363], [-76.3056409, 3.3121556], [-76.3053683, 3.3119415], [-76.3049669, 3.3117707], [-76.3050528, 3.3116776]]]}}, {"type": "Feature", "properties": {"OBJECTID": 51, "SECTOR_SAP": "2136", "Shape_Leng": 3173.47118705, "Shape_Area": 424545.533883, "Sector": 2136, "Empresa": "Agricola Castilla", "Departamen": "Valle", "Jefe_zona": "Carlos Lucumi", "Tipo_predi": "A", "Nombre": "PARRAGA P.", "PIE_LOMA": "PLANO", "Supervisor": "Edwin J. Villacorte", "Municipio": "Pradera", "EMPRESA_2": "Agricola Castilla", "zonas_abra": "Carlos Lucumi"}, "geometry": {"type": "Polygon", "coordinates": [[[-76.2722752, 3.3576314], [-76.2728546, 3.3551616], [-76.272861, 3.3551483], [-76.2728622, 3.3551471], [-76.2727408, 3.3551369], [-76.2727258, 3.355134], [-76.2727121, 3.3551322], [-76.2700429, 3.354636], [-76.2699803, 3.35462], [-76.2699416, 3.3546189], [-76.2699085, 3.3546373], [-76.2698946, 3.3545749], [-76.2698902, 3.3545502], [-76.2698774, 3.3545391], [-76.2698549, 3.3545195], [-76.2696736, 3.3543619], [-76.2695742, 3.3542761], [-76.269516, 3.3542249], [-76.2694407, 3.3541595], [-76.2693953, 3.3541199], [-76.2693266, 3.3540602], [-76.2692091, 3.3539581], [-76.2693829, 3.3539563], [-76.2696548, 3.3535824], [-76.2696901, 3.3533702], [-76.2697535, 3.3530107], [-76.2698883, 3.3527067], [-76.2702636, 3.3527292], [-76.2705012, 3.3526435], [-76.2706744, 3.352415], [-76.270813, 3.352458], [-76.2709303, 3.3524956], [-76.2710742, 3.3525279], [-76.27141, 3.3527211], [-76.2715538, 3.3529302], [-76.2717456, 3.3531448], [-76.2718894, 3.3533003], [-76.2720066, 3.3534505], [-76.2721186, 3.3534881], [-76.2721826, 3.3534989], [-76.2722092, 3.353515], [-76.2722626, 3.3534936], [-76.2723053, 3.3534454], [-76.2723533, 3.3533918], [-76.272412, 3.3533169], [-76.272476, 3.3532794], [-76.2725294, 3.3532044], [-76.2726735, 3.3530866], [-76.2728656, 3.3530064], [-76.2730016, 3.3529738], [-76.2730147, 3.3529696], [-76.2731003, 3.3529155], [-76.273223, 3.3528567], [-76.2732923, 3.3528728], [-76.2735375, 3.352932], [-76.2739373, 3.3531199], [-76.2744277, 3.3533508], [-76.2749982, 3.3534906], [-76.2751315, 3.3534425], [-76.2752648, 3.3535176], [-76.2754727, 3.3536143], [-76.2757233, 3.3536359], [-76.2758353, 3.3536521], [-76.2760432, 3.3536576], [-76.2761498, 3.3537435], [-76.2762351, 3.3538186], [-76.276299, 3.353883], [-76.2763683, 3.3539152], [-76.2764376, 3.3539635], [-76.2765175, 3.3540118], [-76.2765761, 3.3540547], [-76.2766401, 3.3540494], [-76.2767628, 3.3540763], [-76.2768641, 3.3540764], [-76.2769441, 3.3540818], [-76.277008, 3.3540979], [-76.2770934, 3.3540873], [-76.2771947, 3.3541249], [-76.2772746, 3.3542], [-76.2773225, 3.3542697], [-76.2774185, 3.354318], [-76.2774397, 3.3543824], [-76.2774663, 3.3544896], [-76.2774929, 3.3546021], [-76.2775247, 3.3548112], [-76.277546, 3.3548916], [-76.2776205, 3.3549881], [-76.2777004, 3.3551061], [-76.2777484, 3.3551651], [-76.2778469, 3.3551669], [-76.2777514, 3.3555058], [-76.2777005, 3.3557405], [-76.2772846, 3.3574386], [-76.2767227, 3.3597784], [-76.2739225, 3.3592112], [-76.2720245, 3.3588495], [-76.2722752, 3.3576314]]]}}, {"type": "Feature", "properties": {"OBJECTID": 52, "SECTOR_SAP": "2696", "Shape_Leng": 9004.85722246, "Shape_Area": 2256877.20022, "Sector": 2696, "Empresa": "Agricola Castilla", "Departamen": "Cauca", "Jefe_zona": "Edgar Benitez", "Tipo_predi": "B", "Nombre": "LAS CAÑAS", "PIE_LOMA": "PIE LOMA", "Supervisor": "Milton Mejia", "Municipio": "Miranda", "EMPRESA_2": "Agricola Castilla", "zonas_abra": "Edgar Benitez"}, "geometry": {"type": "Polygon", "coordinates": [[[-76.237791, 3.237484], [-76.237897, 3.2374195], [-76.2379488, 3.2373899], [-76.2381298, 3.2373015], [-76.2383771, 3.2373065], [-76.2386047, 3.2373321], [-76.2386678, 3.2374868], [-76.2389097, 3.2379222], [-76.2390108, 3.2377146], [-76.2401976, 3.2343736], [-76.2403631, 3.2339123], [-76.2464572, 3.2346766], [-76.2490093, 3.2349985], [-76.2511449, 3.2310941], [-76.2524075, 3.2311538], [-76.2527947, 3.2312027], [-76.2531697, 3.2312361], [-76.2532926, 3.2313085], [-76.2533417, 3.2318696], [-76.2555249, 3.2325439], [-76.2561834, 3.2316027], [-76.2569561, 3.2321792], [-76.2574399, 3.2323742], [-76.2580692, 3.2322288], [-76.258747, 3.2320348], [-76.2586015, 3.2323752], [-76.2555487, 3.2366535], [-76.2551373, 3.2372672], [-76.2584842, 3.2399674], [-76.2585195, 3.2401531], [-76.2580567, 3.2469686], [-76.2537484, 3.2467071], [-76.2534591, 3.2464782], [-76.2536562, 3.2424407], [-76.2493797, 3.2421142], [-76.2492519, 3.2424369], [-76.2491044, 3.2425913], [-76.2488473, 3.2425875], [-76.2487223, 3.2425694], [-76.2485704, 3.2426361], [-76.2484755, 3.2431004], [-76.2482359, 3.2431372], [-76.2474294, 3.2430504], [-76.2471513, 3.2429529], [-76.2462514, 3.2435711], [-76.2461567, 3.2434267], [-76.2461692, 3.2432893], [-76.2462192, 3.2430546], [-76.2461213, 3.2428615], [-76.2459894, 3.2426282], [-76.2458648, 3.2422225], [-76.2455365, 3.2420249], [-76.2452632, 3.2419414], [-76.2449557, 3.2421188], [-76.2446819, 3.2425342], [-76.2443253, 3.2427409], [-76.2441229, 3.2428532], [-76.2439086, 3.242932], [-76.2436371, 3.2430644], [-76.2420337, 3.2443389], [-76.2416106, 3.244003], [-76.242549, 3.243128], [-76.2425851, 3.2427871], [-76.2425481, 3.2423971], [-76.2424621, 3.2419761], [-76.2425771, 3.2417752], [-76.2424915, 3.2414506], [-76.2421163, 3.2414225], [-76.2416227, 3.2416621], [-76.2414892, 3.2418079], [-76.2413766, 3.2418957], [-76.2412655, 3.2418579], [-76.2407965, 3.241436], [-76.2407499, 3.2412951], [-76.2408576, 3.2412348], [-76.2409522, 3.2410897], [-76.2403787, 3.2406462], [-76.2399586, 3.2401262], [-76.2398435, 3.2400396], [-76.2396493, 3.2399832], [-76.2395923, 3.2397953], [-76.2392222, 3.2396486], [-76.2390883, 3.2392387], [-76.2389695, 3.2392202], [-76.2387884, 3.2392035], [-76.2385145, 3.2392073], [-76.2382885, 3.2392207], [-76.2381009, 3.2392319], [-76.2379871, 3.2391094], [-76.2377734, 3.2388485], [-76.2375737, 3.2386724], [-76.2373996, 3.2386073], [-76.237149, 3.2384496], [-76.2370721, 3.2383607], [-76.2371088, 3.2381917], [-76.2372568, 3.2379488], [-76.2373824, 3.2378229], [-76.2376033, 3.2376059], [-76.237791, 3.237484]]]}}, {"type": "Feature", "properties": {"OBJECTID": 54, "SECTOR_SAP": "2114", "Shape_Leng": 6216.26625491, "Shape_Area": 1006498.56907, "Sector": 2114, "Empresa": "Agricola Castilla", "Departamen": "Cauca", "Jefe_zona": "Edgar Benitez", "Tipo_predi": "B", "Nombre": "BOTERO", "PIE_LOMA": "PIE LOMA", "Supervisor": "Milton Mejia", "Municipio": "Miranda", "EMPRESA_2": "Agricola Castilla", "zonas_abra": "Edgar Benitez"}, "geometry": {"type": "Polygon", "coordinates": [[[-76.2392521, 3.2719759], [-76.2394879, 3.2722206], [-76.2397977, 3.2723921], [-76.2400502, 3.2724434], [-76.2417012, 3.2725797], [-76.2418385, 3.271673], [-76.2419228, 3.2715187], [-76.2419849, 3.2714451], [-76.2420189, 3.2712934], [-76.2419056, 3.2712363], [-76.2419059, 3.2712363], [-76.2420406, 3.2688868], [-76.2468672, 3.2690431], [-76.2471202, 3.2691821], [-76.2472812, 3.2692632], [-76.2474649, 3.2696565], [-76.2475797, 3.2698763], [-76.2479019, 3.2698419], [-76.2479825, 3.2696801], [-76.2480287, 3.2695182], [-76.2482758, 3.2695231], [-76.2487519, 3.2693561], [-76.2488566, 3.2693992], [-76.2489992, 3.2695811], [-76.2491324, 3.2696099], [-76.2492134, 3.2695669], [-76.2493421, 3.2693279], [-76.249423, 3.2692992], [-76.2495658, 3.2693424], [-76.2498132, 3.2694814], [-76.2500021, 3.2694367], [-76.2501468, 3.2693184], [-76.2502887, 3.2692024], [-76.2503798, 3.2691279], [-76.2504655, 3.2691088], [-76.2506035, 3.2691759], [-76.25077, 3.2692813], [-76.2508746, 3.2693149], [-76.251008, 3.2692289], [-76.2510327, 3.2690966], [-76.251033, 3.2688459], [-76.2511896, 3.2685954], [-76.2513122, 3.2685148], [-76.2513967, 3.2685446], [-76.2515487, 3.2687317], [-76.2517093, 3.2687701], [-76.251946, 3.2687193], [-76.2520812, 3.2687491], [-76.25217, 3.268711], [-76.2522208, 3.2686006], [-76.2522464, 3.2683755], [-76.2523608, 3.2679847], [-76.2526685, 3.268601], [-76.2531354, 3.2691011], [-76.2532006, 3.2695405], [-76.2532014, 3.2695456], [-76.2530605, 3.2716405], [-76.252988, 3.2718453], [-76.2529566, 3.2719277], [-76.2526905, 3.272234], [-76.2524648, 3.2724934], [-76.2522963, 3.2729508], [-76.2521517, 3.2738727], [-76.2518383, 3.2758703], [-76.2517285, 3.2758544], [-76.2516997, 3.2758689], [-76.2510449, 3.2758248], [-76.250993, 3.2756396], [-76.2510359, 3.2754486], [-76.2507745, 3.2755582], [-76.2507743, 3.2758066], [-76.2507646, 3.2759498], [-76.2507547, 3.2764036], [-76.2503056, 3.2762635], [-76.2502454, 3.2758067], [-76.2501546, 3.2757457], [-76.2501583, 3.2757087], [-76.2502245, 3.2750507], [-76.2498827, 3.2749359], [-76.2498821, 3.2755323], [-76.249882, 3.2756531], [-76.2490763, 3.2754912], [-76.2434385, 3.2746436], [-76.2419098, 3.2743955], [-76.2419143, 3.2752949], [-76.2422738, 3.2751804], [-76.2425654, 3.2752225], [-76.2427802, 3.2753618], [-76.2432911, 3.2758638], [-76.243371, 3.2763362], [-76.2429528, 3.2763612], [-76.2428429, 3.2767697], [-76.2427638, 3.277157], [-76.2427164, 3.2774733], [-76.2424724, 3.2776075], [-76.2421737, 3.2772751], [-76.2416152, 3.2772351], [-76.2413792, 3.2772511], [-76.2412375, 3.2773049], [-76.2410431, 3.2773337], [-76.2409609, 3.2772794], [-76.2409231, 3.2769785], [-76.240934, 3.2765616], [-76.2409131, 3.2762248], [-76.2405818, 3.2761978], [-76.2403804, 3.2762621], [-76.2402795, 3.2764046], [-76.2401146, 3.2765149], [-76.239904, 3.2765561], [-76.2395867, 3.2765479], [-76.2392514, 3.2765364], [-76.2390616, 3.276334], [-76.2389469, 3.2762565], [-76.2387487, 3.2762102], [-76.2384806, 3.2760864], [-76.2382129, 3.275547], [-76.2380002, 3.275437], [-76.2380357, 3.2750057], [-76.2380736, 3.2749909], [-76.2382481, 3.2747607], [-76.2388246, 3.2737868], [-76.23894, 3.2734798], [-76.2390037, 3.2731932], [-76.2392521, 3.2719759]], [[-76.2467756, 3.2751107], [-76.2468991, 3.275131], [-76.2469457, 3.2750611], [-76.2467756, 3.2751107]]]}}, {"type": "Feature", "properties": {"OBJECTID": 55, "SECTOR_SAP": "2115", "Shape_Leng": 12510.9084677, "Shape_Area": 2055477.5065, "Sector": 2115, "Empresa": "Agricola Castilla", "Departamen": "Cauca", "Jefe_zona": "Edgar Benitez", "Tipo_predi": "B", "Nombre": "LLOREDA", "PIE_LOMA": "PLANO", "Supervisor": "Milton Mejia", "Municipio": "Miranda", "EMPRESA_2": "Agricola Castilla", "zonas_abra": "Edgar Benitez"}, "geometry": {"type": "Polygon", "coordinates": [[[-76.2518383, 3.2758703], [-76.2523166, 3.2729101], [-76.2524942, 3.2724728], [-76.2526905, 3.272234], [-76.2529513, 3.2719415], [-76.2529566, 3.2719277], [-76.2529604, 3.2719233], [-76.252988, 3.2718453], [-76.2530696, 3.2716313], [-76.2532014, 3.2695456], [-76.2532006, 3.2695405], [-76.2532816, 3.2695225], [-76.2641855, 3.2692064], [-76.2676831, 3.2687962], [-76.2719051, 3.2684535], [-76.2765514, 3.2681161], [-76.282191, 3.2683086], [-76.2822294, 3.2683093], [-76.2822552, 3.2683101], [-76.2822817, 3.2683107], [-76.2822549, 3.2691037], [-76.2822984, 3.2691064], [-76.282775, 3.2691363], [-76.2832519, 3.2691616], [-76.2831447, 3.2695862], [-76.2810111, 3.2746631], [-76.2809221, 3.2751908], [-76.2801738, 3.2749281], [-76.2798711, 3.2748941], [-76.2790047, 3.275037], [-76.2775919, 3.2749936], [-76.2771092, 3.2753414], [-76.2766212, 3.2756284], [-76.2761454, 3.2757615], [-76.2761036, 3.2758149], [-76.2760882, 3.2758736], [-76.2761015, 3.2760686], [-76.2761002, 3.2762525], [-76.2760812, 3.2763521], [-76.2759851, 3.2765064], [-76.2758654, 3.2766818], [-76.2757153, 3.2767817], [-76.2756644, 3.2768396], [-76.2756535, 3.2770078], [-76.2757208, 3.2771267], [-76.2757772, 3.2771801], [-76.2760461, 3.2771514], [-76.2761634, 3.2771456], [-76.2763717, 3.2771396], [-76.2764957, 3.2771299], [-76.2767125, 3.2771021], [-76.2768919, 3.2771119], [-76.2770184, 3.2772005], [-76.2771238, 3.277331], [-76.277161, 3.2774101], [-76.277058, 3.2775389], [-76.2769223, 3.2777085], [-76.2768324, 3.2778207], [-76.2768622, 3.277883], [-76.2769152, 3.2779278], [-76.2771043, 3.2779527], [-76.277238, 3.2780068], [-76.2772846, 3.2780521], [-76.2775018, 3.278578], [-76.277524, 3.2786746], [-76.2774871, 3.278772], [-76.2773762, 3.2787797], [-76.2772741, 3.2790576], [-76.2771797, 3.2787721], [-76.2770767, 3.2786441], [-76.276953, 3.2785335], [-76.2764548, 3.2783362], [-76.2762436, 3.2781791], [-76.276077, 3.2780284], [-76.2759225, 3.277859], [-76.2757646, 3.2777645], [-76.2756648, 3.2777102], [-76.2755167, 3.2776067], [-76.2753694, 3.2775338], [-76.2752423, 3.2774404], [-76.2751221, 3.2773125], [-76.2750844, 3.2772054], [-76.2750776, 3.2770913], [-76.2751258, 3.2769221], [-76.2751981, 3.2767805], [-76.2752429, 3.2766631], [-76.2752442, 3.2765976], [-76.2752361, 3.276556], [-76.2751854, 3.2764876], [-76.2750446, 3.2764582], [-76.2749415, 3.2764367], [-76.2748307, 3.2764175], [-76.2747313, 3.2764281], [-76.2744369, 3.2765208], [-76.2743803, 3.2764897], [-76.2743613, 3.2764362], [-76.2741429, 3.2761064], [-76.274017, 3.2758189], [-76.2739418, 3.2736688], [-76.2731715, 3.2735936], [-76.2730851, 3.274517], [-76.2709621, 3.2747847], [-76.2708528, 3.2757654], [-76.2708413, 3.2758572], [-76.2706806, 3.2761995], [-76.2705429, 3.2765073], [-76.2705857, 3.277132], [-76.2705988, 3.2771824], [-76.2706312, 3.2772936], [-76.2706681, 3.2774651], [-76.2706795, 3.2776515], [-76.270453, 3.2775449], [-76.2703353, 3.27753], [-76.27019, 3.2773044], [-76.2699825, 3.2772043], [-76.2698324, 3.2771717], [-76.2698603, 3.2770917], [-76.2699789, 3.2770285], [-76.2700569, 3.276954], [-76.2700643, 3.2768684], [-76.2700052, 3.2766373], [-76.2700164, 3.2765777], [-76.2700362, 3.2764874], [-76.2700234, 3.2764466], [-76.2700934, 3.2762559], [-76.2701941, 3.2759532], [-76.2702188, 3.2757408], [-76.2701322, 3.2755011], [-76.2699736, 3.2752762], [-76.269941, 3.2751674], [-76.2699233, 3.274996], [-76.2700548, 3.2741679], [-76.2701916, 3.2736921], [-76.2703552, 3.2731147], [-76.270233, 3.2729248], [-76.2700715, 3.2727677], [-76.2694515, 3.2725125], [-76.2687544, 3.2725124], [-76.2685132, 3.2725101], [-76.2683545, 3.2725661], [-76.2681436, 3.2727217], [-76.2680372, 3.2727397], [-76.2677732, 3.2726401], [-76.2672815, 3.2723108], [-76.2671791, 3.2722528], [-76.267176, 3.2721044], [-76.2670834, 3.271931], [-76.2671476, 3.2716929], [-76.267167, 3.2714741], [-76.2670262, 3.2713646], [-76.2668278, 3.2713322], [-76.2666804, 3.2713965], [-76.2665588, 3.2713964], [-76.2663029, 3.2711452], [-76.265573, 3.2711059], [-76.2654127, 3.2714018], [-76.26531, 3.271627], [-76.265246, 3.2716591], [-76.265086, 3.271601], [-76.2649259, 3.2716395], [-76.2647881, 3.271784], [-76.2646183, 3.2718838], [-76.2643622, 3.2719157], [-76.2642149, 3.2719735], [-76.2640609, 3.2722565], [-76.2640416, 3.2725671], [-76.2640363, 3.2725563], [-76.2639219, 3.2726021], [-76.2631835, 3.2726015], [-76.2630233, 3.2726997], [-76.2630036, 3.2732982], [-76.2629331, 3.2733624], [-76.2627153, 3.2734652], [-76.2627099, 3.2735814], [-76.2627727, 3.273787], [-76.2636674, 3.2756798], [-76.2633712, 3.2756831], [-76.2632426, 3.2757149], [-76.2632128, 3.2757695], [-76.2631832, 3.2765821], [-76.2630857, 3.2772596], [-76.2628901, 3.2772923], [-76.2628121, 3.2769426], [-76.2627575, 3.2767373], [-76.2626344, 3.2765335], [-76.2625087, 3.2764966], [-76.2619313, 3.2766097], [-76.2614123, 3.2767278], [-76.2607385, 3.2765723], [-76.2609242, 3.2720727], [-76.2607868, 3.2719343], [-76.2605867, 3.2719341], [-76.2605242, 3.2718587], [-76.2604494, 3.2716826], [-76.2602868, 3.2716699], [-76.2599492, 3.2715928], [-76.2596866, 3.271594], [-76.2595602, 3.2731022], [-76.258435, 3.2728372], [-76.258324, 3.2744314], [-76.2575083, 3.2743698], [-76.2573198, 3.2753626], [-76.2550194, 3.2746819], [-76.2548309, 3.2757501], [-76.2547035, 3.2757733], [-76.2543926, 3.2764913], [-76.2533316, 3.2762717], [-76.2533278, 3.2761674], [-76.2533841, 3.2755012], [-76.2530756, 3.2754806], [-76.2526411, 3.2754795], [-76.2524767, 3.2762332], [-76.2523681, 3.2762293], [-76.2518512, 3.2761246], [-76.251875, 3.2758756], [-76.2518383, 3.2758703]]]}}, {"type": "Feature", "properties": {"OBJECTID": 56, "SECTOR_SAP": "2116", "Shape_Leng": 10053.7846227, "Shape_Area": 2609097.57799, "Sector": 2116, "Empresa": "Agricola Castilla", "Departamen": "Cauca", "Jefe_zona": "Edgar Benitez", "Tipo_predi": "B", "Nombre": "PORVENIR", "PIE_LOMA": "PLANO", "Supervisor": "Milton Mejia", "Municipio": "Miranda", "EMPRESA_2": "Agricola Castilla", "zonas_abra": "Edgar Benitez"}, "geometry": {"type": "Polygon", "coordinates": [[[-76.2526435, 3.2684707], [-76.2523946, 3.2680018], [-76.252435, 3.2680146], [-76.2524497, 3.2680021], [-76.2524616, 3.2679971], [-76.252477, 3.2679955], [-76.2524958, 3.2679972], [-76.2525176, 3.2680021], [-76.2525497, 3.2680165], [-76.2525668, 3.2680213], [-76.2525865, 3.2680244], [-76.2526496, 3.2680274], [-76.2527134, 3.2680281], [-76.2527818, 3.2680239], [-76.2528649, 3.2680149], [-76.2529259, 3.2680043], [-76.2529789, 3.2679896], [-76.2530246, 3.2679703], [-76.2530637, 3.2679491], [-76.2530889, 3.2679309], [-76.2531027, 3.267917], [-76.2531162, 3.2678997], [-76.2531497, 3.2678448], [-76.2531654, 3.2678158], [-76.2531805, 3.2677828], [-76.2532141, 3.2676941], [-76.2532329, 3.2676377], [-76.2532479, 3.2675856], [-76.2532595, 3.2675364], [-76.2532678, 3.2674896], [-76.2532708, 3.267444], [-76.2532682, 3.2673346], [-76.2532704, 3.2673064], [-76.2532751, 3.2672815], [-76.2532895, 3.2672348], [-76.2532999, 3.2672102], [-76.2533138, 3.2671838], [-76.253361, 3.2671093], [-76.2534101, 3.2670341], [-76.2534286, 3.2670105], [-76.2534468, 3.2669909], [-76.2534826, 3.2669573], [-76.2535099, 3.2669358], [-76.253536, 3.2669206], [-76.2535611, 3.2669121], [-76.2535918, 3.2669073], [-76.2536147, 3.2669085], [-76.2536313, 3.2669157], [-76.2536598, 3.2669373], [-76.2536718, 3.2669445], [-76.253687, 3.2669503], [-76.2537221, 3.2669604], [-76.253736, 3.2669661], [-76.2537653, 3.2669839], [-76.2537967, 3.2670092], [-76.2538259, 3.2670377], [-76.2538493, 3.2670656], [-76.2538669, 3.2670932], [-76.2538787, 3.2671205], [-76.2538853, 3.2671612], [-76.2538894, 3.2671743], [-76.2538982, 3.2671892], [-76.253911, 3.2672041], [-76.2539274, 3.2672186], [-76.2539465, 3.2672318], [-76.2539587, 3.267238], [-76.2539724, 3.2672424], [-76.2539877, 3.2672452], [-76.2540048, 3.2672464], [-76.2540395, 3.2672449], [-76.2541178, 3.2672355], [-76.2541854, 3.2672318], [-76.254205, 3.2672277], [-76.2542214, 3.2672213], [-76.2542464, 3.2672001], [-76.2542519, 3.2671971], [-76.2542571, 3.2671962], [-76.2542611, 3.2671967], [-76.2542567, 3.2671885], [-76.2542538, 3.2671698], [-76.2542567, 3.2671491], [-76.2542608, 3.2671409], [-76.2542766, 3.2671225], [-76.2542817, 3.2671132], [-76.2542853, 3.2670845], [-76.2542883, 3.2670355], [-76.2542865, 3.26698], [-76.2542809, 3.2669247], [-76.2542627, 3.2667841], [-76.2542593, 3.2667444], [-76.2542581, 3.2667091], [-76.2542593, 3.2666702], [-76.2542637, 3.2666347], [-76.2542713, 3.2666018], [-76.2542822, 3.2665713], [-76.2543044, 3.266525], [-76.2543314, 3.2664787], [-76.2543625, 3.2664338], [-76.2543966, 3.266392], [-76.2544262, 3.266364], [-76.2545019, 3.2663059], [-76.2545188, 3.2662898], [-76.2545324, 3.2662736], [-76.2545507, 3.2662467], [-76.2545681, 3.2662163], [-76.2545869, 3.2661773], [-76.2546003, 3.2661409], [-76.2546055, 3.2661154], [-76.2546061, 3.2660857], [-76.2546035, 3.2660567], [-76.2545939, 3.2659892], [-76.254592, 3.2659579], [-76.2545941, 3.2659309], [-76.2546005, 3.2659077], [-76.2546121, 3.2658831], [-76.2546276, 3.2658573], [-76.2546473, 3.2658301], [-76.2546721, 3.2658001], [-76.2547004, 3.2657686], [-76.2547221, 3.2657499], [-76.2547395, 3.2657403], [-76.2547609, 3.2657336], [-76.2547837, 3.2657297], [-76.2548462, 3.2657229], [-76.254864, 3.2657191], [-76.2548792, 3.2657141], [-76.2549092, 3.2656991], [-76.2549763, 3.2656555], [-76.2550078, 3.2656389], [-76.2550351, 3.265629], [-76.2550663, 3.2656215], [-76.2551013, 3.265616], [-76.2552052, 3.2656037], [-76.2552372, 3.2655972], [-76.255265, 3.2655888], [-76.2552998, 3.2655767], [-76.2553185, 3.2655673], [-76.255328, 3.2655596], [-76.2553477, 3.2655387], [-76.2553578, 3.2655315], [-76.2553716, 3.2655264], [-76.2553883, 3.2655234], [-76.2554077, 3.2655228], [-76.2554293, 3.2655244], [-76.2554424, 3.2655273], [-76.2554552, 3.2655328], [-76.2554679, 3.2655409], [-76.2554807, 3.2655519], [-76.2555026, 3.2655761], [-76.2555496, 3.2656374], [-76.255572, 3.2656609], [-76.2556497, 3.265733], [-76.2556845, 3.2657631], [-76.2557218, 3.2657908], [-76.2557575, 3.2658118], [-76.2558048, 3.2658335], [-76.2558467, 3.2658477], [-76.2558903, 3.2658575], [-76.2559314, 3.2658626], [-76.2559693, 3.265863], [-76.2560038, 3.2658586], [-76.2560342, 3.2658518], [-76.2560564, 3.2658448], [-76.2560749, 3.2658364], [-76.2560896, 3.2658264], [-76.2561002, 3.2658161], [-76.2561106, 3.2658034], [-76.2561289, 3.2657726], [-76.2561349, 3.2657531], [-76.2561358, 3.26573], [-76.2561326, 3.2657055], [-76.2561182, 3.2656356], [-76.2561167, 3.2656148], [-76.2561183, 3.2655968], [-76.2561306, 3.2655437], [-76.2561381, 3.2655239], [-76.256147, 3.2655071], [-76.2561628, 3.2654814], [-76.2561691, 3.265475], [-76.2561756, 3.2654712], [-76.2561879, 3.2654693], [-76.2562077, 3.2654712], [-76.2562181, 3.2654738], [-76.256229, 3.2654787], [-76.2562687, 3.2655059], [-76.2562862, 3.2655144], [-76.2563266, 3.2655242], [-76.2563662, 3.2655276], [-76.2564019, 3.2655243], [-76.2564179, 3.2655202], [-76.2564326, 3.2655145], [-76.2564576, 3.2655002], [-76.2564776, 3.2654972], [-76.2565076, 3.2655002], [-76.2565304, 3.2655061], [-76.2565545, 3.2655177], [-76.2565782, 3.2655332], [-76.2566254, 3.2655685], [-76.2566666, 3.2655958], [-76.2566853, 3.2656113], [-76.2566987, 3.2656012], [-76.256711, 3.2655961], [-76.2567255, 3.2655961], [-76.2567428, 3.265602], [-76.2567604, 3.2656118], [-76.2568003, 3.265638], [-76.2568325, 3.2656596], [-76.2568659, 3.2656868], [-76.2569007, 3.2657198], [-76.2569489, 3.2657697], [-76.2569751, 3.2658019], [-76.2570001, 3.2658422], [-76.2570216, 3.2658847], [-76.2570713, 3.2659932], [-76.2570864, 3.266022], [-76.2571013, 3.2660465], [-76.2571194, 3.2660715], [-76.2571385, 3.2660923], [-76.2571589, 3.2661093], [-76.2571807, 3.2661228], [-76.2572088, 3.2661359], [-76.2572396, 3.2661475], [-76.2572723, 3.2661572], [-76.2573056, 3.2661648], [-76.2573427, 3.266171], [-76.2573779, 3.266175], [-76.2574108, 3.2661769], [-76.2574413, 3.2661765], [-76.2574693, 3.2661739], [-76.2574947, 3.2661691], [-76.2575175, 3.2661622], [-76.2575377, 3.266153], [-76.2575604, 3.2661371], [-76.2575826, 3.2661136], [-76.2576017, 3.2660876], [-76.2576451, 3.2660215], [-76.2576688, 3.2659917], [-76.2577163, 3.2659407], [-76.2577541, 3.2659027], [-76.2577896, 3.2658701], [-76.2578237, 3.2658423], [-76.2578933, 3.2657931], [-76.2579247, 3.2657742], [-76.2579547, 3.2657586], [-76.2579879, 3.2657457], [-76.2580262, 3.2657362], [-76.2580687, 3.2657298], [-76.2581934, 3.2657168], [-76.2582313, 3.2657092], [-76.2582642, 3.2656991], [-76.2583242, 3.2656762], [-76.2583594, 3.2656573], [-76.258376, 3.2656417], [-76.2583928, 3.265617], [-76.2584082, 3.2655877], [-76.2584386, 3.2655215], [-76.2584517, 3.2654986], [-76.258459, 3.2654902], [-76.2584657, 3.2654861], [-76.2584722, 3.265486], [-76.2584786, 3.2654899], [-76.258487, 3.2655001], [-76.2584959, 3.2655143], [-76.2585033, 3.2655296], [-76.2585083, 3.2655438], [-76.2585102, 3.2655603], [-76.2585077, 3.2655953], [-76.2585082, 3.2656096], [-76.2585132, 3.2656342], [-76.2585214, 3.2656594], [-76.2585328, 3.2656844], [-76.2585468, 3.2657086], [-76.2585632, 3.2657311], [-76.2585813, 3.2657515], [-76.2586008, 3.2657689], [-76.2586211, 3.2657831], [-76.2586481, 3.2657973], [-76.2586747, 3.2658071], [-76.258687, 3.2658094], [-76.2587013, 3.2658097], [-76.2587629, 3.2658033], [-76.2587761, 3.2658043], [-76.2587878, 3.2658072], [-76.2588234, 3.2658252], [-76.2588476, 3.2658312], [-76.258872, 3.2658333], [-76.2588941, 3.2658312], [-76.2589127, 3.2658253], [-76.2589349, 3.2658105], [-76.2589544, 3.2657894], [-76.2589637, 3.2657739], [-76.2589723, 3.2657535], [-76.2589754, 3.2657402], [-76.2589757, 3.2657243], [-76.2589677, 3.2656719], [-76.2589664, 3.2656549], [-76.2589679, 3.2656402], [-76.2589724, 3.2656279], [-76.2589906, 3.2656002], [-76.2589994, 3.2655915], [-76.2590081, 3.2655861], [-76.2590182, 3.2655836], [-76.2590309, 3.2655837], [-76.2590676, 3.2655921], [-76.2590841, 3.2655994], [-76.2591002, 3.265612], [-76.2591157, 3.2656292], [-76.2591577, 3.2656834], [-76.2591722, 3.2656969], [-76.2591866, 3.2657059], [-76.259204, 3.2657127], [-76.2592233, 3.2657178], [-76.2592446, 3.2657211], [-76.2592679, 3.2657227], [-76.2593205, 3.2657209], [-76.2593889, 3.265712], [-76.2594347, 3.2657038], [-76.2594663, 3.2656942], [-76.2594878, 3.2656822], [-76.2595087, 3.2656639], [-76.2595283, 3.2656407], [-76.25958, 3.2655706], [-76.2595976, 3.2655522], [-76.2596152, 3.2655388], [-76.2596557, 3.2655153], [-76.2596972, 3.265495], [-76.2597375, 3.2654789], [-76.2597758, 3.2654672], [-76.2598113, 3.2654602], [-76.2598439, 3.2654578], [-76.2598735, 3.26546], [-76.2599, 3.2654668], [-76.2598863, 3.2652907], [-76.2598749, 3.2651792], [-76.2598635, 3.2650714], [-76.2598637, 3.2648136], [-76.2598601, 3.264629], [-76.2598602, 3.2645059], [-76.2598585, 3.2644229], [-76.2599335, 3.263471], [-76.2621372, 3.2639027], [-76.2626147, 3.2638397], [-76.262883, 3.2637427], [-76.263424, 3.2635141], [-76.2634129, 3.2638063], [-76.2634833, 3.264302], [-76.2636805, 3.2642845], [-76.2637901, 3.264096], [-76.2640404, 3.2639234], [-76.2640876, 3.2636091], [-76.2642106, 3.2633022], [-76.2643485, 3.263218], [-76.264399, 3.263178], [-76.2643693, 3.2631191], [-76.264304, 3.2630084], [-76.2643279, 3.2628768], [-76.2643906, 3.2628265], [-76.2644334, 3.2627857], [-76.2644352, 3.2626975], [-76.2644263, 3.2626227], [-76.2644344, 3.262539], [-76.2643881, 3.2624711], [-76.2643015, 3.2624431], [-76.2643078, 3.2623741], [-76.264526, 3.2622891], [-76.2646359, 3.262274], [-76.2648243, 3.2622769], [-76.2649076, 3.262262], [-76.2649627, 3.2622411], [-76.2650625, 3.2621635], [-76.2651607, 3.2620888], [-76.2653156, 3.2619424], [-76.2654746, 3.261752], [-76.2655196, 3.2616517], [-76.2654267, 3.2615181], [-76.2653943, 3.2614691], [-76.2653668, 3.2613111], [-76.2653744, 3.2612352], [-76.2654114, 3.2610195], [-76.2654075, 3.260939], [-76.265401, 3.2608069], [-76.2654498, 3.2607701], [-76.2655153, 3.2608129], [-76.2656356, 3.2608599], [-76.2657157, 3.2608951], [-76.2657673, 3.2608747], [-76.265859, 3.2608293], [-76.2658434, 3.2606119], [-76.2656637, 3.2604632], [-76.265604, 3.2603452], [-76.265582, 3.2602709], [-76.2655993, 3.2601995], [-76.2657218, 3.2601829], [-76.265871, 3.2602394], [-76.2659485, 3.2603239], [-76.2660175, 3.2604005], [-76.2660824, 3.2604645], [-76.2661665, 3.2605159], [-76.2662554, 3.2605108], [-76.2664001, 3.2604857], [-76.2665188, 3.2603989], [-76.2666244, 3.2600597], [-76.2667988, 3.2597696], [-76.2668211, 3.2596199], [-76.2668502, 3.2595717], [-76.2669331, 3.2595827], [-76.2670722, 3.2596047], [-76.2671556, 3.2595814], [-76.2672008, 3.2595169], [-76.267218, 3.2594393], [-76.2672238, 3.2593388], [-76.2672255, 3.2590242], [-76.2672222, 3.2589682], [-76.2672971, 3.2588869], [-76.2674733, 3.2589891], [-76.2677732, 3.2593055], [-76.2685119, 3.2599458], [-76.2701457, 3.2614059], [-76.2702252, 3.2614601], [-76.2716127, 3.260796], [-76.272218, 3.2605684], [-76.2726069, 3.2605007], [-76.2747188, 3.2558707], [-76.2754345, 3.2559498], [-76.2760378, 3.2560021], [-76.2762197, 3.2568359], [-76.2763783, 3.2575682], [-76.2764805, 3.2577176], [-76.2765862, 3.2579289], [-76.2769564, 3.2579874], [-76.2776621, 3.2581275], [-76.278259, 3.2583866], [-76.2791114, 3.2589552], [-76.2792096, 3.2592511], [-76.2790019, 3.2596903], [-76.2796554, 3.2597075], [-76.2809551, 3.2596532], [-76.2822428, 3.2595618], [-76.2828564, 3.2594368], [-76.283004, 3.2594067], [-76.2831333, 3.2594697], [-76.2830864, 3.2604117], [-76.2832008, 3.2614156], [-76.2831316, 3.2614927], [-76.2820794, 3.261213], [-76.2821152, 3.2614807], [-76.2822935, 3.2647172], [-76.2823192, 3.2664336], [-76.2822821, 3.2682079], [-76.282282, 3.2682885], [-76.282191, 3.2683086], [-76.276933, 3.268124], [-76.2765215, 3.2681086], [-76.2719051, 3.2684535], [-76.2676591, 3.2687841], [-76.2641855, 3.2692064], [-76.2532816, 3.2695225], [-76.2532006, 3.2695405], [-76.2531354, 3.2691011], [-76.2526685, 3.268601], [-76.252652, 3.268533], [-76.2526435, 3.2684707]]]}}, {"type": "Feature", "properties": {"OBJECTID": 58, "SECTOR_SAP": "2111", "Shape_Leng": 16011.1048773, "Shape_Area": 4913054.63121, "Sector": 2111, "Empresa": "Agricola Castilla", "Departamen": "Cauca", "Jefe_zona": "Edgar Benitez", "Tipo_predi": "B", "Nombre": "PAMPA C", "PIE_LOMA": "PLANO", "Supervisor": "Hermilsun Fernandez", "Municipio": "Miranda", "EMPRESA_2": "Agricola Castilla", "zonas_abra": "Edgar Benitez"}, "geometry": {"type": "Polygon", "coordinates": [[[-76.2902944, 3.2497138], [-76.2914449, 3.2499157], [-76.2921919, 3.2518168], [-76.2926016, 3.2523231], [-76.2929351, 3.2524881], [-76.2933138, 3.2525907], [-76.2936642, 3.2526912], [-76.2939299, 3.2526935], [-76.2948912, 3.2524613], [-76.2950256, 3.252587], [-76.2951363, 3.2528472], [-76.2954731, 3.2530528], [-76.2957613, 3.2531496], [-76.2960779, 3.2532238], [-76.2962193, 3.2531727], [-76.2963079, 3.2529379], [-76.296327, 3.2528035], [-76.2963272, 3.2525534], [-76.296446, 3.2524342], [-76.2967287, 3.2524742], [-76.296887, 3.2524743], [-76.2969436, 3.2523721], [-76.2969638, 3.2520429], [-76.2969553, 3.2518607], [-76.2970685, 3.2517756], [-76.2972299, 3.2515786], [-76.297344, 3.2512756], [-76.2975049, 3.2511949], [-76.2979404, 3.2511684], [-76.2987109, 3.2512094], [-76.2994145, 3.2510753], [-76.299917, 3.2510757], [-76.3002386, 3.2511164], [-76.300339, 3.2512444], [-76.3004469, 3.2514252], [-76.3006068, 3.2515409], [-76.3007875, 3.2517903], [-76.3013598, 3.2524684], [-76.3014771, 3.2526336], [-76.301618, 3.2531994], [-76.3017657, 3.2534225], [-76.3019875, 3.2534598], [-76.3022587, 3.2532866], [-76.3024513, 3.253319], [-76.3026037, 3.2534108], [-76.3031053, 3.253796], [-76.3035233, 3.2539667], [-76.3045413, 3.2539041], [-76.3052948, 3.253799], [-76.3058911, 3.2537786], [-76.3065054, 3.2536904], [-76.3066728, 3.253479], [-76.3067335, 3.2533205], [-76.3067826, 3.2532587], [-76.3069297, 3.2531894], [-76.3071644, 3.2531456], [-76.307425, 3.2530764], [-76.3074696, 3.2530381], [-76.3075363, 3.252917], [-76.3075205, 3.2528283], [-76.3075741, 3.2527547], [-76.3079, 3.2526311], [-76.3081529, 3.2526443], [-76.3082, 3.2526164], [-76.3081829, 3.2524339], [-76.3081666, 3.2523089], [-76.3081512, 3.2521397], [-76.3082062, 3.2520667], [-76.3083759, 3.2520273], [-76.3085457, 3.2518092], [-76.3085964, 3.2516627], [-76.3085794, 3.2515408], [-76.308553, 3.2514503], [-76.3084371, 3.2514502], [-76.3083652, 3.2513932], [-76.3083725, 3.2512554], [-76.3084487, 3.2511674], [-76.3085687, 3.2511293], [-76.3087001, 3.2511906], [-76.3087984, 3.2512511], [-76.3089572, 3.2512598], [-76.3094192, 3.250989], [-76.3099012, 3.2506423], [-76.3102893, 3.2503551], [-76.3105641, 3.250014], [-76.3107593, 3.2498907], [-76.3109832, 3.2499563], [-76.3112068, 3.2504139], [-76.3120304, 3.2504291], [-76.3121895, 3.2502259], [-76.3122981, 3.2498992], [-76.3124506, 3.2495025], [-76.3125625, 3.2493802], [-76.3126616, 3.2492979], [-76.3128006, 3.2493268], [-76.3128919, 3.2494359], [-76.3129356, 3.2495987], [-76.3129746, 3.2497116], [-76.3130193, 3.2497548], [-76.3131393, 3.2497502], [-76.3133069, 3.2497437], [-76.3133621, 3.249711], [-76.3134479, 3.2495436], [-76.3134835, 3.2494523], [-76.3137114, 3.2493923], [-76.313823, 3.2493123], [-76.313946, 3.2490945], [-76.3139334, 3.2488299], [-76.3137581, 3.2487336], [-76.313692, 3.2486836], [-76.313692, 3.2486249], [-76.313716, 3.2485526], [-76.313836, 3.2484965], [-76.3140359, 3.2484042], [-76.3140839, 3.2483176], [-76.3140809, 3.2482209], [-76.3139522, 3.248123], [-76.3139123, 3.2480627], [-76.3140003, 3.2479583], [-76.3142625, 3.2477438], [-76.3143749, 3.2476273], [-76.3145669, 3.2476956], [-76.3147663, 3.2477041], [-76.3150456, 3.2474931], [-76.3152668, 3.2473876], [-76.3158396, 3.247195], [-76.3160644, 3.2470968], [-76.3161007, 3.2470167], [-76.3160712, 3.2469258], [-76.3160248, 3.2468308], [-76.3160142, 3.2467507], [-76.3159995, 3.246696], [-76.3160394, 3.246645], [-76.3161119, 3.2466524], [-76.3162316, 3.2466197], [-76.3162859, 3.2465869], [-76.3163949, 3.2463284], [-76.3165183, 3.2461208], [-76.3166415, 3.2460918], [-76.3173121, 3.2460923], [-76.317602, 3.2461508], [-76.3177034, 3.246242], [-76.3178305, 3.2462783], [-76.3178859, 3.2462347], [-76.3179318, 3.24615], [-76.3179584, 3.2460846], [-76.318291, 3.2461139], [-76.3185416, 3.2461408], [-76.3189049, 3.2463528], [-76.3189946, 3.2464028], [-76.3229371, 3.2487283], [-76.3264356, 3.2507923], [-76.3265636, 3.2508756], [-76.3266112, 3.2509211], [-76.3264634, 3.2512052], [-76.3253182, 3.253857], [-76.3238792, 3.256909], [-76.3161358, 3.2569447], [-76.3060058, 3.2571085], [-76.3012403, 3.2571331], [-76.3003052, 3.2600043], [-76.3001757, 3.2599761], [-76.2976443, 3.259644], [-76.2970807, 3.2649771], [-76.296427, 3.264925], [-76.2939468, 3.264711], [-76.2934261, 3.270119], [-76.2932995, 3.2702108], [-76.2931843, 3.2703091], [-76.2930675, 3.2703367], [-76.2928079, 3.2703711], [-76.2925985, 3.2703518], [-76.2924176, 3.270256], [-76.2922701, 3.2701314], [-76.2922036, 3.2700213], [-76.2921133, 3.2698586], [-76.2919943, 3.2697819], [-76.2918991, 3.2697244], [-76.2918329, 3.2696842], [-76.2917325, 3.2697199], [-76.2913651, 3.2695272], [-76.2913267, 3.2694656], [-76.2912619, 3.2694471], [-76.2911584, 3.2694933], [-76.2910593, 3.2695464], [-76.2909655, 3.2695691], [-76.2908102, 3.2695918], [-76.2906712, 3.2696705], [-76.2905434, 3.2697373], [-76.2904183, 3.2695952], [-76.2903388, 3.2696003], [-76.2902247, 3.2696661], [-76.2898106, 3.269695], [-76.2893156, 3.2697042], [-76.2887615, 3.2694799], [-76.2886077, 3.2694509], [-76.2883284, 3.2693958], [-76.2882062, 3.2692428], [-76.288117, 3.2691612], [-76.2879964, 3.26907], [-76.2878613, 3.2689742], [-76.2877703, 3.2689757], [-76.2877374, 3.2681453], [-76.2876948, 3.2679108], [-76.2876719, 3.2673357], [-76.287533, 3.2673477], [-76.2870457, 3.2673409], [-76.2870182, 3.2669741], [-76.2868296, 3.266912], [-76.2868157, 3.2665804], [-76.2875598, 3.2666189], [-76.2875375, 3.2661046], [-76.2875489, 3.2645941], [-76.2875757, 3.2607018], [-76.2864535, 3.2607599], [-76.2871292, 3.2617532], [-76.2862337, 3.2624848], [-76.2861907, 3.2624514], [-76.2860827, 3.2623269], [-76.2860868, 3.2622747], [-76.2860929, 3.2620175], [-76.2861079, 3.2618411], [-76.286117, 3.2617095], [-76.286123, 3.2616048], [-76.286135, 3.2614711], [-76.2861469, 3.2613587], [-76.2861626, 3.2611792], [-76.2861626, 3.2611266], [-76.2861591, 3.2610644], [-76.2861127, 3.2610333], [-76.2860294, 3.2610033], [-76.2859485, 3.2609877], [-76.2859287, 3.2608344], [-76.2854053, 3.2608503], [-76.283403, 3.2609406], [-76.2832757, 3.2609037], [-76.2831938, 3.2600836], [-76.2833089, 3.259137], [-76.2835443, 3.2570889], [-76.2836904, 3.2554], [-76.2840211, 3.2534409], [-76.2842652, 3.2523437], [-76.2843448, 3.2521253], [-76.2849591, 3.2508075], [-76.285304, 3.2509564], [-76.2854135, 3.2511307], [-76.2853653, 3.2514395], [-76.2854391, 3.2515634], [-76.2857959, 3.2516997], [-76.2858154, 3.2514214], [-76.2858481, 3.2508453], [-76.2863157, 3.2507234], [-76.2866352, 3.2505839], [-76.286867, 3.2506203], [-76.2871246, 3.250693], [-76.2872482, 3.250776], [-76.2873235, 3.2507585], [-76.2873463, 3.2504913], [-76.2873361, 3.2503514], [-76.2873259, 3.250253], [-76.2873981, 3.250134], [-76.2874806, 3.2501082], [-76.2875475, 3.2501341], [-76.2875217, 3.2502273], [-76.2874958, 3.2503775], [-76.2875523, 3.2505225], [-76.287609, 3.2505795], [-76.2876978, 3.2505817], [-76.287779, 3.250533], [-76.2878666, 3.2505953], [-76.2879851, 3.2506057], [-76.2880315, 3.2505488], [-76.2880351, 3.2503089], [-76.2881039, 3.2502381], [-76.2881811, 3.2502434], [-76.2882481, 3.2502745], [-76.2883098, 3.2503626], [-76.2885106, 3.2506217], [-76.2887267, 3.2509067], [-76.2888349, 3.2509844], [-76.2888707, 3.2513107], [-76.2889426, 3.2515542], [-76.2890301, 3.2516008], [-76.2893444, 3.2515804], [-76.2896074, 3.2515708], [-76.2898546, 3.2514928], [-76.2901223, 3.2516846], [-76.2903283, 3.2517728], [-76.2902944, 3.2497138]]]}}, {"type": "Feature", "properties": {"OBJECTID": 59, "SECTOR_SAP": "2503", "Shape_Leng": 4656.6603402, "Shape_Area": 1270673.2656, "Sector": 2503, "Empresa": "Agricola Castilla", "Departamen": "Valle", "Jefe_zona": "Carlos Lucumi", "Tipo_predi": "A", "Nombre": "AVELINA A.", "PIE_LOMA": "PLANO", "Supervisor": "Edwin J. Villacorte", "Municipio": "Florida", "EMPRESA_2": "Agricola Castilla", "zonas_abra": "Carlos Lucumi"}, "geometry": {"type": "Polygon", "coordinates": [[[-76.2577907, 3.3591232], [-76.2577919, 3.3591192], [-76.2577918, 3.3591174], [-76.2578067, 3.3590432], [-76.2577769, 3.3588498], [-76.2577936, 3.3586175], [-76.2577365, 3.358131], [-76.2576601, 3.3574191], [-76.2573229, 3.3538821], [-76.2571311, 3.351092], [-76.2570932, 3.3507406], [-76.2570424, 3.3501969], [-76.2571448, 3.3501837], [-76.2573599, 3.3501187], [-76.2577019, 3.3499388], [-76.2585201, 3.3495944], [-76.259078, 3.3493761], [-76.2591819, 3.3492859], [-76.2599354, 3.3489734], [-76.2601992, 3.3488388], [-76.2605533, 3.3489061], [-76.2607799, 3.3488683], [-76.2611277, 3.3484819], [-76.2614592, 3.3484892], [-76.2615766, 3.3484506], [-76.2617853, 3.3484632], [-76.2621376, 3.3486512], [-76.262763, 3.3489239], [-76.2633865, 3.3492956], [-76.2639047, 3.3499913], [-76.2644359, 3.3490716], [-76.2647625, 3.3481988], [-76.2647714, 3.3481767], [-76.2647955, 3.3481174], [-76.2649057, 3.3478606], [-76.2657445, 3.3487692], [-76.2664405, 3.3496299], [-76.2667237, 3.3499536], [-76.266938, 3.3502448], [-76.2671429, 3.3506212], [-76.2672506, 3.3508503], [-76.2673611, 3.3511586], [-76.2674058, 3.3514091], [-76.2674457, 3.3517425], [-76.2672457, 3.3531566], [-76.2672144, 3.3533603], [-76.2670322, 3.3547022], [-76.2669924, 3.3548428], [-76.2665396, 3.3558144], [-76.2659312, 3.3566897], [-76.2626394, 3.3607846], [-76.2609788, 3.3627884], [-76.2600703, 3.36202], [-76.2579273, 3.3595585], [-76.2578265, 3.359453], [-76.2577912, 3.3594225], [-76.2577742, 3.3592055], [-76.2577907, 3.3591232]]]}}, {"type": "Feature", "properties": {"OBJECTID": 62, "SECTOR_SAP": "2125", "Shape_Leng": 7535.71218993, "Shape_Area": 2452271.26334, "Sector": 2125, "Empresa": "Agricola Castilla", "Departamen": "Cauca", "Jefe_zona": "Edgar Gomez", "Tipo_predi": "A", "Nombre": "PAMPA B", "PIE_LOMA": "PLANO", "Supervisor": "Alexander Muñoz", "Municipio": "Pto Tejada", "EMPRESA_2": "Agricola Castilla", "zonas_abra": "Edgar Gomez"}, "geometry": {"type": "Polygon", "coordinates": [[[-76.4100599, 3.2494964], [-76.4104297, 3.2469289], [-76.4107833, 3.245081], [-76.4114694, 3.2413581], [-76.4118729, 3.2393704], [-76.4124939, 3.2359401], [-76.4207844, 3.2375731], [-76.4213528, 3.2377367], [-76.4218481, 3.237982], [-76.4220855, 3.2380727], [-76.4223165, 3.2381457], [-76.4233573, 3.2401873], [-76.4244285, 3.2416085], [-76.4247834, 3.2420314], [-76.4247705, 3.2420716], [-76.4247289, 3.2422265], [-76.4246651, 3.2424547], [-76.42465, 3.242509], [-76.4243303, 3.2436863], [-76.4228304, 3.2434095], [-76.4219433, 3.24324], [-76.4217565, 3.2442248], [-76.4215903, 3.2450569], [-76.42159, 3.2450582], [-76.4215778, 3.2451195], [-76.4216068, 3.2451301], [-76.4221684, 3.2452551], [-76.4223189, 3.2452777], [-76.4224251, 3.2452998], [-76.4224266, 3.2453001], [-76.4216809, 3.2467946], [-76.4216873, 3.246869], [-76.4216925, 3.2469305], [-76.421651, 3.2471468], [-76.4216366, 3.2472927], [-76.4218984, 3.2473695], [-76.4217886, 3.2478288], [-76.4218437, 3.2478619], [-76.4221839, 3.2481045], [-76.4222233, 3.2481706], [-76.4223019, 3.2483603], [-76.422414, 3.2484786], [-76.4230104, 3.2489859], [-76.4230381, 3.2490094], [-76.42317, 3.249106], [-76.4228204, 3.2498167], [-76.422755, 3.2498367], [-76.4218964, 3.2493746], [-76.4218228, 3.249335], [-76.4209672, 3.251364], [-76.4209671, 3.2514629], [-76.4217952, 3.2518821], [-76.4218634, 3.2518973], [-76.4218311, 3.2519696], [-76.4209755, 3.2538811], [-76.4218005, 3.2542276], [-76.4220319, 3.2543146], [-76.4220319, 3.2543146], [-76.4220317, 3.2543685], [-76.4220316, 3.2543706], [-76.4223653, 3.2544617], [-76.4225352, 3.2545081], [-76.4226796, 3.2545526], [-76.4229305, 3.2546231], [-76.4237458, 3.2548521], [-76.423805, 3.2548589], [-76.4238255, 3.2548613], [-76.4238142, 3.2548615], [-76.4236046, 3.2548649], [-76.4218708, 3.2547478], [-76.4213997, 3.2547155], [-76.4211561, 3.2546994], [-76.420775, 3.2546778], [-76.4205456, 3.2546666], [-76.418002, 3.2544685], [-76.417835, 3.254459], [-76.4165333, 3.2543599], [-76.415181, 3.2542499], [-76.4140215, 3.2541696], [-76.4112409, 3.2539716], [-76.4109029, 3.2529177], [-76.4105395, 3.2517119], [-76.4101336, 3.2502247], [-76.410066, 3.250095], [-76.4100343, 3.2498072], [-76.4100599, 3.2494964]]]}}, {"type": "Feature", "properties": {"OBJECTID": 64, "SECTOR_SAP": "2124", "Shape_Leng": 3908.7080879, "Shape_Area": 588140.108508, "Sector": 2124, "Empresa": "Agricola Castilla", "Departamen": "Cauca", "Jefe_zona": "Edgar Gomez", "Tipo_predi": "A", "Nombre": "CENTRAL COLOMBIA", "PIE_LOMA": "PLANO", "Supervisor": "Alexander Muñoz", "Municipio": "Pto Tejada", "EMPRESA_2": "Agricola Castilla", "zonas_abra": "Edgar Gomez"}, "geometry": {"type": "Polygon", "coordinates": [[[-76.4167318, 3.2608495], [-76.4168641, 3.2601827], [-76.4170578, 3.2592219], [-76.4179206, 3.2545095], [-76.4179581, 3.2545121], [-76.4179557, 3.2544958], [-76.4204993, 3.2546938], [-76.4205402, 3.2546809], [-76.4205382, 3.254694], [-76.4218531, 3.2547867], [-76.4218634, 3.2547789], [-76.4219017, 3.2547946], [-76.4228737, 3.2548591], [-76.4236046, 3.254896], [-76.4238519, 3.254946], [-76.423876, 3.2549498], [-76.4239499, 3.2549731], [-76.4267072, 3.2559434], [-76.427961, 3.256415], [-76.4278829, 3.2564473], [-76.4276784, 3.2565579], [-76.426985, 3.2568377], [-76.4205123, 3.259395], [-76.4187972, 3.264333], [-76.4173621, 3.2635828], [-76.4170585, 3.2634161], [-76.4160915, 3.261225], [-76.4167499, 3.2609637], [-76.4167318, 3.2608495]]]}}, {"type": "Feature", "properties": {"OBJECTID": 65, "SECTOR_SAP": "2125", "Shape_Leng": 5142.06050181, "Shape_Area": 656648.798478, "Sector": 2125, "Empresa": "Agricola Castilla", "Departamen": "Cauca", "Jefe_zona": "Edgar Gomez", "Tipo_predi": "A", "Nombre": "PAMPA B", "PIE_LOMA": "PLANO", "Supervisor": "Alexander Muñoz", "Municipio": "Pto Tejada", "EMPRESA_2": "Agricola Castilla", "zonas_abra": "Edgar Gomez"}, "geometry": {"type": "Polygon", "coordinates": [[[-76.4239228, 3.2548835], [-76.4241854, 3.2542511], [-76.4243332, 3.2543409], [-76.4249248, 3.254465], [-76.42534, 3.2535024], [-76.4246457, 3.253246], [-76.424696, 3.2531303], [-76.4247727, 3.2529568], [-76.4248855, 3.2526978], [-76.4249491, 3.2525516], [-76.4249838, 3.2524718], [-76.4250232, 3.2523825], [-76.4250564, 3.2523072], [-76.4250981, 3.2522126], [-76.4251796, 3.2520268], [-76.4252593, 3.2518471], [-76.4249103, 3.2518019], [-76.4237113, 3.2514885], [-76.4238824, 3.2510965], [-76.4238919, 3.2510792], [-76.4253831, 3.2514719], [-76.4253923, 3.251428], [-76.4260648, 3.2498508], [-76.4261213, 3.2496104], [-76.4260287, 3.2494693], [-76.4260109, 3.2492636], [-76.4263047, 3.2488331], [-76.4263048, 3.2487762], [-76.4257411, 3.2484247], [-76.4256795, 3.2481611], [-76.4263446, 3.2470979], [-76.4268411, 3.2464565], [-76.4272092, 3.2460907], [-76.4281212, 3.2476447], [-76.4289522, 3.247088], [-76.4303795, 3.2489767], [-76.4343482, 3.2539414], [-76.4280347, 3.2563835], [-76.427978, 3.2564069], [-76.4267243, 3.2559353], [-76.426051, 3.2557037], [-76.4239587, 3.2549481], [-76.4239055, 3.254931], [-76.4239228, 3.2548835]], [[-76.4279927, 3.2518476], [-76.4274998, 3.2516293], [-76.4263109, 3.2533585], [-76.4262644, 3.2534841], [-76.42625, 3.2536276], [-76.4262749, 3.2547762], [-76.4266004, 3.2548646], [-76.426941, 3.2541772], [-76.4279933, 3.2538096], [-76.4279954, 3.2537172], [-76.4275124, 3.2531599], [-76.4282103, 3.252204], [-76.4282656, 3.2520612], [-76.4279927, 3.2518476]]]}}, {"type": "Feature", "properties": {"OBJECTID": 68, "SECTOR_SAP": "2117", "Shape_Leng": 1788.86077449, "Shape_Area": 169889.380396, "Sector": 2117, "Empresa": "Agricola Castilla", "Departamen": "Valle", "Jefe_zona": "Edgar Benitez", "Tipo_predi": "B", "Nombre": "LA UNION", "PIE_LOMA": "PLANO", "Supervisor": "Milton Mejia", "Municipio": "Florida", "EMPRESA_2": "Agricola Castilla", "zonas_abra": "Edgar Benitez"}, "geometry": {"type": "Polygon", "coordinates": [[[-76.2503042, 3.2833293], [-76.2502741, 3.2833262], [-76.2501838, 3.2832579], [-76.2503139, 3.2828277], [-76.2504571, 3.2823452], [-76.2506809, 3.2818356], [-76.2506927, 3.2817943], [-76.2506953, 3.2817887], [-76.2506951, 3.2817858], [-76.2509605, 3.2809972], [-76.2515272, 3.2795538], [-76.2517408, 3.2790026], [-76.2518598, 3.2784929], [-76.2520972, 3.2782018], [-76.2524331, 3.278308], [-76.2526109, 3.2783214], [-76.2531577, 3.2783152], [-76.2534106, 3.2785014], [-76.2535814, 3.2787036], [-76.253802, 3.2790437], [-76.2540554, 3.2795424], [-76.2540646, 3.2795618], [-76.2541046, 3.2808345], [-76.2541151, 3.2817578], [-76.2541085, 3.2818024], [-76.2540994, 3.281864], [-76.2541038, 3.2818815], [-76.2541068, 3.281893], [-76.2540916, 3.2819479], [-76.2539613, 3.2821248], [-76.2537569, 3.2823054], [-76.253343, 3.2828195], [-76.2532133, 3.2832285], [-76.2532288, 3.2835758], [-76.2530226, 3.2837525], [-76.2528612, 3.2838212], [-76.2527998, 3.2836944], [-76.2527333, 3.2834643], [-76.2525502, 3.2832133], [-76.2524219, 3.2830301], [-76.2521846, 3.2829047], [-76.251867, 3.2829283], [-76.2516889, 3.2830084], [-76.2514014, 3.2832198], [-76.2509795, 3.2832826], [-76.2507051, 3.2832686], [-76.2503042, 3.2833293]]]}}, {"type": "Feature", "properties": {"OBJECTID": 69, "SECTOR_SAP": "2117", "Shape_Leng": 10246.6265077, "Shape_Area": 1725064.76193, "Sector": 2117, "Empresa": "Agricola Castilla", "Departamen": "Valle", "Jefe_zona": "Edgar Benitez", "Tipo_predi": "B", "Nombre": "LA UNION", "PIE_LOMA": "PIE LOMA", "Supervisor": "Milton Mejia", "Municipio": "Florida", "EMPRESA_2": "Agricola Castilla", "zonas_abra": "Edgar Benitez"}, "geometry": {"type": "Polygon", "coordinates": [[[-76.2609175, 3.2901887], [-76.2607852, 3.290104], [-76.2604285, 3.2901676], [-76.2603305, 3.2900232], [-76.2603728, 3.2898202], [-76.2603723, 3.2896821], [-76.2602464, 3.2895491], [-76.2602012, 3.2894418], [-76.2601225, 3.2893771], [-76.2600256, 3.2892952], [-76.2599406, 3.2892442], [-76.2598049, 3.2892089], [-76.2597964, 3.2891757], [-76.259791, 3.2890657], [-76.2598199, 3.288966], [-76.2597822, 3.2888411], [-76.2597866, 3.2887397], [-76.2598834, 3.2886649], [-76.2599794, 3.2887549], [-76.2600128, 3.2888333], [-76.2600416, 3.2889455], [-76.260146, 3.2889542], [-76.2602627, 3.2889322], [-76.2603019, 3.288842], [-76.2603804, 3.2887253], [-76.2604718, 3.2886793], [-76.2606436, 3.2886983], [-76.2607167, 3.2886569], [-76.2607829, 3.2886027], [-76.2608585, 3.2885402], [-76.2609232, 3.288476], [-76.2609465, 3.2884216], [-76.2609702, 3.2883386], [-76.2609647, 3.2882704], [-76.2609112, 3.2882275], [-76.2609123, 3.2881176], [-76.2609872, 3.2869679], [-76.2611203, 3.2850331], [-76.2611293, 3.2849411], [-76.261178, 3.2842123], [-76.2611938, 3.2839761], [-76.2613284, 3.2819997], [-76.2615628, 3.2814645], [-76.2616664, 3.28147], [-76.2617419, 3.2814788], [-76.2617768, 3.2814902], [-76.2617972, 3.2815206], [-76.262133, 3.281951], [-76.2625491, 3.2821071], [-76.2625746, 3.2822086], [-76.2625626, 3.2823529], [-76.2626406, 3.2825929], [-76.2626966, 3.28276], [-76.2627798, 3.2828834], [-76.2628979, 3.2829646], [-76.2629802, 3.2829722], [-76.2630806, 3.2829668], [-76.2631792, 3.2829037], [-76.2632727, 3.2825089], [-76.2635807, 3.2819949], [-76.2637728, 3.2819201], [-76.2642066, 3.2824503], [-76.2643853, 3.2823822], [-76.2644155, 3.2823217], [-76.2643687, 3.2820894], [-76.2643176, 3.2819702], [-76.2644151, 3.281753], [-76.2646318, 3.2815833], [-76.2648662, 3.2813103], [-76.265155, 3.2812925], [-76.2653752, 3.2809024], [-76.2655969, 3.2807881], [-76.265968, 3.2809698], [-76.2661958, 3.2808418], [-76.2664718, 3.2807497], [-76.2665722, 3.2806394], [-76.266551, 3.2805177], [-76.2664883, 3.280423], [-76.266276, 3.2803561], [-76.2661074, 3.2802733], [-76.2660655, 3.2801375], [-76.2661414, 3.2799172], [-76.2663706, 3.2795535], [-76.2665864, 3.2792474], [-76.2670089, 3.2788783], [-76.2679608, 3.2789213], [-76.2683427, 3.2791409], [-76.2683976, 3.2792378], [-76.2685225, 3.2792798], [-76.2686743, 3.2792709], [-76.2688142, 3.2792411], [-76.2689262, 3.2789929], [-76.2688452, 3.2787703], [-76.2688252, 3.2786726], [-76.2687812, 3.2786058], [-76.2687166, 3.2784518], [-76.2686991, 3.2782899], [-76.2687082, 3.2781494], [-76.2686374, 3.2779398], [-76.268653, 3.2778254], [-76.2688599, 3.2778256], [-76.2690875, 3.2778258], [-76.269293, 3.2777879], [-76.2694963, 3.2776598], [-76.2696157, 3.2775178], [-76.269688, 3.2774318], [-76.2697753, 3.2773685], [-76.269897, 3.2773048], [-76.2700254, 3.2773687], [-76.2701471, 3.2774293], [-76.2702571, 3.2775594], [-76.2703323, 3.2776483], [-76.2705187, 3.277696], [-76.2706265, 3.2777402], [-76.270768, 3.277793], [-76.270866, 3.2777544], [-76.2709609, 3.2777306], [-76.2710202, 3.2777281], [-76.2711375, 3.2778648], [-76.2712204, 3.277853], [-76.2713092, 3.277859], [-76.271435, 3.2778459], [-76.2714678, 3.2778123], [-76.2715493, 3.2778039], [-76.2716255, 3.2778173], [-76.2716829, 3.2778223], [-76.2718217, 3.2778476], [-76.2719229, 3.2778447], [-76.2719645, 3.2778447], [-76.27203, 3.2778597], [-76.2724035, 3.2777636], [-76.2725, 3.2776417], [-76.2724967, 3.2773294], [-76.2725005, 3.2770424], [-76.2724827, 3.2768383], [-76.2725587, 3.276663], [-76.272686, 3.2765443], [-76.2728223, 3.2765171], [-76.2729495, 3.2765628], [-76.2730739, 3.2766235], [-76.2732122, 3.2767306], [-76.2734037, 3.2768735], [-76.2735597, 3.2770341], [-76.273769, 3.277152], [-76.2739641, 3.2771949], [-76.2742268, 3.2771381], [-76.2743439, 3.2770847], [-76.2744823, 3.2770813], [-76.2746455, 3.2771848], [-76.2748617, 3.2774703], [-76.2751667, 3.2777238], [-76.2753298, 3.2778773], [-76.2754326, 3.2780058], [-76.2756383, 3.2781308], [-76.2759044, 3.278206], [-76.2760995, 3.2782989], [-76.2761987, 3.2784452], [-76.2764328, 3.2786023], [-76.2766279, 3.278681], [-76.2768514, 3.2787632], [-76.2769791, 3.2788382], [-76.2770394, 3.2789524], [-76.2769966, 3.2791342], [-76.2768368, 3.2793231], [-76.2767736, 3.2794299], [-76.2767833, 3.2795549], [-76.276833, 3.2796227], [-76.2769571, 3.2796942], [-76.2770707, 3.2797014], [-76.2772148, 3.279666], [-76.2773307, 3.279649], [-76.277455, 3.2797117], [-76.2775765, 3.2798169], [-76.2776868, 3.2798596], [-76.2778225, 3.2798626], [-76.2779751, 3.2798599], [-76.2780656, 3.2798344], [-76.2781363, 3.2798174], [-76.2782127, 3.2797833], [-76.2782494, 3.2798146], [-76.2782804, 3.2799397], [-76.2783537, 3.2801386], [-76.2783903, 3.2803006], [-76.2784722, 3.2804797], [-76.2785456, 3.2805707], [-76.2786925, 3.2806675], [-76.2789649, 3.2807764], [-76.279032, 3.280883], [-76.2791237, 3.2810109], [-76.2793639, 3.2811568], [-76.27959, 3.2812529], [-76.2799821, 3.281516], [-76.2798127, 3.2817344], [-76.2796509, 3.2819073], [-76.2792755, 3.2822697], [-76.2785882, 3.2829649], [-76.2786394, 3.28305], [-76.2787029, 3.2829924], [-76.2788566, 3.2830779], [-76.2791634, 3.2832833], [-76.2795628, 3.2834945], [-76.2796626, 3.283595], [-76.2796725, 3.2836954], [-76.2796023, 3.2840467], [-76.2794021, 3.2844883], [-76.2788049, 3.2855201], [-76.278781, 3.2855143], [-76.2787524, 3.2855933], [-76.2788418, 3.2856151], [-76.2791417, 3.2856717], [-76.2789506, 3.2862225], [-76.2788247, 3.2865999], [-76.278794, 3.2866993], [-76.2787867, 3.2867699], [-76.2786613, 3.2871347], [-76.2785513, 3.2874806], [-76.2785033, 3.2877183], [-76.2782718, 3.2875785], [-76.2778281, 3.2873179], [-76.2776567, 3.2871123], [-76.2775575, 3.2870191], [-76.2774319, 3.286886], [-76.2772666, 3.2866929], [-76.2765654, 3.285954], [-76.276065, 3.2854154], [-76.276218, 3.2852886], [-76.2763346, 3.2852094], [-76.2765215, 3.2851451], [-76.2767108, 3.2851198], [-76.2768659, 3.2851339], [-76.2787508, 3.285593], [-76.2787807, 3.2855142], [-76.2769081, 3.2850601], [-76.2765923, 3.2849883], [-76.2765845, 3.2849575], [-76.2766034, 3.284882], [-76.2767272, 3.2847661], [-76.2768467, 3.2846594], [-76.2770262, 3.2845141], [-76.2786368, 3.2830524], [-76.2785876, 3.2829655], [-76.2785317, 3.283022], [-76.2758662, 3.2853451], [-76.2728893, 3.2877688], [-76.2723594, 3.2872608], [-76.2719116, 3.2867909], [-76.2715395, 3.2863273], [-76.2711904, 3.2858094], [-76.2711398, 3.2857567], [-76.270583, 3.2854485], [-76.2702917, 3.2852408], [-76.2702174, 3.285151], [-76.2700697, 3.2849682], [-76.2698678, 3.2848475], [-76.2696816, 3.2849161], [-76.2692944, 3.2850405], [-76.269066, 3.28514], [-76.2689334, 3.2852071], [-76.2689331, 3.2852845], [-76.269015, 3.2854051], [-76.2688987, 3.2855181], [-76.2686438, 3.2855437], [-76.2685048, 3.2856383], [-76.2684898, 3.2857929], [-76.2685276, 3.2860067], [-76.2685157, 3.2861154], [-76.2684398, 3.2862168], [-76.2683618, 3.2862939], [-76.2682187, 3.2863943], [-76.2680873, 3.286431], [-76.2679534, 3.2862913], [-76.2677528, 3.2862106], [-76.2677054, 3.2861564], [-76.2677357, 3.2859894], [-76.2677335, 3.2859866], [-76.2677394, 3.2858228], [-76.2675314, 3.2857885], [-76.2674489, 3.2858987], [-76.2673731, 3.2860573], [-76.2672672, 3.2861408], [-76.2671015, 3.2861522], [-76.266928, 3.2861533], [-76.2668784, 3.2861701], [-76.2668027, 3.2863444], [-76.2667968, 3.286503], [-76.2667954, 3.2866132], [-76.2667096, 3.2867727], [-76.2666861, 3.2868432], [-76.2666724, 3.2869984], [-76.2665425, 3.2870449], [-76.2663738, 3.2870376], [-76.2662658, 3.2871167], [-76.2662853, 3.2872349], [-76.2664551, 3.2873485], [-76.2665567, 3.2874327], [-76.2665765, 3.2875534], [-76.2664217, 3.2877104], [-76.266365, 3.2877619], [-76.2663131, 3.2879503], [-76.265965, 3.2882197], [-76.2658467, 3.2882256], [-76.2657445, 3.2882932], [-76.2656141, 3.2884663], [-76.2654952, 3.288545], [-76.2651812, 3.2886095], [-76.2649403, 3.288644], [-76.2648835, 3.2885868], [-76.264835, 3.2884979], [-76.2647577, 3.2884426], [-76.2645433, 3.2884469], [-76.2643716, 3.2883532], [-76.2643243, 3.2882307], [-76.2643708, 3.2881148], [-76.2645648, 3.2881371], [-76.264651, 3.2880594], [-76.2645725, 3.2878619], [-76.2644793, 3.28767], [-76.2642333, 3.2875093], [-76.2639877, 3.2875057], [-76.2638281, 3.2873641], [-76.2637969, 3.2873415], [-76.2636308, 3.2872677], [-76.2634768, 3.2872531], [-76.2632318, 3.2872319], [-76.2631633, 3.2872103], [-76.2629507, 3.2872738], [-76.2628711, 3.2873324], [-76.2628417, 3.2874161], [-76.2627628, 3.2875902], [-76.2628535, 3.287689], [-76.2631733, 3.2877784], [-76.2632469, 3.2877381], [-76.2633818, 3.287583], [-76.2634753, 3.2875136], [-76.2635221, 3.2875], [-76.2635921, 3.2875128], [-76.2636097, 3.2875609], [-76.2636017, 3.2875973], [-76.2634694, 3.2877783], [-76.2633895, 3.2880083], [-76.2632585, 3.2882601], [-76.2630945, 3.2883583], [-76.2628921, 3.2886099], [-76.2628608, 3.2886606], [-76.2629786, 3.2888679], [-76.2632672, 3.2887567], [-76.2634624, 3.2889201], [-76.2634733, 3.2892179], [-76.2631611, 3.2896295], [-76.2633197, 3.2898902], [-76.2633369, 3.2900842], [-76.263146, 3.2899507], [-76.262944, 3.2898661], [-76.262578, 3.289968], [-76.2621925, 3.2900372], [-76.2620124, 3.2902366], [-76.2617032, 3.2896924], [-76.2614581, 3.2896222], [-76.2612247, 3.2896172], [-76.2611574, 3.2897668], [-76.2613434, 3.2901055], [-76.2613307, 3.2902162], [-76.2611699, 3.2902714], [-76.2609175, 3.2901887]]]}}, {"type": "Feature", "properties": {"OBJECTID": 73, "SECTOR_SAP": "Piña", "Shape_Leng": 708.795721679, "Shape_Area": 30487.2141075, "Sector": 0, "Empresa": "Bengala Propio", "Departamen": "Cauca", "Jefe_zona": "", "Tipo_predi": "B", "Nombre": "FRONTERA PIÑA", "PIE_LOMA": "PIÑA", "Supervisor": "", "Municipio": "Miranda", "EMPRESA_2": "", "zonas_abra": "Edgar Benitez"}, "geometry": {"type": "Polygon", "coordinates": [[[-76.2360475, 3.269224], [-76.2361789, 3.2678322], [-76.2380763, 3.2680592], [-76.2379274, 3.2691707], [-76.2376123, 3.2691591], [-76.2375014, 3.2693107], [-76.2364594, 3.2692601], [-76.2360475, 3.269224]]]}}, {"type": "Feature", "properties": {"OBJECTID": 74, "SECTOR_SAP": "Piña", "Shape_Leng": 1780.38344049, "Shape_Area": 145782.076718, "Sector": 0, "Empresa": "Bengala Propio", "Departamen": "Cauca", "Jefe_zona": "", "Tipo_predi": "C", "Nombre": "VANEGAS REPORTE", "PIE_LOMA": "", "Supervisor": "", "Municipio": "Miranda", "EMPRESA_2": "Bengala Propio", "zonas_abra": "Edgar Benitez"}, "geometry": {"type": "Polygon", "coordinates": [[[-76.2535768, 3.2551961], [-76.2535099, 3.2539326], [-76.253557, 3.2539056], [-76.2538763, 3.2539194], [-76.2540241, 3.2539736], [-76.2541082, 3.2540142], [-76.2541989, 3.2540683], [-76.2542761, 3.2541022], [-76.2543669, 3.2541023], [-76.2546359, 3.2540552], [-76.2547806, 3.2540298], [-76.2548476, 3.254036], [-76.2549485, 3.2540453], [-76.255093, 3.2540759], [-76.2550815, 3.2541897], [-76.2549985, 3.2557475], [-76.2548984, 3.2578532], [-76.2503538, 3.2576118], [-76.2502923, 3.2562513], [-76.2535768, 3.2551961]]]}}, {"type": "Feature", "properties": {"OBJECTID": 76, "SECTOR_SAP": "Piña", "Shape_Leng": 3353.17688891, "Shape_Area": 318367.554036, "Sector": 0, "Empresa": "Bengala Propio", "Departamen": "Cauca", "Jefe_zona": "", "Tipo_predi": "B", "Nombre": "FRONTERA PIÑA", "PIE_LOMA": "PIÑA", "Supervisor": "", "Municipio": "Miranda", "EMPRESA_2": "", "zonas_abra": "Edgar Benitez"}, "geometry": {"type": "Polygon", "coordinates": [[[-76.2321418, 3.2703912], [-76.2321879, 3.270351], [-76.235317, 3.2704394], [-76.2358395, 3.2701331], [-76.2358308, 3.2702187], [-76.2358228, 3.2702881], [-76.2357429, 3.2711816], [-76.2355617, 3.272768], [-76.2355214, 3.2731696], [-76.2355013, 3.2733303], [-76.2352809, 3.2739928], [-76.2350365, 3.2744969], [-76.2349549, 3.2759233], [-76.2348649, 3.2772334], [-76.2347225, 3.277635], [-76.234116, 3.2773143], [-76.2336149, 3.277878], [-76.2333115, 3.2778472], [-76.2330538, 3.2776488], [-76.2326746, 3.2776332], [-76.232523, 3.2775263], [-76.2329338, 3.276124], [-76.2319026, 3.2757572], [-76.2316304, 3.2756764], [-76.2315231, 3.2760617], [-76.2310821, 3.2772506], [-76.2307939, 3.2771588], [-76.2306273, 3.2769148], [-76.2303695, 3.2768383], [-76.2297473, 3.2770664], [-76.2297322, 3.2769749], [-76.2303636, 3.276077], [-76.2310637, 3.2752543], [-76.2330092, 3.2733902], [-76.2330594, 3.2733422], [-76.2329515, 3.2733034], [-76.2315921, 3.2726456], [-76.2315414, 3.2724636], [-76.231523, 3.2723466], [-76.230602, 3.2718672], [-76.2321418, 3.2703912]]]}}, {"type": "Feature", "properties": {"OBJECTID": 81, "SECTOR_SAP": "4708", "Shape_Leng": 2760.56440297, "Shape_Area": 426425.356273, "Sector": 4708, "Empresa": "Agricola Castilla", "Departamen": "Cauca", "Jefe_zona": "Edgar Gomez", "Tipo_predi": "A", "Nombre": "CENTRAL C. C. G.", "PIE_LOMA": "PLANO", "Supervisor": "Alexander Muñoz", "Municipio": "Pto Tejada", "EMPRESA_2": "Agricola Castilla", "zonas_abra": "Edgar Gomez"}, "geometry": {"type": "Polygon", "coordinates": [[[-76.4179206, 3.2545095], [-76.417057, 3.2592101], [-76.4168641, 3.2601827], [-76.4167534, 3.2607317], [-76.4167318, 3.2608495], [-76.4143845, 3.2617913], [-76.4138322, 3.2622488], [-76.4112986, 3.2540548], [-76.4179206, 3.2545095]]]}}, {"type": "Feature", "properties": {"OBJECTID": 82, "SECTOR_SAP": "4701", "Shape_Leng": 1411.2587612, "Shape_Area": 68287.7270866, "Sector": 4701, "Empresa": "Agricola Castilla", "Departamen": "Cauca", "Jefe_zona": "Edgar Gomez", "Tipo_predi": "A", "Nombre": "PAMPA I C.G.", "PIE_LOMA": "PLANO", "Supervisor": "Alexander Muñoz", "Municipio": "Pto Tejada", "EMPRESA_2": "Agricola Castilla", "zonas_abra": "Edgar Gomez"}, "geometry": {"type": "Polygon", "coordinates": [[[-76.4218311, 3.2519696], [-76.4218764, 3.2518681], [-76.4223064, 3.2509059], [-76.42317, 3.249106], [-76.4240767, 3.2492953], [-76.4220319, 3.2543146], [-76.4215254, 3.254112], [-76.4209755, 3.2538811], [-76.4218311, 3.2519696]]]}}, {"type": "Feature", "properties": {"OBJECTID": 83, "SECTOR_SAP": "4716", "Shape_Leng": 2213.45288575, "Shape_Area": 223296.180659, "Sector": 4716, "Empresa": "Agricola Castilla", "Departamen": "Cauca", "Jefe_zona": "Edgar Gomez", "Tipo_predi": "B", "Nombre": "GUENGUE C. G.", "PIE_LOMA": "PLANO", "Supervisor": "Alexander Muñoz", "Municipio": "Pto Tejada", "EMPRESA_2": "Agricola Castilla", "zonas_abra": "Edgar Gomez"}, "geometry": {"type": "Polygon", "coordinates": [[[-76.4236695, 3.2467715], [-76.4225985, 3.2465625], [-76.4219734, 3.2468779], [-76.4216873, 3.246869], [-76.4216809, 3.2467946], [-76.4223126, 3.2455185], [-76.4224251, 3.2452998], [-76.4223189, 3.2452777], [-76.4216068, 3.2451301], [-76.4215778, 3.2451195], [-76.4215903, 3.2450569], [-76.4215972, 3.2450289], [-76.4216025, 3.2450031], [-76.421737, 3.2443272], [-76.4217565, 3.2442248], [-76.4219433, 3.24324], [-76.4221061, 3.2432716], [-76.4227907, 3.2434022], [-76.4228304, 3.2434095], [-76.4235556, 3.243548], [-76.4243303, 3.2436863], [-76.4246651, 3.2424547], [-76.4247289, 3.2422265], [-76.4247834, 3.2420314], [-76.4273836, 3.2453027], [-76.427472, 3.2454201], [-76.4274472, 3.2455979], [-76.427348, 3.2456975], [-76.4260235, 3.2473766], [-76.4236695, 3.2467715]]]}}, {"type": "Feature", "properties": {"OBJECTID": 84, "SECTOR_SAP": "4305", "Shape_Leng": 6701.73944202, "Shape_Area": 1957283.58797, "Sector": 4305, "Empresa": "Agricola Castilla", "Departamen": "Cauca", "Jefe_zona": "Pacifico Mazo", "Tipo_predi": "C", "Nombre": "LA MARIA", "PIE_LOMA": "PIE LOMA", "Supervisor": "Adolfo Lucumi", "Municipio": "Corinto", "EMPRESA_2": "Agricola Castilla", "zonas_abra": "Pacifico Mazo"}, "geometry": {"type": "Polygon", "coordinates": [[[-76.2922258, 3.1628186], [-76.2915493, 3.1627346], [-76.2911576, 3.1628655], [-76.2907661, 3.1626504], [-76.2907189, 3.1623044], [-76.2906401, 3.1618956], [-76.2903517, 3.1613258], [-76.2903833, 3.1605634], [-76.2903836, 3.1601383], [-76.2902697, 3.159794], [-76.2901121, 3.1596898], [-76.2896666, 3.1595476], [-76.2895522, 3.1594424], [-76.2893532, 3.1592072], [-76.2891697, 3.1588428], [-76.2887835, 3.1583558], [-76.2883068, 3.1579724], [-76.2881279, 3.1578306], [-76.2824359, 3.151393], [-76.2851537, 3.1494845], [-76.2874169, 3.1484231], [-76.2894314, 3.1474081], [-76.2904168, 3.1468316], [-76.2908797, 3.1465265], [-76.2913655, 3.1460914], [-76.2922625, 3.1451162], [-76.29435, 3.1470195], [-76.2944686, 3.147537], [-76.2930141, 3.1537824], [-76.2978206, 3.1582916], [-76.3003508, 3.160757], [-76.3002373, 3.1613976], [-76.2996244, 3.1646787], [-76.2968474, 3.1659881], [-76.2944404, 3.1642226], [-76.2939354, 3.1635994], [-76.2933013, 3.1632356], [-76.2922258, 3.1628186]]]}}, {"type": "Feature", "properties": {"OBJECTID": 86, "SECTOR_SAP": "2124", "Shape_Leng": 1196.47299271, "Shape_Area": 65190.5806505, "Sector": 2124, "Empresa": "Agricola Castilla", "Departamen": "Cauca", "Jefe_zona": "Edgar Gomez", "Tipo_predi": "A", "Nombre": "CENTRAL COLOMBIA", "PIE_LOMA": "PLANO", "Supervisor": "Alexander Muñoz", "Municipio": "Pto Tejada", "EMPRESA_2": "Agricola Castilla", "zonas_abra": "Edgar Gomez"}, "geometry": {"type": "Polygon", "coordinates": [[[-76.4121419, 3.2648604], [-76.410331, 3.2651674], [-76.4102839, 3.2627897], [-76.413523, 3.2627252], [-76.4134044, 3.2634946], [-76.4123347, 3.2634679], [-76.4122493, 3.2648408], [-76.4121419, 3.2648604]]]}}, {"type": "Feature", "properties": {"OBJECTID": 87, "SECTOR_SAP": "4217", "Shape_Leng": 5090.41255694, "Shape_Area": 826251.917913, "Sector": 4217, "Empresa": "Agricola Castilla", "Departamen": "Valle", "Jefe_zona": "Edgar Benitez", "Tipo_predi": "C", "Nombre": "LLANO MEDIO C.", "PIE_LOMA": "PIE LOMA", "Supervisor": "Alvaro Latorre", "Municipio": "Florida", "EMPRESA_2": "Agricola Castilla", "zonas_abra": "Edgar Benitez"}, "geometry": {"type": "Polygon", "coordinates": [[[-76.2474376, 3.2993487], [-76.2474434, 3.2992966], [-76.2474445, 3.2991232], [-76.2474514, 3.2991148], [-76.2474477, 3.2990856], [-76.24743, 3.2990127], [-76.2474156, 3.2990116], [-76.2474073, 3.2990054], [-76.2473978, 3.2989575], [-76.2473948, 3.2989479], [-76.2474018, 3.2989358], [-76.2473858, 3.29892], [-76.2473232, 3.2987246], [-76.2471311, 3.2983536], [-76.247051, 3.2982085], [-76.2469297, 3.2983033], [-76.2468264, 3.2983373], [-76.2467564, 3.2983215], [-76.2460999, 3.2980367], [-76.2458784, 3.2979916], [-76.2456826, 3.2979399], [-76.2454584, 3.2975731], [-76.2453091, 3.2971807], [-76.2453013, 3.2971632], [-76.2451635, 3.2967541], [-76.2451326, 3.2967835], [-76.2451162, 3.2967467], [-76.2449591, 3.2968786], [-76.2448802, 3.2969016], [-76.24468, 3.2969057], [-76.2444583, 3.2968471], [-76.2443419, 3.2967815], [-76.2442889, 3.2967373], [-76.2441922, 3.2966186], [-76.2440724, 3.2965516], [-76.2438608, 3.2965028], [-76.2438026, 3.2964777], [-76.2436672, 3.2964015], [-76.2436221, 3.2963377], [-76.243589, 3.2962474], [-76.2435863, 3.2961273], [-76.243632, 3.295501], [-76.2432645, 3.29565], [-76.2431074, 3.2955645], [-76.2427997, 3.2954455], [-76.2427426, 3.2954496], [-76.2426918, 3.2954301], [-76.2412388, 3.2957072], [-76.2411199, 3.295851], [-76.2410608, 3.2959871], [-76.240705, 3.2965467], [-76.2407005, 3.2965481], [-76.2404079, 3.2964113], [-76.2401108, 3.2964076], [-76.2398776, 3.2964351], [-76.2397224, 3.2963741], [-76.2422694, 3.2915132], [-76.2424682, 3.2911467], [-76.2424857, 3.2908269], [-76.2424885, 3.2904868], [-76.2428304, 3.2903996], [-76.2430707, 3.2905595], [-76.2434213, 3.2907782], [-76.2437168, 3.290787], [-76.2440545, 3.2907109], [-76.2442987, 3.2904902], [-76.2445257, 3.2898396], [-76.2446211, 3.289566], [-76.2448069, 3.2894559], [-76.2449588, 3.2895409], [-76.2450767, 3.2898464], [-76.2452366, 3.2904744], [-76.245299, 3.2909734], [-76.245371, 3.2911448], [-76.2459616, 3.2915186], [-76.2464342, 3.2917363], [-76.2467634, 3.2917398], [-76.247388, 3.2917464], [-76.2476498, 3.2917492], [-76.2479535, 3.2919531], [-76.2481053, 3.2921568], [-76.2482232, 3.2924454], [-76.2483719, 3.2926132], [-76.248569, 3.2927681], [-76.2487715, 3.2929041], [-76.2489148, 3.2931163], [-76.2489736, 3.2934897], [-76.2490071, 3.2937612], [-76.2490323, 3.2939394], [-76.2492055, 3.2941556], [-76.2492467, 3.2941688], [-76.2492756, 3.2941993], [-76.2495205, 3.2942563], [-76.2498845, 3.2943728], [-76.2500137, 3.2944311], [-76.2501915, 3.2945361], [-76.2502713, 3.2946239], [-76.2503316, 3.2947211], [-76.2503145, 3.295052], [-76.2503999, 3.2953057], [-76.2505588, 3.2955273], [-76.2508119, 3.2957481], [-76.2510228, 3.2958841], [-76.2513266, 3.296071], [-76.2515304, 3.2961874], [-76.2517567, 3.2963009], [-76.2518863, 3.2963658], [-76.2520518, 3.2964954], [-76.2521718, 3.2966102], [-76.252263, 3.2968015], [-76.2522712, 3.2970984], [-76.252324, 3.2973842], [-76.2524649, 3.2975143], [-76.2525411, 3.2975392], [-76.2525569, 3.297553], [-76.2526177, 3.2975641], [-76.2527769, 3.297616], [-76.2530305, 3.2976082], [-76.25352, 3.2976595], [-76.2537286, 3.2977121], [-76.2538863, 3.2977636], [-76.2539933, 3.2977471], [-76.2541077, 3.2977581], [-76.2537824, 3.2981217], [-76.2534762, 3.2979815], [-76.2532626, 3.2980186], [-76.2530229, 3.2980251], [-76.2516935, 3.2996625], [-76.2513199, 3.3000237], [-76.2509023, 3.3000085], [-76.2507769, 3.3003385], [-76.2508134, 3.3007293], [-76.250808, 3.3008827], [-76.2503522, 3.3014054], [-76.2498166, 3.301993], [-76.2497796, 3.3019452], [-76.249798, 3.3017114], [-76.2497603, 3.3016212], [-76.2496677, 3.3014776], [-76.2496306, 3.301166], [-76.2495612, 3.3010584], [-76.2490848, 3.3005631], [-76.2488397, 3.3006153], [-76.2486794, 3.3006171], [-76.2485405, 3.300574], [-76.2484336, 3.3004825], [-76.2483963, 3.3003428], [-76.2482454, 3.3001764], [-76.2476856, 3.300009], [-76.2475627, 3.2999337], [-76.24752, 3.2998262], [-76.2475682, 3.2997349], [-76.2475524, 3.2995361], [-76.2474723, 3.2994447], [-76.2474376, 3.2993487]]]}}, {"type": "Feature", "properties": {"OBJECTID": 89, "SECTOR_SAP": "2506", "Shape_Leng": 3196.90073233, "Shape_Area": 670720.843473, "Sector": 2506, "Empresa": "Agricola Castilla", "Departamen": "Valle", "Jefe_zona": "Carlos Lucumi", "Tipo_predi": "A", "Nombre": "CASTILLA A.", "PIE_LOMA": "PLANO", "Supervisor": "Edwin Arango R.", "Municipio": "Pradera", "EMPRESA_2": "Agricola Castilla", "zonas_abra": "Carlos Lucumi"}, "geometry": {"type": "Polygon", "coordinates": [[[-76.2869498, 3.3559232], [-76.2851938, 3.3576358], [-76.2844855, 3.3590887], [-76.2842917, 3.3592184], [-76.2810352, 3.360896], [-76.2793822, 3.3604883], [-76.2768669, 3.3598725], [-76.2767145, 3.359828], [-76.2767264, 3.3597562], [-76.2767235, 3.3597592], [-76.2767264, 3.3597532], [-76.2767653, 3.3595589], [-76.2777155, 3.3556792], [-76.2777544, 3.3555088], [-76.2777514, 3.3555058], [-76.2778469, 3.3551669], [-76.2779638, 3.355167], [-76.2780702, 3.3551353], [-76.278145, 3.3550431], [-76.2783262, 3.3549109], [-76.2784993, 3.3546546], [-76.2786723, 3.3544479], [-76.2793394, 3.3540845], [-76.2798831, 3.3537044], [-76.2805747, 3.3535147], [-76.2806901, 3.3533907], [-76.2807479, 3.3532004], [-76.2806822, 3.3529522], [-76.2807482, 3.3528199], [-76.2810282, 3.352696], [-76.2812918, 3.3524977], [-76.2814812, 3.3524234], [-76.2815882, 3.3524566], [-76.2816656, 3.3524473], [-76.2819799, 3.3525538], [-76.2825455, 3.3527297], [-76.2837073, 3.3531736], [-76.2841129, 3.3532935], [-76.2844846, 3.3534368], [-76.2848087, 3.353687], [-76.2850828, 3.3539467], [-76.2853742, 3.3541736], [-76.2855838, 3.3544185], [-76.2858792, 3.3547207], [-76.286068, 3.3549921], [-76.2862863, 3.3552818], [-76.2864344, 3.355406], [-76.2866729, 3.355671], [-76.2869498, 3.3559232]]]}}, {"type": "Feature", "properties": {"OBJECTID": 91, "SECTOR_SAP": "2503", "Shape_Leng": 7783.22363028, "Shape_Area": 2236853.75402, "Sector": 2503, "Empresa": "Agricola Castilla", "Departamen": "Valle", "Jefe_zona": "Carlos Lucumi", "Tipo_predi": "A", "Nombre": "AVELINA A.", "PIE_LOMA": "PLANO", "Supervisor": "Edwin J. Villacorte", "Municipio": "Pradera", "EMPRESA_2": "Agricola Castilla", "zonas_abra": "Carlos Lucumi"}, "geometry": {"type": "Polygon", "coordinates": [[[-76.2678866, 3.3582614], [-76.2678871, 3.358262], [-76.2678883, 3.3582625], [-76.2679293, 3.35829], [-76.2698437, 3.35845], [-76.270136, 3.3584979], [-76.2710768, 3.3586759], [-76.2712242, 3.3587039], [-76.2737472, 3.3591974], [-76.2736983, 3.3594417], [-76.276117, 3.3602874], [-76.2786538, 3.3610177], [-76.278541, 3.3615678], [-76.2784614, 3.3619293], [-76.2783092, 3.3626516], [-76.2775352, 3.3663268], [-76.2825048, 3.3681932], [-76.2825015, 3.3682254], [-76.2822581, 3.3683439], [-76.2819712, 3.3685138], [-76.2817199, 3.3687343], [-76.2807253, 3.3698243], [-76.279943, 3.3705571], [-76.2797484, 3.3707238], [-76.2794547, 3.3708091], [-76.2793128, 3.3708192], [-76.2791774, 3.3708014], [-76.2789138, 3.3707085], [-76.2786635, 3.370634], [-76.2783969, 3.3705829], [-76.2782007, 3.3705646], [-76.2780402, 3.3707218], [-76.2778697, 3.3709218], [-76.2776295, 3.3712827], [-76.2775135, 3.3715524], [-76.2775166, 3.3717056], [-76.2775851, 3.3718333], [-76.2777466, 3.3720372], [-76.2778076, 3.3722041], [-76.2778489, 3.37256], [-76.2778101, 3.372868], [-76.2778021, 3.3731586], [-76.2777762, 3.3736746], [-76.2777277, 3.3740404], [-76.2776316, 3.3741817], [-76.2773826, 3.3743733], [-76.2771454, 3.3744148], [-76.2767896, 3.3743197], [-76.2764096, 3.374223], [-76.2759703, 3.3742424], [-76.2756804, 3.3742308], [-76.2749617, 3.3741383], [-76.2748054, 3.374157], [-76.2747281, 3.3741522], [-76.274687, 3.3741711], [-76.2746773, 3.3741723], [-76.2745499, 3.3742344], [-76.2744785, 3.3742674], [-76.2744721, 3.374271], [-76.2741963, 3.3743477], [-76.2739419, 3.3743571], [-76.2736345, 3.3741825], [-76.2731624, 3.3738426], [-76.2728203, 3.3737278], [-76.272575, 3.3737694], [-76.2720892, 3.374124], [-76.2717044, 3.3743043], [-76.2718797, 3.3733262], [-76.2721769, 3.3718502], [-76.2692758, 3.3706626], [-76.2657716, 3.3693294], [-76.2682727, 3.3650608], [-76.2620841, 3.3625783], [-76.2619236, 3.3628014], [-76.2616687, 3.3630516], [-76.2613824, 3.3628223], [-76.2640928, 3.3595137], [-76.2662253, 3.3568943], [-76.2678621, 3.3573669], [-76.2679142, 3.3574193], [-76.2678316, 3.358197], [-76.2678866, 3.3582614]]]}}, {"type": "Feature", "properties": {"OBJECTID": 93, "SECTOR_SAP": "2108", "Shape_Leng": 12484.8099025, "Shape_Area": 3459690.64253, "Sector": 2108, "Empresa": "Agricola Castilla", "Departamen": "Valle", "Jefe_zona": "Carlos Lucumi", "Tipo_predi": "A", "Nombre": "BUCHITOLO", "PIE_LOMA": "PLANO", "Supervisor": "Jose J. Rivera", "Municipio": "Candelaria", "EMPRESA_2": "Agricola Castilla", "zonas_abra": "Carlos Lucumi"}, "geometry": {"type": "Polygon", "coordinates": [[[-76.3559728, 3.3755097], [-76.3583557, 3.3722393], [-76.3586154, 3.3724366], [-76.3588783, 3.3726431], [-76.3589296, 3.3725958], [-76.3587155, 3.3724277], [-76.3600459, 3.3708344], [-76.3592885, 3.3701774], [-76.358935, 3.3705274], [-76.3581767, 3.3711262], [-76.3576982, 3.371514], [-76.3575251, 3.3713677], [-76.3572118, 3.3710582], [-76.3571322, 3.3709823], [-76.3570515, 3.3708978], [-76.3569503, 3.3707707], [-76.3568104, 3.3705545], [-76.3567355, 3.3704189], [-76.3566916, 3.3703545], [-76.3565895, 3.370238], [-76.3564136, 3.3701844], [-76.3565792, 3.3696588], [-76.356628, 3.3695493], [-76.356773, 3.3694352], [-76.3571423, 3.369186], [-76.3576574, 3.36897], [-76.3578067, 3.3688619], [-76.3575282, 3.3686531], [-76.3580466, 3.367899], [-76.3647987, 3.3600038], [-76.3648485, 3.3599548], [-76.3648451, 3.3599176], [-76.3675596, 3.3567304], [-76.3681807, 3.3560023], [-76.3694345, 3.3569971], [-76.376048, 3.3485962], [-76.3766136, 3.3478957], [-76.3766964, 3.3478779], [-76.3767535, 3.3479312], [-76.3768554, 3.3482076], [-76.3768815, 3.3482828], [-76.3769386, 3.3486247], [-76.3771911, 3.3486067], [-76.3772633, 3.348751], [-76.377621, 3.349062], [-76.3777224, 3.3491719], [-76.3777878, 3.3492957], [-76.3778658, 3.3496307], [-76.378184, 3.3497696], [-76.3783581, 3.3498732], [-76.3786915, 3.3500216], [-76.3789953, 3.3499919], [-76.3791861, 3.3500083], [-76.3792496, 3.3500359], [-76.3792916, 3.3500633], [-76.3823869, 3.3569622], [-76.3823853, 3.3570002], [-76.3823323, 3.3570492], [-76.3820214, 3.357328], [-76.3750598, 3.3632012], [-76.3660901, 3.3709024], [-76.3652691, 3.3716071], [-76.3639795, 3.3727298], [-76.3621291, 3.3742951], [-76.3610957, 3.3741353], [-76.3609691, 3.3740807], [-76.3596127, 3.373043], [-76.361302, 3.3711002], [-76.3608386, 3.3707833], [-76.3591211, 3.3727462], [-76.3589303, 3.3725964], [-76.3588801, 3.3726445], [-76.3600828, 3.373589], [-76.3610775, 3.3742808], [-76.3619277, 3.3744296], [-76.3618256, 3.3744935], [-76.3612475, 3.3749576], [-76.3597377, 3.3759988], [-76.3594904, 3.3762047], [-76.3586326, 3.3769597], [-76.3575545, 3.3779206], [-76.3559353, 3.3793187], [-76.3538346, 3.3810568], [-76.3536566, 3.381085], [-76.3536372, 3.3810319], [-76.3535569, 3.3807706], [-76.3534573, 3.3804929], [-76.3533586, 3.3803607], [-76.3532774, 3.3802988], [-76.3531685, 3.3802437], [-76.3530597, 3.3802177], [-76.3529439, 3.3801546], [-76.352777, 3.3800848], [-76.3559728, 3.3755097]]]}}, {"type": "Feature", "properties": {"OBJECTID": 95, "SECTOR_SAP": "2104", "Shape_Leng": 18184.9251258, "Shape_Area": 5088262.15826, "Sector": 2104, "Empresa": "Agricola Castilla", "Departamen": "Valle", "Jefe_zona": "Carlos Lucumi", "Tipo_predi": "A", "Nombre": "CHAMORRAS", "PIE_LOMA": "PLANO", "Supervisor": "Edwin Arango R.", "Municipio": "Pradera", "EMPRESA_2": "Agricola Castilla", "zonas_abra": "Carlos Lucumi"}, "geometry": {"type": "Polygon", "coordinates": [[[-76.2600342, 3.4048099], [-76.2569279, 3.4042612], [-76.2549259, 3.404543], [-76.2532946, 3.404762], [-76.2517441, 3.4049779], [-76.2517337, 3.404345], [-76.2517747, 3.402234], [-76.2517838, 3.4017018], [-76.2542372, 3.4018533], [-76.2547144, 3.4035524], [-76.2549677, 3.4044559], [-76.2557241, 3.4043371], [-76.2556439, 3.4019477], [-76.2559118, 3.4019545], [-76.2559742, 3.4013537], [-76.2518291, 3.4005236], [-76.2518293, 3.400207], [-76.2518339, 3.400111], [-76.2518502, 3.3995565], [-76.2518645, 3.3993479], [-76.2530637, 3.3993201], [-76.2533012, 3.399333], [-76.2533342, 3.3989917], [-76.2533581, 3.3987955], [-76.2533678, 3.3986998], [-76.2533678, 3.3986807], [-76.2533712, 3.398658], [-76.2533725, 3.3986246], [-76.2533794, 3.3985877], [-76.2533843, 3.3985475], [-76.2533594, 3.3985437], [-76.2531402, 3.3984728], [-76.2526974, 3.3984732], [-76.2524912, 3.3984961], [-76.252224, 3.3984369], [-76.2521532, 3.3983815], [-76.2520009, 3.3981224], [-76.2520746, 3.3972734], [-76.2520145, 3.3949466], [-76.256303, 3.3950043], [-76.2564271, 3.3950011], [-76.2565981, 3.3949844], [-76.2574497, 3.3951267], [-76.257908, 3.3963132], [-76.258117, 3.3969921], [-76.2586073, 3.3981466], [-76.2590358, 3.3993268], [-76.2591057, 3.3995194], [-76.259154, 3.3996524], [-76.2592158, 3.3998227], [-76.2592589, 3.3999411], [-76.2592902, 3.3999744], [-76.2593511, 3.400031], [-76.2594561, 3.4000688], [-76.2594826, 3.4000684], [-76.2595826, 3.4000462], [-76.2598205, 3.3996029], [-76.2599944, 3.3995112], [-76.2600736, 3.3994746], [-76.2603386, 3.3993163], [-76.2603011, 3.3991709], [-76.2602517, 3.3989795], [-76.2597543, 3.3969432], [-76.2598559, 3.3969352], [-76.2620044, 3.3958348], [-76.2621209, 3.3957724], [-76.2622042, 3.3957278], [-76.2622062, 3.395695], [-76.2622284, 3.3956833], [-76.2626901, 3.3957748], [-76.262756, 3.3958031], [-76.2628763, 3.3958653], [-76.2629464, 3.3958857], [-76.2657296, 3.39536], [-76.2694164, 3.3946285], [-76.2695973, 3.3932839], [-76.2698325, 3.3912359], [-76.2675224, 3.390665], [-76.2684137, 3.3883838], [-76.2685511, 3.3880331], [-76.2686432, 3.3879225], [-76.2692156, 3.3864232], [-76.2709436, 3.3870464], [-76.2721933, 3.3876107], [-76.2731438, 3.3851855], [-76.271377, 3.3844474], [-76.2716367, 3.383278], [-76.2714214, 3.3829312], [-76.2727812, 3.3814534], [-76.2725549, 3.3812792], [-76.2707314, 3.3832748], [-76.2704508, 3.3836364], [-76.2700837, 3.3838603], [-76.2697116, 3.3840543], [-76.2699203, 3.383171], [-76.2705527, 3.3801559], [-76.2705751, 3.3801648], [-76.2728022, 3.3810085], [-76.272802, 3.3810087], [-76.2725621, 3.3812713], [-76.2727836, 3.3814508], [-76.2730766, 3.3811324], [-76.2730886, 3.3811194], [-76.274099, 3.3815022], [-76.2750377, 3.3818615], [-76.2787625, 3.3833149], [-76.2858307, 3.3860211], [-76.2857458, 3.3873032], [-76.2856247, 3.3898875], [-76.2856341, 3.3925139], [-76.2852608, 3.3922735], [-76.284868, 3.3920557], [-76.2847605, 3.3919957], [-76.2846692, 3.3919353], [-76.284382, 3.3917668], [-76.2842372, 3.3916763], [-76.2840961, 3.3915762], [-76.2838959, 3.3914824], [-76.2834613, 3.3913239], [-76.2832129, 3.3912723], [-76.282747, 3.3911512], [-76.2813115, 3.390671], [-76.2812696, 3.3906551], [-76.2811104, 3.3905968], [-76.2809089, 3.390535], [-76.2809045, 3.3905349], [-76.2807962, 3.3904986], [-76.2796586, 3.3905132], [-76.2793553, 3.3905135], [-76.2791529, 3.3905075], [-76.2790998, 3.3905059], [-76.2788257, 3.3905239], [-76.2767732, 3.3905502], [-76.2747076, 3.3905057], [-76.2746974, 3.3905034], [-76.2745395, 3.3905021], [-76.2742012, 3.3904948], [-76.2742023, 3.3905021], [-76.2741771, 3.3905023], [-76.274131, 3.3905073], [-76.2742155, 3.3910171], [-76.274322, 3.3916448], [-76.2744548, 3.3925025], [-76.2745492, 3.393142], [-76.2746323, 3.3936756], [-76.2746786, 3.3939769], [-76.2747139, 3.3942641], [-76.2747533, 3.3945698], [-76.2748267, 3.3951261], [-76.2749071, 3.3957558], [-76.2749687, 3.3962453], [-76.2749875, 3.3963411], [-76.2749876, 3.3963423], [-76.2749877, 3.3963423], [-76.2749898, 3.3963533], [-76.2757694, 3.3966585], [-76.2759027, 3.3967236], [-76.2759219, 3.3967942], [-76.2776489, 3.4043742], [-76.2784666, 3.4080749], [-76.2775657, 3.4102418], [-76.2723384, 3.4089308], [-76.2671296, 3.4076349], [-76.264489, 3.4069925], [-76.2647285, 3.4056532], [-76.2621209, 3.4049587], [-76.26159, 3.4049263], [-76.2600342, 3.4048099]]]}}, {"type": "Feature", "properties": {"OBJECTID": 97, "SECTOR_SAP": "2506", "Shape_Leng": 10366.3510662, "Shape_Area": 3344436.3743, "Sector": 2506, "Empresa": "Agricola Castilla", "Departamen": "Valle", "Jefe_zona": "Carlos Lucumi", "Tipo_predi": "A", "Nombre": "CASTILLA A.", "PIE_LOMA": "PLANO", "Supervisor": "Edwin Arango R.", "Municipio": "Pradera", "EMPRESA_2": "Agricola Castilla", "zonas_abra": "Carlos Lucumi"}, "geometry": {"type": "Polygon", "coordinates": [[[-76.2915156, 3.3881127], [-76.2914332, 3.3880804], [-76.2914288, 3.3880855], [-76.2914256, 3.3880845], [-76.291364, 3.3881532], [-76.2911497, 3.3883974], [-76.2908137, 3.388791], [-76.2907346, 3.3888819], [-76.290736, 3.3888951], [-76.2905149, 3.3889665], [-76.2896262, 3.3887628], [-76.2886366, 3.3884371], [-76.2884145, 3.3883151], [-76.2882127, 3.3880916], [-76.2880109, 3.3877666], [-76.2877486, 3.3874618], [-76.2875889, 3.3873505], [-76.2869406, 3.3872987], [-76.2866375, 3.3874203], [-76.2863547, 3.3874403], [-76.2858498, 3.3872978], [-76.2858823, 3.386134], [-76.2858805, 3.3860637], [-76.285875, 3.3859726], [-76.2838341, 3.3851976], [-76.2788659, 3.3833109], [-76.2750459, 3.3818585], [-76.274099, 3.3814998], [-76.2730913, 3.381114], [-76.2730725, 3.3811069], [-76.2730718, 3.381103], [-76.2730819, 3.3810919], [-76.2728405, 3.3809872], [-76.2728254, 3.3810037], [-76.272811, 3.3810068], [-76.2728057, 3.3810047], [-76.2705553, 3.3801433], [-76.2705527, 3.3801559], [-76.2705169, 3.3801418], [-76.2705415, 3.3801562], [-76.2705047, 3.3801351], [-76.27055, 3.3799102], [-76.2706271, 3.3796547], [-76.2707888, 3.3787255], [-76.2712818, 3.376279], [-76.2714565, 3.3753968], [-76.2716185, 3.3746526], [-76.271649, 3.3745502], [-76.2716916, 3.3743816], [-76.2722854, 3.3740605], [-76.2727496, 3.3738741], [-76.2729741, 3.3738743], [-76.2736377, 3.3743459], [-76.2738425, 3.3744441], [-76.2741398, 3.3744661], [-76.2743501, 3.3743857], [-76.2744868, 3.3743367], [-76.2745552, 3.3743074], [-76.2746548, 3.37423], [-76.2748074, 3.3741567], [-76.2749608, 3.3741428], [-76.2753313, 3.3742564], [-76.2756764, 3.3743889], [-76.275935, 3.3743961], [-76.2761733, 3.3743591], [-76.2765172, 3.3743643], [-76.2767639, 3.374429], [-76.2770561, 3.3745504], [-76.2772703, 3.3745584], [-76.277196, 3.3746434], [-76.2783267, 3.3749963], [-76.2783295, 3.3749968], [-76.272842, 3.3809856], [-76.2730842, 3.3810894], [-76.2784998, 3.3751131], [-76.2785945, 3.3750176], [-76.2786879, 3.3749132], [-76.2800642, 3.3734783], [-76.2814835, 3.3719767], [-76.289891, 3.3752126], [-76.2945603, 3.3740575], [-76.2959201, 3.3737166], [-76.2960608, 3.373683], [-76.296176, 3.3736555], [-76.2962274, 3.3736432], [-76.2962721, 3.3736326], [-76.2963239, 3.3736202], [-76.295922, 3.3774177], [-76.2957711, 3.3789946], [-76.2956483, 3.3801889], [-76.2955275, 3.3814685], [-76.2951646, 3.3852785], [-76.2948428, 3.3885542], [-76.2948198, 3.3887817], [-76.2948146, 3.3888413], [-76.2947625, 3.389372], [-76.2940607, 3.3890988], [-76.2935237, 3.388898], [-76.2931768, 3.3887623], [-76.2927025, 3.3885768], [-76.291929, 3.3882695], [-76.2915974, 3.3881382], [-76.2915156, 3.3881127]]]}}, {"type": "Feature", "properties": {"OBJECTID": 99, "SECTOR_SAP": "2105", "Shape_Leng": 16727.1473073, "Shape_Area": 5318279.58825, "Sector": 2105, "Empresa": "Agricola Castilla", "Departamen": "Valle", "Jefe_zona": "Carlos Lucumi", "Tipo_predi": "A", "Nombre": "SAN RAFAEL", "PIE_LOMA": "PLANO", "Supervisor": "Jose J. Rivera", "Municipio": "Pradera", "EMPRESA_2": "Agricola Castilla", "zonas_abra": "Carlos Lucumi"}, "geometry": {"type": "Polygon", "coordinates": [[[-76.293555, 3.4029519], [-76.2934423, 3.4029407], [-76.2934411, 3.4029516], [-76.292968, 3.4029073], [-76.2923056, 3.4013548], [-76.291968, 3.3987683], [-76.2914684, 3.3949709], [-76.2914552, 3.394871], [-76.2910906, 3.3920998], [-76.2909245, 3.3905984], [-76.290736, 3.3888951], [-76.2908137, 3.388791], [-76.2914288, 3.3880855], [-76.2915156, 3.3881127], [-76.2927025, 3.3885768], [-76.2931902, 3.3887706], [-76.2933264, 3.3888243], [-76.2935237, 3.388898], [-76.2943584, 3.3892246], [-76.2947636, 3.3893788], [-76.2946964, 3.3901847], [-76.2945157, 3.3916897], [-76.2944633, 3.3921858], [-76.2944278, 3.3925221], [-76.2942084, 3.3945987], [-76.2940777, 3.3958364], [-76.2940747, 3.3960113], [-76.294049, 3.3962912], [-76.2937599, 3.3994417], [-76.2934425, 3.402938], [-76.2935552, 3.4029497], [-76.2935618, 3.4028893], [-76.2938506, 3.3994764], [-76.2941607, 3.3960317], [-76.2941758, 3.3958521], [-76.2944952, 3.3928888], [-76.2946007, 3.3919743], [-76.2948907, 3.3894769], [-76.2949046, 3.3892833], [-76.2952754, 3.3853248], [-76.2956379, 3.3814972], [-76.2956566, 3.3813785], [-76.2958521, 3.3790452], [-76.29601, 3.3774027], [-76.2964065, 3.3734994], [-76.2964686, 3.3734031], [-76.2990227, 3.3705097], [-76.301275, 3.3680346], [-76.3018887, 3.3673716], [-76.3022121, 3.3670012], [-76.3024364, 3.3668389], [-76.3027789, 3.367245], [-76.3028781, 3.3673559], [-76.3029608, 3.3674336], [-76.3030489, 3.3675334], [-76.3034863, 3.3678602], [-76.3038285, 3.368607], [-76.3039622, 3.3686657], [-76.3041098, 3.3687306], [-76.3043301, 3.3688176], [-76.3044376, 3.3689202], [-76.3044871, 3.3689757], [-76.3046029, 3.3690589], [-76.3047131, 3.3691533], [-76.3048564, 3.3692365], [-76.3049998, 3.3692976], [-76.3050935, 3.3693587], [-76.3052313, 3.369453], [-76.3053736, 3.3695485], [-76.3054207, 3.3696246], [-76.3054847, 3.3697858], [-76.3055508, 3.3699355], [-76.3055728, 3.3700075], [-76.3057105, 3.370113], [-76.3058538, 3.3702517], [-76.3059751, 3.3703681], [-76.3060467, 3.3704403], [-76.3061128, 3.3704847], [-76.3061679, 3.3705346], [-76.306212, 3.370579], [-76.3062616, 3.3706289], [-76.3063057, 3.3706622], [-76.3063663, 3.3707232], [-76.3064876, 3.370751], [-76.3066089, 3.3707899], [-76.3067578, 3.3708344], [-76.3068846, 3.3709343], [-76.3070223, 3.371084], [-76.3071931, 3.3713779], [-76.3073088, 3.3714999], [-76.3074135, 3.3715998], [-76.3075127, 3.3716997], [-76.3076008, 3.3717662], [-76.3076725, 3.3718162], [-76.3077387, 3.3718384], [-76.3078103, 3.3718606], [-76.3078875, 3.3718884], [-76.3079757, 3.3719273], [-76.308075, 3.3719385], [-76.3081577, 3.3719274], [-76.3083066, 3.3719553], [-76.3085272, 3.3719444], [-76.3088747, 3.3719225], [-76.309145, 3.3719006], [-76.3094649, 3.3718011], [-76.309647, 3.3716848], [-76.3097409, 3.3715796], [-76.3098512, 3.3715298], [-76.3099561, 3.3714357], [-76.3100333, 3.3713581], [-76.3101548, 3.3712418], [-76.3102982, 3.3711588], [-76.3105079, 3.3710869], [-76.3107782, 3.3709652], [-76.3109768, 3.3709155], [-76.311258, 3.3709767], [-76.3115501, 3.371182], [-76.3119139, 3.3714207], [-76.3120517, 3.3715261], [-76.3121012, 3.3716813], [-76.3122002, 3.3720639], [-76.3123213, 3.3723633], [-76.3123874, 3.3724686], [-76.3124645, 3.3725795], [-76.3125196, 3.3726904], [-76.312536, 3.372757], [-76.3124642, 3.3729453], [-76.3124291, 3.3731138], [-76.3124466, 3.3732063], [-76.3123688, 3.3738294], [-76.3123878, 3.3743299], [-76.312314, 3.3744528], [-76.3122092, 3.3745303], [-76.3120519, 3.3746299], [-76.3119829, 3.3746798], [-76.3118394, 3.3748071], [-76.3116573, 3.3749677], [-76.3115744, 3.3751672], [-76.3116369, 3.3753098], [-76.3117287, 3.3753446], [-76.311839, 3.3753059], [-76.3119604, 3.3752284], [-76.3120818, 3.3752119], [-76.312192, 3.3753229], [-76.3122744, 3.3756444], [-76.3122687, 3.3758716], [-76.3122742, 3.3759825], [-76.3122851, 3.3760462], [-76.3123127, 3.3760989], [-76.3123291, 3.3761765], [-76.3123401, 3.3762708], [-76.3124503, 3.3764316], [-76.312566, 3.3765425], [-76.3126762, 3.376659], [-76.3127145, 3.3769694], [-76.3128026, 3.377169], [-76.3128743, 3.3772245], [-76.3129404, 3.3772412], [-76.3131005, 3.3771139], [-76.3132053, 3.3770364], [-76.3132991, 3.3770198], [-76.3136078, 3.3772639], [-76.3137676, 3.3773472], [-76.3140268, 3.3773641], [-76.3141812, 3.3773864], [-76.3142805, 3.3774529], [-76.3142086, 3.3775804], [-76.3142249, 3.3778741], [-76.3141696, 3.3780681], [-76.3140923, 3.3782454], [-76.3139212, 3.3783505], [-76.3137778, 3.3784169], [-76.3137998, 3.3785112], [-76.3139265, 3.3786055], [-76.3140202, 3.3786943], [-76.3140973, 3.3788163], [-76.3141634, 3.3788995], [-76.314213, 3.3789383], [-76.3142367, 3.3789849], [-76.3142631, 3.3790292], [-76.3143337, 3.379047], [-76.3144044, 3.378985], [-76.3144089, 3.3787988], [-76.3144796, 3.3786703], [-76.314537, 3.3786304], [-76.3149649, 3.3787948], [-76.3153575, 3.378804], [-76.315512, 3.3787953], [-76.3156885, 3.3787733], [-76.3158209, 3.3787335], [-76.3159797, 3.3786937], [-76.3161518, 3.3786805], [-76.3163328, 3.3785964], [-76.3163418, 3.3783703], [-76.316461, 3.3782595], [-76.3165979, 3.3781621], [-76.3166994, 3.3781356], [-76.3168008, 3.3781534], [-76.3169221, 3.3782688], [-76.3169882, 3.3783553], [-76.3170671, 3.3784128], [-76.3171704, 3.378346], [-76.3171936, 3.3781183], [-76.3172687, 3.3779809], [-76.317379, 3.3780031], [-76.3175178, 3.378143], [-76.3177141, 3.3781808], [-76.317873, 3.3781543], [-76.3179878, 3.3780835], [-76.3181025, 3.3781013], [-76.3180405, 3.3783762], [-76.3180435, 3.378449], [-76.3181109, 3.378589], [-76.3182101, 3.3786689], [-76.3183623, 3.3787223], [-76.3184373, 3.3786558], [-76.3184419, 3.3785051], [-76.318442, 3.3783942], [-76.3184774, 3.3782568], [-76.3186011, 3.3779909], [-76.3186717, 3.3780087], [-76.3187686, 3.3782659], [-76.3187994, 3.3783502], [-76.318817, 3.3784389], [-76.318861, 3.3785187], [-76.3188874, 3.378603], [-76.3189138, 3.3787582], [-76.3189587, 3.3788359], [-76.3189256, 3.3790149], [-76.3170359, 3.3813541], [-76.3167006, 3.381721], [-76.3158169, 3.3828372], [-76.3157283, 3.3829403], [-76.3146789, 3.3841919], [-76.314501, 3.3843056], [-76.3144301, 3.3843003], [-76.3143604, 3.3842885], [-76.3142984, 3.3842846], [-76.3142248, 3.384269], [-76.3140544, 3.3841715], [-76.3138761, 3.3840797], [-76.3136208, 3.3838831], [-76.3131873, 3.3835363], [-76.3131137, 3.3834856], [-76.3128846, 3.3834297], [-76.3127116, 3.3833947], [-76.3125155, 3.3833482], [-76.3122963, 3.383348], [-76.3121925, 3.3833247], [-76.3120656, 3.3833246], [-76.3119155, 3.3834289], [-76.3116847, 3.3835098], [-76.3115925, 3.3835097], [-76.311431, 3.3834632], [-76.3112466, 3.3832544], [-76.3110506, 3.3831035], [-76.3108315, 3.3829526], [-76.3106817, 3.382825], [-76.3104742, 3.3826625], [-76.3102718, 3.3825659], [-76.3100971, 3.3824863], [-76.3096207, 3.3824067], [-76.3091362, 3.3824527], [-76.3078324, 3.3826255], [-76.3074055, 3.3827063], [-76.3071633, 3.3827292], [-76.3068863, 3.382787], [-76.3067851, 3.3828461], [-76.3065942, 3.3830965], [-76.306511, 3.383229], [-76.306423, 3.3833567], [-76.3063496, 3.3834647], [-76.3062518, 3.3835137], [-76.3061589, 3.3835529], [-76.3060708, 3.383602], [-76.305978, 3.383597], [-76.3057189, 3.3835771], [-76.3056213, 3.3834689], [-76.3055383, 3.3833264], [-76.3053787, 3.383102], [-76.3052142, 3.3830679], [-76.3050879, 3.3830271], [-76.3047711, 3.3831195], [-76.3046783, 3.3830899], [-76.3045854, 3.3830407], [-76.3044584, 3.382962], [-76.3041604, 3.38278], [-76.3040725, 3.382721], [-76.3039405, 3.3828093], [-76.3037986, 3.3828878], [-76.3034662, 3.3831637], [-76.3032512, 3.3833279], [-76.303099, 3.3834596], [-76.3030438, 3.3882744], [-76.3029945, 3.3925463], [-76.3045881, 3.3931466], [-76.304166, 3.3935028], [-76.3033833, 3.3951575], [-76.3030951, 3.3960418], [-76.3030804, 3.3962615], [-76.3029462, 3.3982736], [-76.3028271, 3.3987185], [-76.3027557, 3.3987971], [-76.3026231, 3.3988454], [-76.3023896, 3.3987897], [-76.302257, 3.3988169], [-76.3020234, 3.398989], [-76.3022939, 3.3991797], [-76.3022363, 3.3992437], [-76.2983515, 3.4029313], [-76.2982864, 3.4029931], [-76.2980207, 3.4032453], [-76.2976463, 3.4033771], [-76.296917, 3.4034579], [-76.2958696, 3.4031654], [-76.2958094, 3.4031482], [-76.2952763, 3.4029955], [-76.2935534, 3.4029667], [-76.293555, 3.4029519]]]}}, {"type": "Feature", "properties": {"OBJECTID": 102, "SECTOR_SAP": "2138", "Shape_Leng": 3569.29305248, "Shape_Area": 613295.192701, "Sector": 2138, "Empresa": "Agricola Castilla", "Departamen": "Valle", "Jefe_zona": "Carlos Lucumi", "Tipo_predi": "B", "Nombre": "CHUNE", "PIE_LOMA": "PLANO", "Supervisor": "Jose J. Rivera", "Municipio": "Pradera", "EMPRESA_2": "Agricola Castilla", "zonas_abra": "Carlos Lucumi"}, "geometry": {"type": "Polygon", "coordinates": [[[-76.2502668, 3.4221074], [-76.250286, 3.4221418], [-76.2503264, 3.4221494], [-76.250598, 3.4222773], [-76.251092, 3.4225428], [-76.2511464, 3.4225625], [-76.2512189, 3.4225522], [-76.2516681, 3.4223665], [-76.2533658, 3.4217869], [-76.2533622, 3.4217559], [-76.2537382, 3.4216256], [-76.2550325, 3.4211769], [-76.2558793, 3.4209023], [-76.2561581, 3.4207756], [-76.256395, 3.4206187], [-76.258369, 3.4211787], [-76.2591625, 3.4211098], [-76.2593235, 3.4211112], [-76.2621723, 3.4208892], [-76.2613142, 3.4229812], [-76.2612499, 3.4231381], [-76.2605703, 3.4247876], [-76.2598152, 3.4266929], [-76.2597535, 3.4266696], [-76.2596687, 3.4266462], [-76.2594542, 3.4266763], [-76.2593602, 3.4266615], [-76.2591906, 3.4265218], [-76.2590643, 3.426524], [-76.2588976, 3.426475], [-76.2587896, 3.4264284], [-76.2586895, 3.4263121], [-76.2586186, 3.4261141], [-76.2578616, 3.4280177], [-76.2572775, 3.4278422], [-76.2558295, 3.4274264], [-76.2557893, 3.427402], [-76.2557465, 3.4273769], [-76.2547134, 3.4266239], [-76.2543054, 3.4263255], [-76.2541443, 3.426181], [-76.2537995, 3.4258696], [-76.2537186, 3.4258073], [-76.2535703, 3.4256913], [-76.2522893, 3.4245097], [-76.2521946, 3.4244146], [-76.2520839, 3.4243152], [-76.2511329, 3.4234119], [-76.2507733, 3.422972], [-76.2502493, 3.4221126], [-76.2502639, 3.4221059], [-76.2502668, 3.4221074]]]}}, {"type": "Feature", "properties": {"OBJECTID": 105, "SECTOR_SAP": "Piña", "Shape_Leng": 6247.38586579, "Shape_Area": 1773850.20514, "Sector": 0, "Empresa": "Bengala Propio", "Departamen": "Cauca", "Jefe_zona": "", "Tipo_predi": "C", "Nombre": "REPORTE PIÑA", "PIE_LOMA": "PIÑA", "Supervisor": "", "Municipio": "Miranda", "EMPRESA_2": "", "zonas_abra": "Edgar Benitez"}, "geometry": {"type": "Polygon", "coordinates": [[[-76.2504208, 3.2616565], [-76.2481534, 3.2616021], [-76.2410997, 3.2619819], [-76.2366994, 3.2624718], [-76.236436, 3.2623553], [-76.2356277, 3.2606041], [-76.2355346, 3.2605246], [-76.2351925, 3.2604972], [-76.2322314, 3.2604697], [-76.2327058, 3.2585861], [-76.2332714, 3.2571216], [-76.232618, 3.256131], [-76.2322426, 3.2554567], [-76.2315094, 3.2549241], [-76.2310983, 3.2548637], [-76.2310584, 3.254668], [-76.2310902, 3.254508], [-76.2314177, 3.2542957], [-76.231432, 3.2542273], [-76.231469, 3.2541378], [-76.2315469, 3.2539965], [-76.2315907, 3.2539664], [-76.2316101, 3.2539559], [-76.2315664, 3.2542922], [-76.2315527, 3.2544897], [-76.2316827, 3.2546249], [-76.2317709, 3.2545989], [-76.2318009, 3.2545349], [-76.2319634, 3.2544394], [-76.2320646, 3.2542426], [-76.2320367, 3.2541472], [-76.232112, 3.2538923], [-76.2321595, 3.2537762], [-76.232196, 3.2531214], [-76.2319924, 3.253055], [-76.2318897, 3.2528875], [-76.2322828, 3.2527855], [-76.2329764, 3.2526269], [-76.2334303, 3.2528609], [-76.2338119, 3.2534714], [-76.2344577, 3.2538705], [-76.234564, 3.2538827], [-76.2366555, 3.2540711], [-76.2386547, 3.2535255], [-76.239825, 3.2531259], [-76.2424607, 3.2530119], [-76.2453832, 3.2532752], [-76.2495563, 3.2545559], [-76.2500818, 3.2547483], [-76.2502019, 3.2575335], [-76.250262, 3.2575373], [-76.2502931, 3.257849], [-76.2504208, 3.2616565]]]}}, {"type": "Feature", "properties": {"OBJECTID": 106, "SECTOR_SAP": "2142", "Shape_Leng": 7498.86822242, "Shape_Area": 802403.470012, "Sector": 2142, "Empresa": "Agricola Castilla", "Departamen": "Cauca", "Jefe_zona": "Pacifico Mazo", "Tipo_predi": "B", "Nombre": "CUERNAVACA I", "PIE_LOMA": "PLANO", "Supervisor": "Fernando Daza", "Municipio": "Padilla", "EMPRESA_2": "Agricola Castilla", "zonas_abra": "Pacifico Mazo"}, "geometry": {"type": "Polygon", "coordinates": [[[-76.3407638, 3.1922699], [-76.3406678, 3.1922387], [-76.3404731, 3.1923323], [-76.3403812, 3.1923096], [-76.3403107, 3.192262], [-76.3402787, 3.1921686], [-76.3402273, 3.1919863], [-76.3399614, 3.1919971], [-76.3399523, 3.1919897], [-76.3398664, 3.1919884], [-76.3396426, 3.1919299], [-76.3393524, 3.1919612], [-76.3391797, 3.1920036], [-76.3389704, 3.1920636], [-76.3388431, 3.1920978], [-76.3386004, 3.1920026], [-76.3379091, 3.1916719], [-76.3383523, 3.1905464], [-76.3383702, 3.1905522], [-76.3383866, 3.1904802], [-76.3387985, 3.1892851], [-76.3389313, 3.1888869], [-76.3390811, 3.1887138], [-76.3399018, 3.1879621], [-76.3384004, 3.1881698], [-76.3382943, 3.1881751], [-76.3381795, 3.1882855], [-76.3383111, 3.1894703], [-76.336416, 3.1910408], [-76.3313191, 3.1888405], [-76.3276579, 3.1871923], [-76.3293257, 3.1824052], [-76.3296225, 3.1824886], [-76.329332, 3.1868463], [-76.3297667, 3.1868869], [-76.3324608, 3.1859727], [-76.333872, 3.1856586], [-76.3348388, 3.1856462], [-76.3345498, 3.1877603], [-76.3358038, 3.1879451], [-76.338174, 3.1882361], [-76.338179, 3.1882809], [-76.3382934, 3.1881752], [-76.3381914, 3.1881804], [-76.3381611, 3.1879622], [-76.3382907, 3.1873351], [-76.3383583, 3.1867334], [-76.3384294, 3.1857166], [-76.3388318, 3.1857247], [-76.3390567, 3.1850971], [-76.3390673, 3.1850674], [-76.3390911, 3.1850012], [-76.3391128, 3.1849406], [-76.3391369, 3.1848892], [-76.3410363, 3.1855851], [-76.3410338, 3.1856129], [-76.3410821, 3.185626], [-76.3422668, 3.1863324], [-76.3430414, 3.1868791], [-76.3433256, 3.1871053], [-76.346042, 3.1892325], [-76.3460253, 3.1892364], [-76.3460483, 3.1892526], [-76.3467055, 3.1896682], [-76.3460061, 3.191554], [-76.3433406, 3.1892428], [-76.3431061, 3.1898109], [-76.3423005, 3.1912778], [-76.3422825, 3.1913114], [-76.3422614, 3.1913456], [-76.3422495, 3.1913619], [-76.3422237, 3.1914159], [-76.3418742, 3.1920308], [-76.3417064, 3.192128], [-76.3416295, 3.1921451], [-76.3413673, 3.1921421], [-76.3412682, 3.1922282], [-76.3411607, 3.1923782], [-76.3412282, 3.1925987], [-76.3412128, 3.1927588], [-76.3411072, 3.1927991], [-76.3409458, 3.1926655], [-76.34086, 3.1925332], [-76.3407638, 3.1922699]]]}}, {"type": "Feature", "properties": {"OBJECTID": 107, "SECTOR_SAP": "2142", "Shape_Leng": 2174.67985141, "Shape_Area": 84764.6261153, "Sector": 2142, "Empresa": "Agricola Castilla", "Departamen": "Cauca", "Jefe_zona": "Pacifico Mazo", "Tipo_predi": "B", "Nombre": "CUERNAVACA I", "PIE_LOMA": "PLANO", "Supervisor": "", "Municipio": "Padilla", "EMPRESA_2": "Agricola Castilla", "zonas_abra": "Pacifico Mazo"}, "geometry": {"type": "Polygon", "coordinates": [[[-76.368565, 3.1975048], [-76.3684713, 3.1974105], [-76.3684878, 3.1974046], [-76.3684646, 3.1973903], [-76.3683173, 3.1972622], [-76.3686256, 3.1970941], [-76.3680165, 3.1963125], [-76.3678091, 3.1958746], [-76.3676284, 3.1956994], [-76.3676424, 3.1956876], [-76.3676016, 3.1956657], [-76.3674075, 3.1954635], [-76.3672808, 3.194689], [-76.3665572, 3.1946817], [-76.3663029, 3.1943516], [-76.3661423, 3.1940282], [-76.3664038, 3.193786], [-76.3664775, 3.1937389], [-76.3669798, 3.1939682], [-76.3671109, 3.1940044], [-76.3670403, 3.1936383], [-76.3670444, 3.1936381], [-76.3673282, 3.1931389], [-76.3676626, 3.192568], [-76.3678913, 3.1922267], [-76.3679331, 3.1921061], [-76.3678522, 3.1919431], [-76.3678182, 3.1918745], [-76.3677979, 3.1917968], [-76.3678215, 3.1915848], [-76.367845, 3.191414], [-76.3678292, 3.1911064], [-76.3678817, 3.1909171], [-76.3682274, 3.1904754], [-76.3683613, 3.1904016], [-76.368455, 3.190384], [-76.3685487, 3.1904194], [-76.3686184, 3.1905077], [-76.368654, 3.1906433], [-76.3687603, 3.1918542], [-76.3687585, 3.1919447], [-76.3687078, 3.1920541], [-76.3685415, 3.1922448], [-76.3684477, 3.1924096], [-76.3684476, 3.1925333], [-76.3684885, 3.1926687], [-76.3684561, 3.1927168], [-76.36832, 3.1927693], [-76.3681734, 3.1927481], [-76.3680582, 3.1928007], [-76.3680579, 3.1932847], [-76.3681309, 3.1936635], [-76.3681312, 3.1936732], [-76.368139, 3.1936728], [-76.3684331, 3.1946966], [-76.3683927, 3.1949727], [-76.3680306, 3.1953832], [-76.3680366, 3.1954559], [-76.3680372, 3.1954572], [-76.3684189, 3.195774], [-76.3688676, 3.1959225], [-76.3691757, 3.196118], [-76.3691287, 3.1962459], [-76.3692752, 3.1974515], [-76.3690407, 3.1975052], [-76.3686856, 3.1974712], [-76.368565, 3.1975048]]]}}, {"type": "Feature", "properties": {"OBJECTID": 108, "SECTOR_SAP": "2141", "Shape_Leng": 7281.56245571, "Shape_Area": 2306407.71822, "Sector": 2141, "Empresa": "Agricola Castilla", "Departamen": "Cauca", "Jefe_zona": "Pacifico Mazo", "Tipo_predi": "B", "Nombre": "TAULA", "PIE_LOMA": "PLANO", "Supervisor": "Fernando Daza", "Municipio": "Guachene", "EMPRESA_2": "Agricola Castilla", "zonas_abra": "Pacifico Mazo"}, "geometry": {"type": "Polygon", "coordinates": [[[-76.3592943, 3.183006], [-76.3592588, 3.1828029], [-76.3593661, 3.1823372], [-76.3594138, 3.1820506], [-76.3591409, 3.1814771], [-76.3590893, 3.1811818], [-76.3590457, 3.1808436], [-76.359002, 3.1806671], [-76.3590606, 3.1805348], [-76.3589875, 3.180476], [-76.3588852, 3.1803583], [-76.3587536, 3.1802406], [-76.3586513, 3.1801082], [-76.3585782, 3.1800493], [-76.3584175, 3.1798874], [-76.3583737, 3.1797551], [-76.3582861, 3.1794463], [-76.3581694, 3.1790345], [-76.3579796, 3.1786227], [-76.3577167, 3.1780785], [-76.3577925, 3.1777793], [-76.357592, 3.1773581], [-76.3572359, 3.1772301], [-76.3571004, 3.1769869], [-76.3570982, 3.1766199], [-76.3572347, 3.1754697], [-76.3572976, 3.1748528], [-76.3570794, 3.1743491], [-76.3567241, 3.1744862], [-76.3561875, 3.1735062], [-76.355787, 3.1731214], [-76.3564433, 3.1724352], [-76.3587207, 3.171851], [-76.362993, 3.1708197], [-76.36783, 3.1697979], [-76.3695968, 3.1699365], [-76.3741323, 3.1701779], [-76.3765893, 3.1700385], [-76.3785128, 3.1702354], [-76.3784351, 3.1707557], [-76.3783817, 3.1714818], [-76.378174, 3.1717267], [-76.3777741, 3.1718202], [-76.3771914, 3.1718006], [-76.376594, 3.1717432], [-76.3752941, 3.1720868], [-76.3749233, 3.1721742], [-76.375272, 3.1732352], [-76.3756304, 3.1731517], [-76.3760753, 3.174442], [-76.3757461, 3.1745297], [-76.3757867, 3.1746559], [-76.3753489, 3.1755802], [-76.3738451, 3.1769249], [-76.3715127, 3.1780676], [-76.3692465, 3.1792714], [-76.3668172, 3.1806826], [-76.3668527, 3.1808499], [-76.367007, 3.1809814], [-76.3670186, 3.181471], [-76.3669588, 3.1819487], [-76.3669315, 3.1821513], [-76.3669942, 3.182307], [-76.3669363, 3.1824303], [-76.3670057, 3.1828564], [-76.3665541, 3.1829875], [-76.3640906, 3.1833802], [-76.3638904, 3.1834855], [-76.3638223, 3.183604], [-76.3636202, 3.1835825], [-76.3633188, 3.1833451], [-76.3632271, 3.1831403], [-76.3630474, 3.1830671], [-76.3628847, 3.1830896], [-76.3626277, 3.1831252], [-76.3619794, 3.1831632], [-76.361604, 3.1828745], [-76.3612905, 3.1829477], [-76.3611948, 3.183724], [-76.3609452, 3.1838313], [-76.3606601, 3.1837714], [-76.3599237, 3.1834722], [-76.3595673, 3.1832928], [-76.3592943, 3.183006]]]}}, {"type": "Feature", "properties": {"OBJECTID": 109, "SECTOR_SAP": "2141", "Shape_Leng": 1914.17898524, "Shape_Area": 131149.520139, "Sector": 2141, "Empresa": "Agricola Castilla", "Departamen": "Cauca", "Jefe_zona": "Pacifico Mazo", "Tipo_predi": "B", "Nombre": "TAULA", "PIE_LOMA": "PLANO", "Supervisor": "", "Municipio": "Padilla", "EMPRESA_2": "Agricola Castilla", "zonas_abra": "Pacifico Mazo"}, "geometry": {"type": "Polygon", "coordinates": [[[-76.3461262, 3.1692286], [-76.3463702, 3.1672843], [-76.3483305, 3.167524], [-76.3487451, 3.1719481], [-76.3487965, 3.172306], [-76.3488272, 3.1726483], [-76.3489448, 3.1739968], [-76.3489143, 3.1740636], [-76.348888, 3.1740636], [-76.3488917, 3.1740693], [-76.3485917, 3.1740861], [-76.3482917, 3.17412], [-76.3480653, 3.1740857], [-76.3477145, 3.1738408], [-76.347607, 3.1738066], [-76.3476111, 3.1738019], [-76.3476014, 3.1738009], [-76.3474439, 3.1724353], [-76.3474636, 3.1724337], [-76.3474452, 3.1723896], [-76.3474163, 3.1721304], [-76.3474029, 3.1721293], [-76.3471372, 3.1695717], [-76.3461262, 3.1692286]]]}}, {"type": "Feature", "properties": {"OBJECTID": 111, "SECTOR_SAP": "2145", "Shape_Leng": 4882.1996965, "Shape_Area": 645795.416536, "Sector": 2145, "Empresa": "Agricola Castilla", "Departamen": "Cauca", "Jefe_zona": "Pacifico Mazo", "Tipo_predi": "B", "Nombre": "LLANITO MUCHILANGA", "PIE_LOMA": "PLANO", "Supervisor": "Fernando Daza", "Municipio": "Guachene", "EMPRESA_2": "Agricola Castilla", "zonas_abra": "Pacifico Mazo"}, "geometry": {"type": "Polygon", "coordinates": [[[-76.3717669, 3.1156928], [-76.3722132, 3.1158596], [-76.3726702, 3.1158367], [-76.3728129, 3.1150081], [-76.3729334, 3.1146049], [-76.3729427, 3.114577], [-76.3736124, 3.1149554], [-76.3737965, 3.1148617], [-76.3738013, 3.1148508], [-76.3738016, 3.1148507], [-76.373804, 3.1148449], [-76.3738815, 3.1146711], [-76.3741185, 3.1140223], [-76.3742048, 3.1138092], [-76.3742004, 3.1138077], [-76.374202, 3.1138035], [-76.3735884, 3.113575], [-76.3734246, 3.1134304], [-76.3734112, 3.113162], [-76.3735064, 3.1129391], [-76.3736166, 3.1128536], [-76.3737603, 3.1128838], [-76.3737805, 3.112891], [-76.3740812, 3.112985], [-76.3740898, 3.1129759], [-76.3743174, 3.1126254], [-76.3743635, 3.1126004], [-76.3744496, 3.1126036], [-76.3745271, 3.1126065], [-76.3746311, 3.1126292], [-76.3747604, 3.1126624], [-76.3747723, 3.11266], [-76.3749143, 3.1126398], [-76.3749411, 3.1126959], [-76.3749753, 3.1127174], [-76.3753913, 3.1129787], [-76.3754529, 3.1130717], [-76.3751855, 3.1132224], [-76.3749754, 3.1136537], [-76.3748863, 3.1138364], [-76.374917, 3.1140852], [-76.3749516, 3.1141897], [-76.3751825, 3.1143215], [-76.3752555, 3.1144454], [-76.3752201, 3.1152929], [-76.3756184, 3.1152811], [-76.3755928, 3.1173191], [-76.3746634, 3.1174762], [-76.3709458, 3.1182863], [-76.3710791, 3.1175221], [-76.3682184, 3.1180417], [-76.3680494, 3.1181993], [-76.3666009, 3.1185379], [-76.3639214, 3.118997], [-76.3629199, 3.1191051], [-76.3626283, 3.1188827], [-76.3625542, 3.1187209], [-76.3622925, 3.1184781], [-76.3621924, 3.1183051], [-76.362223, 3.1180116], [-76.3622623, 3.1179269], [-76.3622059, 3.1178207], [-76.3620711, 3.1177518], [-76.3621164, 3.1176385], [-76.3623209, 3.1175229], [-76.362512, 3.1174523], [-76.3625077, 3.1173549], [-76.3620764, 3.1166391], [-76.3619571, 3.1164655], [-76.3620366, 3.1162999], [-76.3621274, 3.1161895], [-76.3622397, 3.1160697], [-76.3627769, 3.115729], [-76.3668236, 3.1136444], [-76.3672122, 3.1143226], [-76.3704368, 3.1127229], [-76.3717135, 3.1147784], [-76.3717396, 3.115232], [-76.3716319, 3.1156733], [-76.3717446, 3.1156896], [-76.3717669, 3.1156928]]]}}, {"type": "Feature", "properties": {"OBJECTID": 112, "SECTOR_SAP": "2146", "Shape_Leng": 2100.0119579, "Shape_Area": 71615.7250108, "Sector": 2146, "Empresa": "Agricola Castilla", "Departamen": "Cauca", "Jefe_zona": "Pacifico Mazo", "Tipo_predi": "B", "Nombre": "LLANITO", "PIE_LOMA": "PLANO", "Supervisor": "", "Municipio": "Guachene", "EMPRESA_2": "Agricola Castilla", "zonas_abra": "Pacifico Mazo"}, "geometry": {"type": "Polygon", "coordinates": [[[-76.3717669, 3.1156928], [-76.3716399, 3.1156735], [-76.371746, 3.1152385], [-76.3720745, 3.1152371], [-76.3721798, 3.1151403], [-76.3725748, 3.1143387], [-76.3723519, 3.1141232], [-76.3721629, 3.1141534], [-76.3716193, 3.114435], [-76.3705621, 3.1124676], [-76.3711429, 3.1126261], [-76.3713541, 3.112769], [-76.3714783, 3.1131983], [-76.3727471, 3.1132753], [-76.3731081, 3.1125389], [-76.3732969, 3.1125668], [-76.3735001, 3.1126299], [-76.3737008, 3.1124287], [-76.374008, 3.1122459], [-76.3744163, 3.1117148], [-76.3746528, 3.1119013], [-76.374693, 3.1119332], [-76.374707, 3.112485], [-76.3749143, 3.1126307], [-76.3747723, 3.11266], [-76.3745271, 3.1126065], [-76.3743635, 3.1126004], [-76.3743174, 3.1126254], [-76.3742353, 3.1127451], [-76.3740898, 3.1129759], [-76.3740809, 3.1129849], [-76.3740026, 3.1129707], [-76.3737805, 3.112891], [-76.3737645, 3.1128847], [-76.3737603, 3.1128838], [-76.3737373, 3.1128755], [-76.3736166, 3.1128536], [-76.3735064, 3.1129254], [-76.3734067, 3.1131528], [-76.3734246, 3.1134395], [-76.3735884, 3.113575], [-76.3742004, 3.1138077], [-76.3741226, 3.1140111], [-76.3741185, 3.1140223], [-76.3740574, 3.1141733], [-76.3738631, 3.1147009], [-76.373804, 3.1148449], [-76.3738013, 3.1148508], [-76.3736087, 3.1149475], [-76.3729428, 3.1145769], [-76.3729427, 3.114577], [-76.3729419, 3.1145765], [-76.3729334, 3.1146049], [-76.3728284, 3.1149179], [-76.3728129, 3.1150081], [-76.3728022, 3.1150438], [-76.3726702, 3.1158367], [-76.3722132, 3.1158596], [-76.3717669, 3.1156928]]]}}, {"type": "Feature", "properties": {"OBJECTID": 113, "SECTOR_SAP": "2146", "Shape_Leng": 2861.74067838, "Shape_Area": 303244.687826, "Sector": 2146, "Empresa": "Agricola Castilla", "Departamen": "Cauca", "Jefe_zona": "Pacifico Mazo", "Tipo_predi": "B", "Nombre": "LLANITO", "PIE_LOMA": "PLANO", "Supervisor": "Fernando Daza", "Municipio": "Guachene", "EMPRESA_2": "Agricola Castilla", "zonas_abra": "Pacifico Mazo"}, "geometry": {"type": "Polygon", "coordinates": [[[-76.3619186, 3.1143965], [-76.3618478, 3.1142714], [-76.3615557, 3.1143582], [-76.36148, 3.114282], [-76.3615451, 3.1140646], [-76.361575, 3.1139123], [-76.3611344, 3.1135859], [-76.3604749, 3.1133122], [-76.3617598, 3.1120916], [-76.363343, 3.1105024], [-76.3646938, 3.1122512], [-76.3657001, 3.1116648], [-76.3690982, 3.11023], [-76.3700588, 3.1119398], [-76.362399, 3.115895], [-76.3621927, 3.1159569], [-76.3618721, 3.1152493], [-76.3617174, 3.1150107], [-76.3618955, 3.11465], [-76.3619186, 3.1143965]]]}}, {"type": "Feature", "properties": {"OBJECTID": 114, "SECTOR_SAP": "2143", "Shape_Leng": 5835.42717883, "Shape_Area": 1216173.396, "Sector": 2143, "Empresa": "Agricola Castilla", "Departamen": "Cauca", "Jefe_zona": "Pacifico Mazo", "Tipo_predi": "B", "Nombre": "CUERNAVACA II", "PIE_LOMA": "PLANO", "Supervisor": "Fernando Daza", "Municipio": "Padilla", "EMPRESA_2": "Agricola Castilla", "zonas_abra": "Pacifico Mazo"}, "geometry": {"type": "Polygon", "coordinates": [[[-76.3432324, 3.1869533], [-76.3410358, 3.1855909], [-76.3409779, 3.185567], [-76.339158, 3.1848965], [-76.3390904, 3.184873], [-76.3394644, 3.1838605], [-76.3375088, 3.1831547], [-76.3367535, 3.1828843], [-76.33575, 3.1825229], [-76.3371056, 3.1790078], [-76.3372212, 3.1790495], [-76.3373632, 3.1791024], [-76.3394151, 3.1798734], [-76.3404824, 3.1767852], [-76.3405079, 3.1766844], [-76.340538, 3.1766291], [-76.3409953, 3.1753182], [-76.34117, 3.1752306], [-76.341326, 3.1751179], [-76.3415545, 3.1752561], [-76.3418103, 3.1756888], [-76.3421276, 3.1760392], [-76.3423837, 3.1761732], [-76.3425271, 3.1762042], [-76.3426193, 3.1761219], [-76.3426092, 3.1760086], [-76.3426599, 3.1760216], [-76.3426972, 3.1760717], [-76.3428447, 3.176153], [-76.3429369, 3.1761428], [-76.3429985, 3.1759986], [-76.3430703, 3.1758545], [-76.3432344, 3.1756693], [-76.3433471, 3.1755664], [-76.3434906, 3.1755562], [-76.3436646, 3.1757932], [-76.3438385, 3.1760508], [-76.3441252, 3.1762261], [-76.3444017, 3.176391], [-76.3445657, 3.1763294], [-76.3447298, 3.1760926], [-76.344904, 3.1759795], [-76.3449244, 3.1761958], [-76.3448423, 3.1763605], [-76.3448832, 3.1765047], [-76.3451597, 3.1765461], [-76.3453161, 3.1764937], [-76.3455157, 3.1764876], [-76.3458564, 3.1765981], [-76.3462865, 3.1768353], [-76.3462961, 3.1768562], [-76.3468191, 3.1770107], [-76.3469371, 3.1770152], [-76.3470158, 3.1768946], [-76.3469748, 3.1767394], [-76.3470434, 3.1767395], [-76.3472428, 3.1768399], [-76.3474174, 3.1768526], [-76.3474728, 3.1767896], [-76.3475348, 3.1767617], [-76.3476082, 3.1766303], [-76.3476493, 3.1765274], [-76.3479157, 3.1764761], [-76.3482229, 3.1766617], [-76.3486735, 3.1768577], [-76.3490424, 3.1767962], [-76.3496364, 3.1769923], [-76.3499041, 3.1770544], [-76.3502127, 3.1770761], [-76.3503292, 3.1769612], [-76.3505853, 3.1767816], [-76.3509136, 3.1767018], [-76.3511001, 3.1766012], [-76.3513991, 3.1762831], [-76.3515424, 3.1764376], [-76.3514806, 3.176901], [-76.3513572, 3.1771563], [-76.3513984, 3.1771687], [-76.3505832, 3.1791437], [-76.3503925, 3.1797527], [-76.3490611, 3.1833867], [-76.3482585, 3.1830274], [-76.3483901, 3.1822653], [-76.3461441, 3.1827301], [-76.3458626, 3.1853038], [-76.3437601, 3.1849996], [-76.3432324, 3.1869533]]]}}, {"type": "Feature", "properties": {"OBJECTID": 115, "SECTOR_SAP": "Piña", "Shape_Leng": 3201.53270331, "Shape_Area": 519255.545587, "Sector": 0, "Empresa": "Bengala Propio", "Departamen": "Cauca", "Jefe_zona": "", "Tipo_predi": "C", "Nombre": "CHAMBA", "PIE_LOMA": "PIÑA", "Supervisor": "", "Municipio": "Santander Q.", "EMPRESA_2": "", "zonas_abra": "Edgar Gomez"}, "geometry": {"type": "Polygon", "coordinates": [[[-76.4915293, 3.0591679], [-76.4916552, 3.0589595], [-76.4920995, 3.0587812], [-76.4927071, 3.0580373], [-76.493403, 3.0579856], [-76.4942317, 3.0588048], [-76.4941797, 3.0590727], [-76.4945523, 3.0591323], [-76.4955135, 3.058997], [-76.4949652, 3.0643371], [-76.4957963, 3.0660569], [-76.490598, 3.0689825], [-76.4904851, 3.0596436], [-76.4910553, 3.0594429], [-76.4915293, 3.0591679]]]}}, {"type": "Feature", "properties": {"OBJECTID": 116, "SECTOR_SAP": "2695", "Shape_Leng": 8638.37444173, "Shape_Area": 2428167.62077, "Sector": 2695, "Empresa": "Agricola Castilla", "Departamen": "Cauca", "Jefe_zona": "Edgar Benitez", "Tipo_predi": "B", "Nombre": "PALERMO", "PIE_LOMA": "PLANO", "Supervisor": "Hermilsun Fernandez", "Municipio": "Miranda", "EMPRESA_2": "Agricola Castilla", "zonas_abra": "Edgar Benitez"}, "geometry": {"type": "Polygon", "coordinates": [[[-76.2546011, 3.262394], [-76.2548857, 3.2580188], [-76.2548984, 3.2578532], [-76.2550543, 3.254574], [-76.2554231, 3.2500454], [-76.2555556, 3.2483274], [-76.2555586, 3.2483201], [-76.2557547, 3.248432], [-76.2559117, 3.2483906], [-76.2561181, 3.2485985], [-76.2561262, 3.248748], [-76.256093, 3.248914], [-76.2562747, 3.2490471], [-76.2564483, 3.249014], [-76.2565063, 3.2488396], [-76.256564, 3.2489975], [-76.2565141, 3.2492798], [-76.2566298, 3.2492716], [-76.2570675, 3.2496623], [-76.2575057, 3.2493305], [-76.2578857, 3.2493724], [-76.2582931, 3.2490008], [-76.2584463, 3.2490916], [-76.2586696, 3.2491932], [-76.2589721, 3.2492948], [-76.2593935, 3.2493685], [-76.2595825, 3.2494335], [-76.2597208, 3.2495171], [-76.2598635, 3.2497814], [-76.2599557, 3.2498139], [-76.2600251, 3.2498119], [-76.2600481, 3.2496425], [-76.2600758, 3.2495916], [-76.2601819, 3.2495777], [-76.2602003, 3.2496287], [-76.2603293, 3.2497633], [-76.2604815, 3.2497356], [-76.2606061, 3.2495827], [-76.2607767, 3.249657], [-76.2608888, 3.2495947], [-76.2609382, 3.2494857], [-76.2609291, 3.2493791], [-76.2610077, 3.2491752], [-76.261063, 3.2491289], [-76.2610984, 3.2491796], [-76.2611321, 3.2492912], [-76.2611744, 3.2493371], [-76.2613026, 3.2493655], [-76.2615562, 3.2493611], [-76.2617085, 3.2493149], [-76.261902, 3.2494216], [-76.2620912, 3.2493198], [-76.2626678, 3.2491396], [-76.2628892, 3.2489914], [-76.2631752, 3.2489175], [-76.2635759, 3.2488001], [-76.2638718, 3.2486169], [-76.2639641, 3.2484779], [-76.2641764, 3.2483159], [-76.2644485, 3.248191], [-76.2644864, 3.2480919], [-76.2644868, 3.2479947], [-76.2644572, 3.2478634], [-76.2644581, 3.2477368], [-76.2644723, 3.2476157], [-76.2645044, 3.2475236], [-76.2645408, 3.247386], [-76.2645883, 3.2473054], [-76.2646507, 3.2472697], [-76.2647131, 3.2472578], [-76.264808, 3.2473116], [-76.2649154, 3.2474185], [-76.2650914, 3.2475938], [-76.2653985, 3.2478015], [-76.2657191, 3.2479391], [-76.2658705, 3.2479482], [-76.2661408, 3.2478081], [-76.2662656, 3.2477456], [-76.2663517, 3.2477546], [-76.2664437, 3.2478143], [-76.2665, 3.2479039], [-76.266497, 3.2479964], [-76.266393, 3.2480829], [-76.2663424, 3.2481545], [-76.266381, 3.2482261], [-76.2665204, 3.2483695], [-76.2666212, 3.2485636], [-76.266722, 3.248692], [-76.2667783, 3.2488592], [-76.266784, 3.2491576], [-76.2668076, 3.2492651], [-76.2668967, 3.2493397], [-76.2670125, 3.2493369], [-76.2671818, 3.2492505], [-76.2672858, 3.249173], [-76.267357, 3.249173], [-76.2674312, 3.2492656], [-76.2674934, 3.2494208], [-76.2675498, 3.2494865], [-76.2676797, 3.2495167], [-76.2677636, 3.2494808], [-76.2679091, 3.2493615], [-76.2679567, 3.2492511], [-76.2681113, 3.2490483], [-76.2682836, 3.2489589], [-76.2683687, 3.2487759], [-76.2683721, 3.2486529], [-76.2683523, 3.2485815], [-76.2683441, 3.2485216], [-76.2684053, 3.2484851], [-76.2686789, 3.2484203], [-76.2687758, 3.248301], [-76.268857, 3.2481199], [-76.2689614, 3.2478557], [-76.2690211, 3.2476929], [-76.2692988, 3.2476982], [-76.2695369, 3.2477017], [-76.2697518, 3.2477301], [-76.2698708, 3.2477601], [-76.2699534, 3.2478499], [-76.2699897, 3.2479447], [-76.2700128, 3.2480694], [-76.2699878, 3.2482355], [-76.2699481, 3.2483236], [-76.2698059, 3.2483617], [-76.2694487, 3.2484162], [-76.2693245, 3.2485856], [-76.2692252, 3.2486852], [-76.2691971, 3.2487749], [-76.2692185, 3.2488514], [-76.2692383, 3.2488747], [-76.2693458, 3.2488931], [-76.2694235, 3.2489064], [-76.2694664, 3.2489347], [-76.2694647, 3.2489862], [-76.2693671, 3.2490526], [-76.269303, 3.2491111], [-76.2692811, 3.2491606], [-76.2692689, 3.2492562], [-76.2692892, 3.2493085], [-76.2693751, 3.2493518], [-76.2695272, 3.2493718], [-76.2695967, 3.2493603], [-76.2696777, 3.2493769], [-76.2698116, 3.2494452], [-76.2699603, 3.2494769], [-76.2700307, 3.2494567], [-76.270134, 3.2494006], [-76.2701886, 3.2493591], [-76.270268, 3.2493359], [-76.2703788, 3.2493393], [-76.2705524, 3.2493611], [-76.2706532, 3.2493429], [-76.2707773, 3.2492848], [-76.2708501, 3.2492599], [-76.2709641, 3.24926], [-76.2710517, 3.2493033], [-76.271093, 3.2493798], [-76.2710995, 3.2494795], [-76.2709951, 3.2497487], [-76.2709702, 3.2498766], [-76.2709677, 3.2500168], [-76.2709879, 3.2501675], [-76.2709997, 3.2502557], [-76.2710856, 3.2503669], [-76.2711946, 3.2504152], [-76.2713203, 3.2503871], [-76.2714047, 3.2502741], [-76.2714775, 3.2502194], [-76.2715999, 3.2502161], [-76.2717111, 3.2502474], [-76.2718147, 3.250326], [-76.2718923, 3.2504673], [-76.2719617, 3.2505438], [-76.2720576, 3.2505555], [-76.2721635, 3.2505174], [-76.2723306, 3.2503613], [-76.2724083, 3.2502966], [-76.2724497, 3.2503049], [-76.2724876, 3.2503764], [-76.2724411, 3.250634], [-76.2724691, 3.2508002], [-76.2725434, 3.2509299], [-76.2725698, 3.2509947], [-76.2725565, 3.2510628], [-76.2724308, 3.2511408], [-76.2723348, 3.2511923], [-76.2721843, 3.2512819], [-76.2720851, 3.251325], [-76.2717629, 3.2513713], [-76.2717245, 3.251405], [-76.27171, 3.251487], [-76.2717195, 3.2515979], [-76.2718845, 3.2516166], [-76.2719972, 3.2515958], [-76.2721261, 3.2516225], [-76.2722286, 3.2516724], [-76.2723806, 3.2518039], [-76.2724501, 3.2518155], [-76.2725111, 3.2518219], [-76.2725807, 3.2518373], [-76.2726617, 3.2518307], [-76.2727094, 3.2518424], [-76.2727699, 3.2518483], [-76.2724732, 3.25225], [-76.2723659, 3.2524006], [-76.2722516, 3.2525297], [-76.2721599, 3.2524875], [-76.272056, 3.2524766], [-76.2720097, 3.2524616], [-76.2717393, 3.252284], [-76.2716106, 3.2522393], [-76.2715091, 3.2522563], [-76.2714018, 3.2524357], [-76.2713446, 3.2525864], [-76.2712587, 3.2528052], [-76.2711049, 3.2528796], [-76.2711082, 3.2529694], [-76.2710701, 3.2533909], [-76.2711279, 3.2536527], [-76.2712422, 3.2538891], [-76.2712882, 3.2540384], [-76.2712379, 3.2542844], [-76.271005, 3.2544919], [-76.2707059, 3.2546469], [-76.270433, 3.2546447], [-76.2702464, 3.2546223], [-76.2699983, 3.2546368], [-76.2698331, 3.2546649], [-76.2697686, 3.2547163], [-76.2697594, 3.254768], [-76.2697668, 3.2548475], [-76.2698016, 3.2550041], [-76.2698162, 3.2551016], [-76.2698046, 3.2551647], [-76.2697549, 3.2551778], [-76.2697005, 3.2551796], [-76.2696608, 3.2551496], [-76.2695965, 3.2550267], [-76.2695239, 3.2548423], [-76.269486, 3.2547742], [-76.2693968, 3.2546994], [-76.2691445, 3.2546434], [-76.2688815, 3.254675], [-76.2687029, 3.2547317], [-76.2685518, 3.2547885], [-76.2685242, 3.2549947], [-76.2686068, 3.2552258], [-76.2686007, 3.2554416], [-76.2685359, 3.2555479], [-76.2685065, 3.2556189], [-76.2684917, 3.2557016], [-76.2684601, 3.2557861], [-76.2684413, 3.2558618], [-76.2684718, 3.2559257], [-76.2685305, 3.256018], [-76.2685399, 3.2561102], [-76.2685586, 3.2562048], [-76.2685562, 3.2562663], [-76.2685703, 3.2563207], [-76.268575, 3.2563538], [-76.2685879, 3.2563988], [-76.2686302, 3.2564272], [-76.2687384, 3.2564935], [-76.2688418, 3.2565929], [-76.2688418, 3.2566733], [-76.2687099, 3.2567773], [-76.268697, 3.2568472], [-76.2686245, 3.2570071], [-76.2686822, 3.2572107], [-76.268799, 3.2573418], [-76.2689251, 3.2574438], [-76.2689705, 3.257577], [-76.2689435, 3.2576643], [-76.2688585, 3.2579013], [-76.2687839, 3.2580198], [-76.2687322, 3.2580738], [-76.2686867, 3.2580529], [-76.2686453, 3.2579801], [-76.2686335, 3.2578856], [-76.268559, 3.2578072], [-76.2684614, 3.2577616], [-76.268302, 3.2577825], [-76.2681525, 3.25783], [-76.2680824, 3.2580821], [-76.2679917, 3.258326], [-76.2678868, 3.2585652], [-76.2678296, 3.2586895], [-76.2677581, 3.2587517], [-76.2676458, 3.2587515], [-76.267525, 3.2587825], [-76.2673676, 3.2587739], [-76.2671684, 3.258786], [-76.2670697, 3.2588386], [-76.2670303, 3.2589148], [-76.2670061, 3.2590508], [-76.2670609, 3.2592509], [-76.2670693, 3.2593442], [-76.2670383, 3.2593865], [-76.2668473, 3.2593496], [-76.2666842, 3.2592795], [-76.266577, 3.2593333], [-76.2665634, 3.2594949], [-76.2666304, 3.2595758], [-76.2667107, 3.2596298], [-76.2666503, 3.259825], [-76.2664941, 3.2600351], [-76.2664347, 3.2601597], [-76.2664037, 3.2602314], [-76.2663483, 3.2603029], [-76.2661808, 3.2603163], [-76.2659866, 3.2601747], [-76.2657722, 3.260161], [-76.265482, 3.2600592], [-76.2653567, 3.260279], [-76.2654816, 3.2604991], [-76.2656647, 3.2606635], [-76.2657075, 3.2607147], [-76.2657082, 3.2607644], [-76.2656633, 3.2607721], [-76.2653472, 3.2606691], [-76.2652501, 3.2607393], [-76.2652229, 3.260824], [-76.2652599, 3.261028], [-76.2651993, 3.261536], [-76.265293, 3.2617089], [-76.2652657, 3.2617914], [-76.2650048, 3.262033], [-76.2648436, 3.2620997], [-76.2645564, 3.2620647], [-76.2644394, 3.2620673], [-76.2644207, 3.2621475], [-76.2643621, 3.2622196], [-76.2642078, 3.262297], [-76.2641825, 3.2623365], [-76.2641016, 3.2626496], [-76.2640795, 3.2627468], [-76.2640885, 3.2629521], [-76.2641297, 3.2631044], [-76.2641323, 3.2631575], [-76.2640173, 3.2632695], [-76.2639571, 3.263338], [-76.2639212, 3.2634235], [-76.2639399, 3.2637044], [-76.2639309, 3.2637674], [-76.2637277, 3.2640345], [-76.2635744, 3.2641196], [-76.263451, 3.264075], [-76.263421, 3.2638634], [-76.2635249, 3.2634201], [-76.2634732, 3.2634341], [-76.2625985, 3.2637478], [-76.2622604, 3.2638265], [-76.2616501, 3.2637206], [-76.2546011, 3.262394]]]}}, {"type": "Feature", "properties": {"OBJECTID": 117, "SECTOR_SAP": "2228", "Shape_Leng": 4867.76521896, "Shape_Area": 799725.520939, "Sector": 2228, "Empresa": "Agricola Castilla", "Departamen": "Cauca", "Jefe_zona": "Pacifico Mazo", "Tipo_predi": "C", "Nombre": "GUABITO", "PIE_LOMA": "PLANO", "Supervisor": "Adolfo Lucumi", "Municipio": "Padilla", "EMPRESA_2": "Agricola Castilla", "zonas_abra": "Pacifico Mazo"}, "geometry": {"type": "Polygon", "coordinates": [[[-76.3415082, 3.1587055], [-76.3413698, 3.1586358], [-76.3409116, 3.1587199], [-76.3408276, 3.1586892], [-76.3407742, 3.1585817], [-76.3405379, 3.1579827], [-76.340455, 3.1579062], [-76.340385, 3.157952], [-76.3403762, 3.1580131], [-76.3403514, 3.158061], [-76.3402638, 3.1581221], [-76.3401971, 3.1581699], [-76.3401419, 3.1581661], [-76.3400876, 3.1580905], [-76.3400683, 3.158072], [-76.3400534, 3.158031], [-76.3399745, 3.1579592], [-76.3398354, 3.1579592], [-76.3397792, 3.1581855], [-76.3397817, 3.1582431], [-76.3398121, 3.1583506], [-76.3397663, 3.1583736], [-76.3397446, 3.1583373], [-76.3396027, 3.1583338], [-76.3394147, 3.1582308], [-76.3393618, 3.1581123], [-76.3392982, 3.1580345], [-76.3390269, 3.1580438], [-76.3387913, 3.1579982], [-76.3387973, 3.1578512], [-76.3386796, 3.1577684], [-76.3385368, 3.1577348], [-76.338475, 3.1576295], [-76.3384593, 3.1574619], [-76.3385322, 3.1563155], [-76.3384838, 3.1562386], [-76.3384267, 3.1561715], [-76.3384124, 3.1561332], [-76.3383876, 3.1560124], [-76.3383377, 3.155876], [-76.338337, 3.1558363], [-76.3383335, 3.1558182], [-76.3390877, 3.1550136], [-76.3391607, 3.1549392], [-76.3393689, 3.1547175], [-76.3386399, 3.1535797], [-76.3386759, 3.153568], [-76.3388351, 3.1534587], [-76.3393308, 3.1531183], [-76.3393561, 3.1531554], [-76.3397433, 3.1537241], [-76.3399016, 3.1536203], [-76.3402106, 3.1541947], [-76.340686, 3.153907], [-76.3409735, 3.1538239], [-76.3420278, 3.1523955], [-76.3421741, 3.1523524], [-76.3425941, 3.1523971], [-76.3427033, 3.1523679], [-76.3427766, 3.1522272], [-76.3428533, 3.1515991], [-76.3437997, 3.1517081], [-76.3439, 3.1510423], [-76.3439596, 3.1509832], [-76.3463762, 3.1492873], [-76.3468591, 3.1493005], [-76.3474619, 3.1493871], [-76.3474765, 3.1495646], [-76.3472365, 3.1524104], [-76.3472477, 3.1525776], [-76.3473768, 3.152806], [-76.3492294, 3.1551538], [-76.3496039, 3.156462], [-76.3496238, 3.1567431], [-76.348139, 3.1576493], [-76.3469373, 3.1583637], [-76.3449511, 3.157859], [-76.3431457, 3.1575018], [-76.3430835, 3.1581786], [-76.3430578, 3.1584127], [-76.3427361, 3.1615699], [-76.3415082, 3.1587055]]]}}, {"type": "Feature", "properties": {"OBJECTID": 118, "SECTOR_SAP": "2147", "Shape_Leng": 651.014620227, "Shape_Area": 12572.1208947, "Sector": 2147, "Empresa": "Agricola Castilla", "Departamen": "Valle", "Jefe_zona": "Carlos Lucumi", "Tipo_predi": "A", "Nombre": "VERGEL P.", "PIE_LOMA": "PLANO", "Supervisor": "Edwin Arango R.", "Municipio": "Pradera", "EMPRESA_2": "Agricola Castilla", "zonas_abra": "Carlos Lucumi"}, "geometry": {"type": "Polygon", "coordinates": [[[-76.2518759, 3.3754583], [-76.2518761, 3.3754622], [-76.2518764, 3.3754643], [-76.2519054, 3.3758364], [-76.2519838, 3.376239], [-76.2520694, 3.3764044], [-76.2523339, 3.3765628], [-76.2522122, 3.3767064], [-76.2523167, 3.376802], [-76.2520316, 3.3770881], [-76.251678, 3.3767298], [-76.2516405, 3.3761381], [-76.2514819, 3.3756591], [-76.2514058, 3.3752941], [-76.2513177, 3.3747125], [-76.2514988, 3.3746644], [-76.2517435, 3.3746099], [-76.2517711, 3.3747967], [-76.2518439, 3.3750483], [-76.2518759, 3.3754583]]]}}, {"type": "Feature", "properties": {"OBJECTID": 119, "SECTOR_SAP": "Piña", "Shape_Leng": 706.423267296, "Shape_Area": 20325.0861808, "Sector": 0, "Empresa": "Bengala Propio", "Departamen": "Valle", "Jefe_zona": "", "Tipo_predi": "PIÑA", "Nombre": "VERGEL PIÑA", "PIE_LOMA": "PIÑA", "Supervisor": "", "Municipio": "Pradera", "EMPRESA_2": "", "zonas_abra": "Carlos Lucumi"}, "geometry": {"type": "Polygon", "coordinates": [[[-76.2310332, 3.3943929], [-76.2326819, 3.3934234], [-76.232949, 3.3937618], [-76.2333288, 3.3935281], [-76.233527, 3.3937276], [-76.2326724, 3.3942991], [-76.2317833, 3.3948965], [-76.231438, 3.3950869], [-76.2310332, 3.3943929]]]}}, {"type": "Feature", "properties": {"OBJECTID": 124, "SECTOR_SAP": "2143", "Shape_Leng": 1641.11148239, "Shape_Area": 130260.914536, "Sector": 2143, "Empresa": "Agricola Castilla", "Departamen": "Cauca", "Jefe_zona": "Pacifico Mazo", "Tipo_predi": "B", "Nombre": "CUERNAVACA II", "PIE_LOMA": "PLANO", "Supervisor": "", "Municipio": "Padilla", "EMPRESA_2": "Agricola Castilla", "zonas_abra": "Pacifico Mazo"}, "geometry": {"type": "Polygon", "coordinates": [[[-76.3654482, 3.1876914], [-76.3672474, 3.1829952], [-76.3680064, 3.1827239], [-76.3681191, 3.1827768], [-76.3679984, 3.1833809], [-76.3680735, 3.1834641], [-76.3682387, 3.1835473], [-76.3684642, 3.1835172], [-76.368607, 3.1834418], [-76.3687122, 3.1834419], [-76.3695309, 3.183805], [-76.3695908, 3.1840694], [-76.3695981, 3.1843639], [-76.3694776, 3.1846735], [-76.3694474, 3.1848623], [-76.3694022, 3.1851417], [-76.3683796, 3.1861303], [-76.3684997, 3.1862436], [-76.367748, 3.1867642], [-76.3667631, 3.1876018], [-76.3666428, 3.1877376], [-76.3665301, 3.1877451], [-76.3654482, 3.1876914]]]}}, {"type": "Feature", "properties": {"OBJECTID": 175, "SECTOR_SAP": "primavera", "Shape_Leng": 2360.85785727, "Shape_Area": 110141.095745, "Sector": 9998, "Empresa": "Agricola Castilla", "Departamen": "Cauca", "Jefe_zona": "", "Tipo_predi": "", "Nombre": "LA PRIMAVERA", "PIE_LOMA": "PLANO", "Supervisor": "", "Municipio": "Villarrica", "EMPRESA_2": "Agricola Castilla", "zonas_abra": ""}, "geometry": {"type": "Polygon", "coordinates": [[[-76.4410836, 3.2084855], [-76.4408875, 3.2082881], [-76.4408386, 3.2081566], [-76.4407896, 3.2080579], [-76.4406424, 3.2080085], [-76.4404135, 3.2080083], [-76.4404299, 3.2078933], [-76.4402829, 3.207696], [-76.4401522, 3.2074986], [-76.4400378, 3.2072849], [-76.4399561, 3.2072191], [-76.4399031, 3.2072272], [-76.4397107, 3.2074655], [-76.4395347, 3.2077436], [-76.439439, 3.2078156], [-76.439367, 3.2078433], [-76.4392198, 3.2078596], [-76.4391282, 3.2078442], [-76.4390565, 3.2077961], [-76.439047, 3.2077144], [-76.4390543, 3.2075606], [-76.4388932, 3.2072019], [-76.4383701, 3.2069386], [-76.4381902, 3.2069878], [-76.4380125, 3.2069857], [-76.4378141, 3.2069217], [-76.4376997, 3.206823], [-76.4375526, 3.2066257], [-76.4377654, 3.2063464], [-76.4375693, 3.2062312], [-76.4373567, 3.2061325], [-76.4371769, 3.2061159], [-76.4368825, 3.2060664], [-76.4368008, 3.2060499], [-76.4356402, 3.2053916], [-76.4366386, 3.2040116], [-76.4369818, 3.2043241], [-76.4371289, 3.2044393], [-76.4371614, 3.2047681], [-76.4372594, 3.2049161], [-76.4374719, 3.205097], [-76.4377499, 3.2051629], [-76.4379952, 3.2050974], [-76.4381097, 3.2050317], [-76.4382078, 3.2050318], [-76.4382406, 3.2049167], [-76.4384696, 3.2048183], [-76.4385677, 3.2048841], [-76.4387798, 3.2055253], [-76.4388452, 3.2056568], [-76.4390576, 3.2059035], [-76.4393193, 3.2058544], [-76.4397281, 3.2059039], [-76.439957, 3.2059041], [-76.4400222, 3.2062], [-76.4400057, 3.2064301], [-76.4399238, 3.2066109], [-76.4399238, 3.2067095], [-76.4401036, 3.2068082], [-76.4403651, 3.2069563], [-76.4404632, 3.2070879], [-76.4404957, 3.207318], [-76.4405937, 3.2075482], [-76.4407735, 3.2076634], [-76.440937, 3.2077128], [-76.4410514, 3.2077129], [-76.4412313, 3.2076802], [-76.4414604, 3.2075159], [-76.4416894, 3.2074175], [-76.4419838, 3.2073519], [-76.4421472, 3.2074835], [-76.4424742, 3.2076646], [-76.4427521, 3.2077962], [-76.4428828, 3.2079114], [-76.4429482, 3.2079936], [-76.4428499, 3.208273], [-76.4428171, 3.2084209], [-76.4425718, 3.2084372], [-76.4419176, 3.2084696], [-76.4417214, 3.2084202], [-76.4414598, 3.20842], [-76.4411654, 3.2084527], [-76.4410836, 3.2084855]]]}}, {"type": "Feature", "properties": {"OBJECTID": 243, "SECTOR_SAP": "2229", "Shape_Leng": 3054.12377884, "Shape_Area": 504873.717659, "Sector": 2229, "Empresa": "Agricola Castilla", "Departamen": "Cauca", "Jefe_zona": "Pacifico Mazo", "Tipo_predi": "C", "Nombre": "SAN LUIS AGRICOLA", "PIE_LOMA": "PIE LOMA", "Supervisor": "Adolfo Lucumi", "Municipio": "Corinto", "EMPRESA_2": "Agricola Castilla", "zonas_abra": "Pacifico Mazo"}, "geometry": {"type": "Polygon", "coordinates": [[[-76.3173847, 3.1419207], [-76.3182195, 3.1419395], [-76.3184326, 3.141948], [-76.3211569, 3.1420731], [-76.3211974, 3.1467578], [-76.3211974, 3.1468105], [-76.3212854, 3.1519852], [-76.3212901, 3.1522382], [-76.3193097, 3.1512483], [-76.3160115, 3.1494617], [-76.3160509, 3.1492081], [-76.316073, 3.1490655], [-76.3171856, 3.1429961], [-76.3173678, 3.1420631], [-76.3173847, 3.1419207]]]}}, {"type": "Feature", "properties": {"OBJECTID": 367, "SECTOR_SAP": "2110", "Shape_Leng": 323.809650359, "Shape_Area": 4226.85458167, "Sector": 2110, "Empresa": "Agricola Castilla", "Departamen": "Valle", "Jefe_zona": "Carlos Lucumi", "Tipo_predi": "A", "Nombre": "CALANDA", "PIE_LOMA": "PLANO", "Supervisor": "", "Municipio": "Florida", "EMPRESA_2": "Agricola Castilla", "zonas_abra": "Carlos Lucumi"}, "geometry": {"type": "Polygon", "coordinates": [[[-76.2959583, 3.3058423], [-76.2959583, 3.3058423], [-76.2962258, 3.3059108], [-76.2962379, 3.3059325], [-76.2962474, 3.3060284], [-76.2962386, 3.3060845], [-76.2962503, 3.3066068], [-76.2961743, 3.3066111], [-76.2961576, 3.3070266], [-76.2961099, 3.3070303], [-76.2958751, 3.3070124], [-76.2959583, 3.3058423]]]}}, {"type": "Feature", "properties": {"OBJECTID": 434, "SECTOR_SAP": "2109", "Shape_Leng": 7496.89167701, "Shape_Area": 1616435.72188, "Sector": 2109, "Empresa": "Agricola Castilla", "Departamen": "Valle", "Jefe_zona": "Carlos Lucumi", "Tipo_predi": "A", "Nombre": "POTRERILLO", "PIE_LOMA": "PIE LOMA", "Supervisor": "Edwin J. Villacorte", "Municipio": "Pradera", "EMPRESA_2": "Agricola Castilla", "zonas_abra": "Carlos Lucumi"}, "geometry": {"type": "Polygon", "coordinates": [[[-76.2375764, 3.3836164], [-76.2375495, 3.3836531], [-76.2374209, 3.383628], [-76.2373362, 3.3835286], [-76.2370623, 3.3834633], [-76.236872, 3.3834735], [-76.2366775, 3.3835558], [-76.2361597, 3.3838392], [-76.235934, 3.3839312], [-76.2357391, 3.3840055], [-76.2353711, 3.384265], [-76.2353121, 3.3840523], [-76.2351877, 3.3815495], [-76.2347337, 3.3761936], [-76.2345462, 3.3732657], [-76.2345466, 3.3732656], [-76.23454, 3.3732571], [-76.2345356, 3.3732475], [-76.2345335, 3.3732315], [-76.2345357, 3.3732116], [-76.234539, 3.3732024], [-76.2345451, 3.3731931], [-76.234574, 3.373164], [-76.2345833, 3.3731518], [-76.2345911, 3.3731356], [-76.234597, 3.3731166], [-76.2345052, 3.3730883], [-76.2344598, 3.373113], [-76.2344075, 3.3731336], [-76.2343502, 3.3731495], [-76.2342909, 3.3731599], [-76.2342417, 3.3731654], [-76.234206, 3.373167], [-76.2341749, 3.3731652], [-76.2341481, 3.3731598], [-76.2341233, 3.37315], [-76.2340969, 3.3731345], [-76.2340711, 3.3731155], [-76.2340196, 3.3730735], [-76.2339918, 3.3730501], [-76.2339625, 3.3730221], [-76.2338698, 3.3729226], [-76.2338341, 3.3728868], [-76.2337931, 3.3728496], [-76.2337488, 3.3728125], [-76.2337006, 3.3727751], [-76.2336477, 3.3727365], [-76.2335481, 3.3726688], [-76.2333137, 3.372517], [-76.2332049, 3.372441], [-76.2331571, 3.3724047], [-76.2331132, 3.3723689], [-76.2330725, 3.3723333], [-76.2330347, 3.3722975], [-76.2329638, 3.3722253], [-76.2328949, 3.3721508], [-76.2327566, 3.3721292], [-76.2326885, 3.3720449], [-76.2324762, 3.3718046], [-76.2323432, 3.3715031], [-76.2322782, 3.3712154], [-76.2322056, 3.3709431], [-76.23213, 3.3702636], [-76.232165, 3.3695177], [-76.232317, 3.3688883], [-76.2325024, 3.3683039], [-76.2329351, 3.3668509], [-76.2350484, 3.3665194], [-76.2379247, 3.3718656], [-76.2380164, 3.3720361], [-76.2380057, 3.3720436], [-76.2380012, 3.3720464], [-76.2380115, 3.3720708], [-76.2380272, 3.3720532], [-76.2380558, 3.3720317], [-76.2380685, 3.3720161], [-76.238082, 3.3719935], [-76.2380872, 3.3719789], [-76.2380893, 3.3719603], [-76.2380844, 3.3718928], [-76.2380851, 3.3718712], [-76.2380874, 3.3718613], [-76.2380912, 3.3718534], [-76.2380965, 3.3718472], [-76.2381036, 3.3718428], [-76.2381274, 3.3718356], [-76.2381405, 3.3718349], [-76.2381554, 3.3718368], [-76.2381964, 3.37185], [-76.2382242, 3.3718609], [-76.2382416, 3.3718716], [-76.2382532, 3.3718846], [-76.2382583, 3.3718884], [-76.2382695, 3.3718905], [-76.2382892, 3.3718884], [-76.2383032, 3.3718855], [-76.2383182, 3.3718801], [-76.2383559, 3.3718597], [-76.238386, 3.3718391], [-76.2384107, 3.3718167], [-76.2384369, 3.3717849], [-76.2384454, 3.3717706], [-76.2384512, 3.371757], [-76.2384541, 3.371739], [-76.2384521, 3.3716979], [-76.2384537, 3.3716804], [-76.2384593, 3.3716571], [-76.2384656, 3.3716421], [-76.2384744, 3.3716307], [-76.2384873, 3.3716201], [-76.2385038, 3.3716105], [-76.2385323, 3.3715967], [-76.2385626, 3.3715831], [-76.2385847, 3.3715776], [-76.2385995, 3.3715767], [-76.2386109, 3.3715777], [-76.2386245, 3.3715839], [-76.2386369, 3.3715971], [-76.2386475, 3.3716151], [-76.2386656, 3.3716543], [-76.2386725, 3.371671], [-76.2386776, 3.3716905], [-76.2386885, 3.3717794], [-76.2386928, 3.3717996], [-76.2386987, 3.371817], [-76.2387086, 3.3718462], [-76.2387404, 3.3718354], [-76.2390156, 3.3724263], [-76.2396488, 3.3737637], [-76.2396488, 3.3737638], [-76.2413227, 3.3729396], [-76.2418353, 3.3726645], [-76.242226, 3.3725493], [-76.2422916, 3.3725285], [-76.2425773, 3.3724534], [-76.2428339, 3.3723844], [-76.243014, 3.372336], [-76.2432151, 3.3726987], [-76.2432295, 3.3727258], [-76.2434789, 3.3731957], [-76.2437901, 3.3737219], [-76.2443206, 3.3746936], [-76.2452874, 3.3764644], [-76.2453722, 3.3765777], [-76.2452097, 3.3766631], [-76.2419722, 3.3783287], [-76.2417647, 3.3784275], [-76.2430917, 3.3812474], [-76.2429083, 3.3813497], [-76.2429207, 3.3813624], [-76.2429289, 3.3813731], [-76.2429341, 3.3813836], [-76.2429365, 3.3813942], [-76.2429366, 3.3813951], [-76.2430023, 3.3814119], [-76.2430265, 3.3813843], [-76.2430528, 3.3813606], [-76.2430775, 3.3813446], [-76.2431062, 3.3813323], [-76.2431391, 3.3813237], [-76.2431766, 3.3813187], [-76.2432156, 3.3813172], [-76.2432603, 3.3813186], [-76.2434052, 3.3813323], [-76.2434842, 3.3813403], [-76.2435446, 3.3813501], [-76.2435973, 3.3813633], [-76.2436432, 3.3813803], [-76.2436606, 3.3813893], [-76.2436791, 3.3814014], [-76.2437564, 3.3814611], [-76.2437764, 3.3814728], [-76.2437955, 3.3814809], [-76.2438206, 3.381487], [-76.2438779, 3.3814944], [-76.2439002, 3.3815002], [-76.2439189, 3.3815086], [-76.2439589, 3.3815312], [-76.2439764, 3.3815385], [-76.2440135, 3.3815472], [-76.2440668, 3.381553], [-76.2441046, 3.3815544], [-76.2441463, 3.3815527], [-76.2441924, 3.381548], [-76.2442573, 3.3815388], [-76.2443365, 3.3815326], [-76.2443648, 3.3815284], [-76.2443929, 3.3815194], [-76.2444044, 3.3815131], [-76.2444144, 3.3815054], [-76.2444334, 3.381487], [-76.244443, 3.381472], [-76.2444478, 3.3814385], [-76.2444524, 3.3814281], [-76.2444599, 3.3814178], [-76.2444937, 3.3813854], [-76.244505, 3.3813715], [-76.2445136, 3.3813544], [-76.2445198, 3.3813331], [-76.2445298, 3.381258], [-76.2445352, 3.3812327], [-76.2445444, 3.3812109], [-76.2445576, 3.3811945], [-76.2445756, 3.3811807], [-76.2446004, 3.3811659], [-76.2446186, 3.3811572], [-76.2446398, 3.3811495], [-76.2447052, 3.3811325], [-76.2447452, 3.3811226], [-76.2447719, 3.3811182], [-76.2448028, 3.3811163], [-76.2448344, 3.3811173], [-76.2448657, 3.3811212], [-76.2448957, 3.3811279], [-76.2449141, 3.3811345], [-76.2449335, 3.3811447], [-76.2450118, 3.3812003], [-76.2450306, 3.3812113], [-76.2450479, 3.3812189], [-76.245086, 3.38123], [-76.2451272, 3.3812371], [-76.2451712, 3.3812401], [-76.2452174, 3.3812391], [-76.2452654, 3.381234], [-76.2453142, 3.3812248], [-76.2453628, 3.3812118], [-76.2454098, 3.3811953], [-76.2454477, 3.3811798], [-76.2454718, 3.3811667], [-76.2454894, 3.3811519], [-76.2455227, 3.3811144], [-76.2455385, 3.3810997], [-76.2455576, 3.3810869], [-76.2456013, 3.3810633], [-76.2456195, 3.381052], [-76.2456484, 3.3810284], [-76.2456772, 3.3809983], [-76.2457031, 3.380966], [-76.2457668, 3.3808801], [-76.2457865, 3.3808566], [-76.2458053, 3.3808368], [-76.2458444, 3.3808016], [-76.2459353, 3.3807275], [-76.2459721, 3.3806934], [-76.246002, 3.3806593], [-76.2460315, 3.3806177], [-76.2460573, 3.3805753], [-76.2461166, 3.3804707], [-76.2461496, 3.3804197], [-76.2461677, 3.3803958], [-76.2461861, 3.3803747], [-76.2462051, 3.380356], [-76.2462248, 3.3803396], [-76.2462534, 3.3803178], [-76.2462724, 3.3803061], [-76.246295, 3.3802983], [-76.2463565, 3.3802904], [-76.2463704, 3.380287], [-76.246382, 3.3802823], [-76.246397, 3.3802721], [-76.2464112, 3.3802574], [-76.2464248, 3.3802384], [-76.2464628, 3.3801772], [-76.246477, 3.3801606], [-76.2464916, 3.3801484], [-76.2465235, 3.3801299], [-76.2465583, 3.380115], [-76.2465967, 3.3801042], [-76.2466414, 3.3800967], [-76.246653, 3.3800863], [-76.2467662, 3.3800423], [-76.2468055, 3.380028], [-76.2469348, 3.3798737], [-76.2470203, 3.379984], [-76.2471222, 3.3801551], [-76.246244, 3.3809886], [-76.2453241, 3.3822054], [-76.2444216, 3.383414], [-76.2442129, 3.3836791], [-76.2441832, 3.3837229], [-76.243042, 3.3857499], [-76.2429852, 3.385729], [-76.2405175, 3.3847819], [-76.2380754, 3.3838655], [-76.2380742, 3.3838553], [-76.2380411, 3.3838462], [-76.2380233, 3.3838373], [-76.2379831, 3.3838086], [-76.2379638, 3.3837983], [-76.2379421, 3.3837936], [-76.2378842, 3.3837911], [-76.2378713, 3.3837871], [-76.2378626, 3.3837802], [-76.237855, 3.3837642], [-76.2378512, 3.3837398], [-76.2378311, 3.3837381], [-76.2378127, 3.3837348], [-76.2378081, 3.3837337], [-76.2377455, 3.3837204], [-76.2377275, 3.3837139], [-76.2377137, 3.3837059], [-76.2376925, 3.3837019], [-76.2376808, 3.3836969], [-76.2376686, 3.3836886], [-76.2376242, 3.3836451], [-76.2376033, 3.3836301], [-76.2375764, 3.3836164]], [[-76.2390905, 3.3816103], [-76.2390909, 3.3816179], [-76.2390952, 3.3816061], [-76.2390905, 3.3816103]], [[-76.2345844, 3.3732332], [-76.234583, 3.3732332], [-76.2345651, 3.3732353], [-76.2345543, 3.3732409], [-76.2345515, 3.3732451], [-76.2345505, 3.3732502], [-76.2345534, 3.3732633], [-76.2346294, 3.3732374], [-76.2345844, 3.3732332]], [[-76.236705, 3.3716036], [-76.2367052, 3.3716038], [-76.236705, 3.3716036], [-76.2367044, 3.3716023], [-76.2367039, 3.3716032], [-76.2367037, 3.3716027], [-76.2367039, 3.3716032], [-76.2367046, 3.3716052], [-76.2367063, 3.3716118], [-76.2367069, 3.3716149], [-76.2367046, 3.3716052], [-76.236705, 3.3716036]]]}}, {"type": "Feature", "properties": {"OBJECTID": 435, "SECTOR_SAP": "2109", "Shape_Leng": 5150.40911732, "Shape_Area": 864213.981929, "Sector": 2109, "Empresa": "Agricola Castilla", "Departamen": "Valle", "Jefe_zona": "Carlos Lucumi", "Tipo_predi": "A", "Nombre": "POTRERILLO", "PIE_LOMA": "PIE LOMA", "Supervisor": "Edwin J. Villacorte", "Municipio": "Florida", "EMPRESA_2": "Agricola Castilla", "zonas_abra": "Carlos Lucumi"}, "geometry": {"type": "Polygon", "coordinates": [[[-76.2472225, 3.3707515], [-76.2458673, 3.3682177], [-76.2456342, 3.3684174], [-76.2454762, 3.3684229], [-76.2453451, 3.3684912], [-76.2450826, 3.3684618], [-76.2448141, 3.3685149], [-76.2445093, 3.3684436], [-76.2441308, 3.3685603], [-76.2437096, 3.3686925], [-76.2436836, 3.3689216], [-76.2434294, 3.3693532], [-76.2431835, 3.3695916], [-76.2430103, 3.3694681], [-76.2427884, 3.3696096], [-76.2424741, 3.3693374], [-76.242108, 3.3695404], [-76.2415882, 3.3698745], [-76.2414162, 3.369654], [-76.2402011, 3.3674016], [-76.2398172, 3.3666899], [-76.239334, 3.3657941], [-76.2372726, 3.3661135], [-76.2356171, 3.3631032], [-76.2356724, 3.3630369], [-76.2364032, 3.3632082], [-76.2369743, 3.3632167], [-76.237202, 3.3632386], [-76.2374413, 3.3632637], [-76.2378649, 3.3634531], [-76.2380768, 3.363482], [-76.2382304, 3.3634342], [-76.238415, 3.3633327], [-76.2386264, 3.3631954], [-76.2388467, 3.3630909], [-76.2390312, 3.3629864], [-76.2392277, 3.3629178], [-76.239761, 3.362687], [-76.240013, 3.3626051], [-76.2404035, 3.3625504], [-76.2407201, 3.3625722], [-76.2411089, 3.3626625], [-76.2411499, 3.3626648], [-76.2412064, 3.3626972], [-76.2415418, 3.3628166], [-76.2426081, 3.3630674], [-76.2429764, 3.3629507], [-76.2433359, 3.3628746], [-76.2441499, 3.3628342], [-76.245383, 3.3624841], [-76.2455348, 3.3627833], [-76.2455399, 3.3627827], [-76.2456453, 3.3627701], [-76.2458403, 3.3626835], [-76.2463709, 3.3624479], [-76.2468185, 3.3622947], [-76.2469261, 3.3624174], [-76.2470243, 3.3625295], [-76.2470823, 3.3626054], [-76.2478264, 3.3627397], [-76.2480383, 3.3625736], [-76.2481564, 3.3625301], [-76.2487876, 3.3627736], [-76.2491409, 3.3631655], [-76.2494003, 3.3634517], [-76.2494704, 3.3635571], [-76.2495946, 3.3636515], [-76.2496689, 3.363708], [-76.2497905, 3.3638005], [-76.2498206, 3.3638233], [-76.2498705, 3.3639537], [-76.2499211, 3.3640857], [-76.2498613, 3.3641943], [-76.2495705, 3.3641611], [-76.2494248, 3.3644458], [-76.2494223, 3.3645584], [-76.2494206, 3.3645668], [-76.2494205, 3.3646359], [-76.2494177, 3.3647631], [-76.2494171, 3.3647905], [-76.2494434, 3.3648019], [-76.249449, 3.3648044], [-76.2498562, 3.3647401], [-76.2502312, 3.3647781], [-76.2504274, 3.3649113], [-76.2504404, 3.3650822], [-76.2504398, 3.3650828], [-76.2503877, 3.3651267], [-76.2502546, 3.3652389], [-76.250166, 3.3652885], [-76.2500814, 3.3653359], [-76.2498564, 3.3654617], [-76.2495108, 3.365378], [-76.2494955, 3.3653728], [-76.2494955, 3.3653743], [-76.2494837, 3.3653714], [-76.2494759, 3.3656674], [-76.2494153, 3.3658434], [-76.2492473, 3.3658359], [-76.2492235, 3.3658171], [-76.2487147, 3.3654171], [-76.2486898, 3.3654248], [-76.2486522, 3.3654365], [-76.2486451, 3.3654336], [-76.2484711, 3.3654723], [-76.2484719, 3.3654923], [-76.2484524, 3.3654984], [-76.2484671, 3.3655635], [-76.2484729, 3.3655892], [-76.2487306, 3.3658412], [-76.248756, 3.365866], [-76.2487143, 3.3659581], [-76.2486326, 3.3661383], [-76.2483739, 3.3660886], [-76.2484517, 3.3663487], [-76.2485202, 3.3666025], [-76.2493412, 3.3696439], [-76.249286, 3.3696683], [-76.249236, 3.3696935], [-76.2491528, 3.3697355], [-76.2487858, 3.3699209], [-76.2481038, 3.3702919], [-76.2480875, 3.3703254], [-76.248081, 3.3703352], [-76.2480408, 3.3703552], [-76.2472225, 3.3707515]]]}}, {"type": "Feature", "properties": {"OBJECTID": 440, "SECTOR_SAP": "Piña", "Shape_Leng": 1927.47269103, "Shape_Area": 229955.339198, "Sector": 0, "Empresa": "Bengala Propio", "Departamen": "Cauca", "Jefe_zona": "", "Tipo_predi": "C", "Nombre": "REPORTE PIÑA", "PIE_LOMA": "PLANO", "Supervisor": "", "Municipio": "Miranda", "EMPRESA_2": "", "zonas_abra": "Edgar Benitez"}, "geometry": {"type": "Polygon", "coordinates": [[[-76.2548984, 3.2578532], [-76.2546011, 3.262394], [-76.2540639, 3.2622929], [-76.2520206, 3.2619059], [-76.2504208, 3.2616565], [-76.2503229, 3.2580024], [-76.2503187, 3.257653], [-76.2503936, 3.2576527], [-76.2548984, 3.2578532]]]}}, {"type": "Feature", "properties": {"OBJECTID": 442, "SECTOR_SAP": "Piña", "Shape_Leng": 5128.97315299, "Shape_Area": 727672.37195, "Sector": 0, "Empresa": "Bengala Propio", "Departamen": "Valle", "Jefe_zona": "", "Tipo_predi": "A", "Nombre": "POTRERILLO PIÑA", "PIE_LOMA": "PIÑA", "Supervisor": "", "Municipio": "Pradera", "EMPRESA_2": "", "zonas_abra": "Carlos Lucumi"}, "geometry": {"type": "Polygon", "coordinates": [[[-76.2390156, 3.3724263], [-76.2387404, 3.3718354], [-76.2386447, 3.3715392], [-76.2387161, 3.3714915], [-76.2386068, 3.3715044], [-76.2385805, 3.3715101], [-76.2385585, 3.3715178], [-76.2385398, 3.3715284], [-76.2385217, 3.3715433], [-76.2385041, 3.3715628], [-76.2384868, 3.3715871], [-76.2384572, 3.3716398], [-76.2383962, 3.3717681], [-76.2383803, 3.3717959], [-76.2383651, 3.3718175], [-76.2383476, 3.371836], [-76.2383297, 3.3718479], [-76.2383111, 3.3718534], [-76.2382916, 3.3718525], [-76.2382798, 3.3718486], [-76.2382664, 3.3718411], [-76.2382201, 3.3718059], [-76.238202, 3.3717942], [-76.2381841, 3.3717869], [-76.2381678, 3.3717854], [-76.2381525, 3.3717877], [-76.238137, 3.3717919], [-76.2381227, 3.3717976], [-76.2381107, 3.3718045], [-76.2380975, 3.3718162], [-76.2380853, 3.3718326], [-76.2380741, 3.3718537], [-76.238063, 3.371881], [-76.23806, 3.3718928], [-76.2380587, 3.3719068], [-76.2380607, 3.37197], [-76.2380583, 3.3719842], [-76.2380534, 3.3719958], [-76.2380378, 3.3720166], [-76.2380164, 3.3720361], [-76.2379247, 3.3718656], [-76.2350484, 3.3665194], [-76.2329351, 3.3668509], [-76.2329583, 3.3667575], [-76.2330961, 3.3653543], [-76.232909, 3.3650233], [-76.2324415, 3.364004], [-76.2323774, 3.3637943], [-76.2324319, 3.3636209], [-76.2333106, 3.3625936], [-76.2335882, 3.3624296], [-76.2341558, 3.3625378], [-76.2342933, 3.3625304], [-76.2346941, 3.3626902], [-76.2349028, 3.3628282], [-76.2351605, 3.362889], [-76.2356171, 3.3631032], [-76.2372726, 3.3661135], [-76.239334, 3.3657941], [-76.2414162, 3.369654], [-76.2414627, 3.3696846], [-76.2415003, 3.3697128], [-76.2415308, 3.36974], [-76.2415547, 3.3697667], [-76.2415725, 3.3697935], [-76.2415839, 3.3698204], [-76.2415892, 3.3698473], [-76.2415882, 3.3698745], [-76.2415848, 3.3698936], [-76.2416712, 3.3697944], [-76.242108, 3.3695404], [-76.2424741, 3.3693374], [-76.2427884, 3.3696096], [-76.2430103, 3.3694681], [-76.2431835, 3.3695916], [-76.2434294, 3.3693532], [-76.2436836, 3.3689216], [-76.2437096, 3.3686925], [-76.2441308, 3.3685603], [-76.2445093, 3.3684436], [-76.2448141, 3.3685149], [-76.2450826, 3.3684618], [-76.2453451, 3.3684912], [-76.2454762, 3.3684229], [-76.2456342, 3.3684174], [-76.2458673, 3.3682177], [-76.2472225, 3.3707515], [-76.2434704, 3.3725686], [-76.2432395, 3.3726895], [-76.2432151, 3.3726987], [-76.2432225, 3.3727129], [-76.2432136, 3.3727148], [-76.243014, 3.372336], [-76.2428339, 3.3723844], [-76.242226, 3.3725493], [-76.2418353, 3.3726645], [-76.2413227, 3.3729396], [-76.2399684, 3.3736064], [-76.2396488, 3.3737637], [-76.2396403, 3.3737679], [-76.2390156, 3.3724263]]]}}, {"type": "Feature", "properties": {"OBJECTID": 484, "SECTOR_SAP": "Piña", "Shape_Leng": 1504.9792997, "Shape_Area": 63474.0982615, "Sector": 0, "Empresa": "Bengala Propio", "Departamen": "Valle", "Jefe_zona": "", "Tipo_predi": "PIÑA", "Nombre": "PLANTA BENGALA", "PIE_LOMA": "PLANO", "Supervisor": "", "Municipio": "Pradera", "EMPRESA_2": "", "zonas_abra": ""}, "geometry": {"type": "Polygon", "coordinates": [[[-76.2792572, 3.3719857], [-76.2791123, 3.3717314], [-76.2791235, 3.3716377], [-76.2791865, 3.3714564], [-76.2796486, 3.3709846], [-76.280527, 3.3702464], [-76.2809729, 3.3697483], [-76.2814822, 3.3692289], [-76.2819113, 3.3687422], [-76.2823906, 3.3683586], [-76.282484, 3.3682877], [-76.2840193, 3.3688643], [-76.2827215, 3.3702854], [-76.2821555, 3.3697733], [-76.2814814, 3.3702052], [-76.2813006, 3.3703368], [-76.2809178, 3.3707166], [-76.2795256, 3.372298], [-76.2792572, 3.3719857]]]}}, {"type": "Feature", "properties": {"OBJECTID": 605, "SECTOR_SAP": "2114", "Shape_Leng": 42.9035904505, "Shape_Area": 58.8343550013, "Sector": 2114, "Empresa": "Agricola Castilla", "Departamen": "Cauca", "Jefe_zona": "Edgar Benitez", "Tipo_predi": "B", "Nombre": "BOTERO", "PIE_LOMA": "PIE LOMA", "Supervisor": "Milton C. Mejia", "Municipio": "Miranda", "EMPRESA_2": "Agricola Castilla", "zonas_abra": "Edgar Benitez"}, "geometry": {"type": "Polygon", "coordinates": [[[-76.2467756, 3.2751107], [-76.2469457, 3.2750611], [-76.2468991, 3.275131], [-76.2467756, 3.2751107]]]}}, {"type": "Feature", "properties": {"OBJECTID": 606, "SECTOR_SAP": "Piña", "Shape_Leng": 2296.73348193, "Shape_Area": 152296.393283, "Sector": 0, "Empresa": "Bengala Propio", "Departamen": "Cauca", "Jefe_zona": "", "Tipo_predi": "B", "Nombre": "BOTERO PIÑA", "PIE_LOMA": "PIÑA", "Supervisor": "", "Municipio": "Miranda", "EMPRESA_2": "", "zonas_abra": "Edgar Benitez"}, "geometry": {"type": "Polygon", "coordinates": [[[-76.243371, 3.2763362], [-76.2432911, 3.2758638], [-76.2427802, 3.2753618], [-76.2425654, 3.2752225], [-76.2422738, 3.2751804], [-76.2419143, 3.2752949], [-76.2419098, 3.2743955], [-76.2434385, 3.2746436], [-76.2490763, 3.2754912], [-76.249882, 3.2756531], [-76.2498816, 3.2760805], [-76.2496389, 3.2764761], [-76.2501235, 3.2766288], [-76.2500324, 3.2769028], [-76.2499325, 3.2771204], [-76.2497311, 3.2770527], [-76.2494873, 3.2770654], [-76.2493124, 3.2771162], [-76.2491752, 3.2771896], [-76.2488778, 3.277364], [-76.2483491, 3.2775953], [-76.248187, 3.2776392], [-76.2480646, 3.2776495], [-76.247902, 3.2776766], [-76.2477297, 3.2775744], [-76.247611, 3.2774319], [-76.2473878, 3.277118], [-76.2472119, 3.2769136], [-76.2469141, 3.2767091], [-76.2466297, 3.2766408], [-76.2463495, 3.2765942], [-76.2459864, 3.2765603], [-76.2458278, 3.276649], [-76.2456709, 3.2767764], [-76.2455888, 3.2767463], [-76.2455454, 3.2767082], [-76.2456393, 3.2764869], [-76.2455592, 3.2763785], [-76.2453639, 3.2762762], [-76.2450142, 3.2762054], [-76.2447304, 3.2762502], [-76.2442523, 3.2763849], [-76.2439013, 3.2763395], [-76.2435727, 3.2763242], [-76.243371, 3.2763362]]]}}, {"type": "Feature", "properties": {"OBJECTID": 607, "SECTOR_SAP": "Piña", "Shape_Leng": 2192.90947879, "Shape_Area": 111477.460328, "Sector": 0, "Empresa": "Bengala Propio", "Departamen": "Cauca", "Jefe_zona": "", "Tipo_predi": "B", "Nombre": "BOTERO PIÑA", "PIE_LOMA": "PIÑA", "Supervisor": "", "Municipio": "Miranda", "EMPRESA_2": "", "zonas_abra": "Edgar Benitez"}, "geometry": {"type": "Polygon", "coordinates": [[[-76.2380357, 3.2750057], [-76.2380002, 3.275437], [-76.2377995, 3.2753332], [-76.2375917, 3.2752729], [-76.2373083, 3.2753385], [-76.2370899, 3.2756222], [-76.2369981, 3.2758711], [-76.2368593, 3.2760695], [-76.2367967, 3.2762054], [-76.2366921, 3.276433], [-76.2365859, 3.2766225], [-76.2365144, 3.2767158], [-76.2363677, 3.276736], [-76.2361331, 3.2766459], [-76.2358287, 3.2764207], [-76.2357422, 3.2763086], [-76.2355523, 3.2761849], [-76.2353846, 3.2762521], [-76.2352675, 3.2764486], [-76.2352367, 3.2765412], [-76.2354174, 3.2770385], [-76.2353743, 3.2771636], [-76.2352943, 3.2772293], [-76.235149, 3.277292], [-76.2350421, 3.2773058], [-76.2348649, 3.2772334], [-76.2349549, 3.2759233], [-76.2350365, 3.2744969], [-76.2351007, 3.2743541], [-76.2352877, 3.2739724], [-76.2355013, 3.2733303], [-76.2356119, 3.2723284], [-76.235774, 3.2707794], [-76.2372547, 3.2708571], [-76.2371398, 3.2714819], [-76.2369089, 3.2715397], [-76.2368185, 3.2721851], [-76.2368151, 3.2721848], [-76.236747, 3.2726992], [-76.2366625, 3.2732444], [-76.2366317, 3.2734813], [-76.2364135, 3.2734564], [-76.2364211, 3.2737387], [-76.2364017, 3.2742057], [-76.2363453, 3.2747754], [-76.2374572, 3.2748653], [-76.2377047, 3.2749182], [-76.2378221, 3.2749878], [-76.2379891, 3.2750239], [-76.2380357, 3.2750057]]]}}, {"type": "Feature", "properties": {"OBJECTID": 608, "SECTOR_SAP": "Piña", "Shape_Leng": 815.762079114, "Shape_Area": 37824.6647041, "Sector": 0, "Empresa": "Bengala Propio", "Departamen": "Cauca", "Jefe_zona": "", "Tipo_predi": "PIÑA", "Nombre": "BOTERO PIÑA", "PIE_LOMA": "PIÑA", "Supervisor": "", "Municipio": "Miranda", "EMPRESA_2": "", "zonas_abra": "Edgar Benitez"}, "geometry": {"type": "Polygon", "coordinates": [[[-76.2392521, 3.2719759], [-76.239413, 3.2712143], [-76.2419056, 3.2712363], [-76.2420189, 3.2712934], [-76.2419849, 3.2714451], [-76.2419228, 3.2715187], [-76.2418385, 3.271673], [-76.2417012, 3.2725797], [-76.2400502, 3.2724434], [-76.2397977, 3.2723921], [-76.2394879, 3.2722206], [-76.2392521, 3.2719759]]]}}, {"type": "Feature", "properties": {"OBJECTID": 610, "SECTOR_SAP": "Piña", "Shape_Leng": 1785.50979618, "Shape_Area": 188941.020621, "Sector": 0, "Empresa": "Bengala Propio", "Departamen": "Valle", "Jefe_zona": "", "Tipo_predi": "A", "Nombre": "POTRERILLO PIÑA", "PIE_LOMA": "PIÑA", "Supervisor": "", "Municipio": "Pradera", "EMPRESA_2": "", "zonas_abra": "Carlos Lucumi"}, "geometry": {"type": "Polygon", "coordinates": [[[-76.2431291, 3.3813029], [-76.2431733, 3.3814268], [-76.2431702, 3.3814279], [-76.2431256, 3.3813045], [-76.2431002, 3.3813186], [-76.2430849, 3.381332], [-76.24305, 3.3813715], [-76.2430393, 3.3813801], [-76.2430287, 3.3813855], [-76.2430107, 3.3813905], [-76.2429906, 3.3813932], [-76.2429719, 3.3813931], [-76.2429573, 3.3813902], [-76.2429539, 3.3813879], [-76.2429538, 3.3813844], [-76.2429629, 3.3813731], [-76.2430385, 3.3813145], [-76.2430692, 3.3812866], [-76.2430855, 3.3812656], [-76.2430898, 3.3812561], [-76.2430917, 3.3812474], [-76.2417647, 3.3784275], [-76.2418191, 3.3784107], [-76.2450078, 3.3767538], [-76.2452744, 3.3766132], [-76.246847, 3.3795006], [-76.2469339, 3.3797027], [-76.2469392, 3.3797095], [-76.2469507, 3.3797302], [-76.2469582, 3.3797526], [-76.2469602, 3.3797665], [-76.2469601, 3.3797823], [-76.2469534, 3.3798244], [-76.2469461, 3.3798491], [-76.2469344, 3.3798735], [-76.2469183, 3.3798978], [-76.2468975, 3.379922], [-76.2468729, 3.3799457], [-76.2468432, 3.3799702], [-76.2468086, 3.3799955], [-76.246758, 3.38003], [-76.2467099, 3.3800591], [-76.2466532, 3.3800873], [-76.2466337, 3.380095], [-76.246611, 3.3801017], [-76.246532, 3.3801184], [-76.2465031, 3.3801259], [-76.2464758, 3.3801364], [-76.2464532, 3.3801493], [-76.2464318, 3.3801677], [-76.2463883, 3.3802161], [-76.2463674, 3.3802354], [-76.2463395, 3.3802535], [-76.2462686, 3.3802886], [-76.2462388, 3.380307], [-76.2462089, 3.3803333], [-76.2461804, 3.3803673], [-76.246154, 3.3804067], [-76.2461053, 3.3804898], [-76.2460837, 3.3805239], [-76.2460589, 3.3805573], [-76.2460338, 3.3805844], [-76.246003, 3.3806102], [-76.2459909, 3.3806226], [-76.2459804, 3.3806394], [-76.2459575, 3.3806896], [-76.2459423, 3.3807105], [-76.2459225, 3.3807317], [-76.2458464, 3.3807968], [-76.2458193, 3.3808234], [-76.2458035, 3.3808426], [-76.2457872, 3.3808653], [-76.2457357, 3.3809473], [-76.2457148, 3.3809779], [-76.2456911, 3.3810065], [-76.2456668, 3.381029], [-76.2456496, 3.3810408], [-76.2456056, 3.381066], [-76.2455858, 3.3810816], [-76.245576, 3.381093], [-76.2455542, 3.3811255], [-76.2455429, 3.381139], [-76.2455211, 3.3811576], [-76.2454951, 3.3811744], [-76.2454655, 3.3811891], [-76.2454333, 3.3812011], [-76.2453966, 3.3812093], [-76.2453381, 3.3812154], [-76.245276, 3.3812198], [-76.2452208, 3.3812204], [-76.2451703, 3.3812173], [-76.2451238, 3.3812104], [-76.2450601, 3.3811942], [-76.2450001, 3.381172], [-76.2449769, 3.3811595], [-76.2449218, 3.3811225], [-76.2449057, 3.3811146], [-76.2448906, 3.3811097], [-76.2448734, 3.3811069], [-76.2448535, 3.3811059], [-76.2447906, 3.3811096], [-76.2447105, 3.3811136], [-76.2446649, 3.3811188], [-76.2446259, 3.3811285], [-76.2446096, 3.3811351], [-76.2445954, 3.3811429], [-76.2445821, 3.3811529], [-76.24457, 3.3811656], [-76.2445588, 3.381181], [-76.2445482, 3.3811995], [-76.2445319, 3.3812372], [-76.2444975, 3.3813336], [-76.244487, 3.3813573], [-76.2444761, 3.3813773], [-76.2444314, 3.3814572], [-76.244416, 3.3814773], [-76.2443998, 3.381492], [-76.2443797, 3.3815038], [-76.2443545, 3.3815131], [-76.2443258, 3.3815201], [-76.2442713, 3.3815302], [-76.244189, 3.3815431], [-76.2441513, 3.3815463], [-76.2441155, 3.3815473], [-76.2440816, 3.3815462], [-76.2440494, 3.3815429], [-76.244019, 3.3815375], [-76.2439903, 3.3815299], [-76.2439518, 3.3815163], [-76.2439189, 3.3815012], [-76.2438992, 3.3814875], [-76.2438547, 3.3814475], [-76.2438415, 3.3814391], [-76.2438285, 3.3814341], [-76.2438155, 3.3814319], [-76.2437762, 3.3814293], [-76.2437556, 3.3814236], [-76.2437337, 3.3814138], [-76.2436595, 3.3813678], [-76.2436286, 3.3813526], [-76.2435834, 3.381337], [-76.2435343, 3.3813238], [-76.2434813, 3.381313], [-76.2434239, 3.3813045], [-76.2433058, 3.3812888], [-76.2432384, 3.3812846], [-76.2432069, 3.3812856], [-76.2431785, 3.3812889], [-76.2431526, 3.3812947], [-76.2431291, 3.3813029]]]}}, {"type": "Feature", "properties": {"OBJECTID": 641, "SECTOR_SAP": "", "Shape_Leng": 122.258506313, "Shape_Area": 609.909599372, "Sector": 9999, "Empresa": "Agricola Castilla", "Departamen": "Valle", "Jefe_zona": "", "Tipo_predi": "", "Nombre": "", "PIE_LOMA": "", "Supervisor": "", "Municipio": "", "EMPRESA_2": "", "zonas_abra": ""}, "geometry": {"type": "Polygon", "coordinates": [[[-76.2325491, 3.39103], [-76.2329726, 3.3910798], [-76.2325802, 3.391268], [-76.2325491, 3.39103]]]}}]}